date,included,reason
2017-10-01,False,неполное окно или пропуск
2017-10-02,True,полные общие сутки
2017-10-03,True,полные общие сутки
2017-10-04,True,полные общие сутки
2017-10-05,False,неполное окно или пропуск
2017-10-06,False,неполное окно или пропуск
2017-10-07,True,полные общие сутки
2017-10-08,True,полные общие сутки
2017-10-09,True,полные общие сутки
2017-10-10,True,полные общие сутки
2017-10-11,True,полные общие сутки
2017-10-12,False,неполное окно или пропуск
2017-10-13,False,неполное окно или пропуск
2017-10-14,False,неполное окно или пропуск
2017-10-15,True,полные общие сутки
2017-10-16,True,полные общие сутки
2017-10-17,True,полные общие сутки
2017-10-18,True,полные общие сутки
2017-10-19,True,полные общие сутки
2017-10-20,True,полные общие сутки
2017-10-21,True,полные общие сутки
2017-10-22,True,полные общие сутки
2017-10-23,False,неполное окно или пропуск
2017-10-24,False,неполное окно или пропуск
2017-10-25,True,полные общие сутки
2017-10-26,True,полные общие сутки
2017-10-27,True,полные общие сутки
2017-10-28,True,полные общие сутки
2017-10-29,True,полные общие сутки
2017-10-30,True,полные общие сутки
2017-10-31,False,неполное окно или пропуск
