date,pair,lag_hours
2017-10-02,D1 → D2,3.36372084
2017-10-03,D1 → D2,3.76612763
2017-10-04,D1 → D2,3.34490578
2017-10-07,D1 → D2,4.38502714
2017-10-08,D1 → D2,4.38599389
2017-10-09,D1 → D2,4.32045087
2017-10-10,D1 → D2,4.43118369
2017-10-11,D1 → D2,4.52471137
2017-10-15,D1 → D2,4.47641149
2017-10-16,D1 → D2,4.59168068
2017-10-17,D1 → D2,3.84621639
2017-10-18,D1 → D2,4.36281874
2017-10-19,D1 → D2,3.66749658
2017-10-20,D1 → D2,4.54051448
2017-10-21,D1 → D2,4.53996755
2017-10-22,D1 → D2,4.52355909
2017-10-25,D1 → D2,4.27558916
2017-10-26,D1 → D2,4.14832251
2017-10-27,D1 → D2,3.91169822
2017-10-28,D1 → D2,4.47886299
2017-10-29,D1 → D2,4.42423672
2017-10-30,D1 → D2,4.24138332
2017-10-02,D2 → D3,4.32002619
2017-10-03,D2 → D3,3.03000789
2017-10-04,D2 → D3,1.78589083
2017-10-07,D2 → D3,3.52391097
2017-10-08,D2 → D3,3.90025957
2017-10-09,D2 → D3,3.64394263
2017-10-10,D2 → D3,3.55637253
2017-10-11,D2 → D3,3.70796917
2017-10-15,D2 → D3,3.72885442
2017-10-16,D2 → D3,3.71148356
2017-10-17,D2 → D3,4.05696580
2017-10-18,D2 → D3,3.22832308
2017-10-19,D2 → D3,3.61877554
2017-10-20,D2 → D3,3.75917465
2017-10-21,D2 → D3,3.68148619
2017-10-22,D2 → D3,3.85347118
2017-10-25,D2 → D3,3.95915560
2017-10-26,D2 → D3,3.98178607
2017-10-27,D2 → D3,3.89458098
2017-10-28,D2 → D3,3.85921755
2017-10-29,D2 → D3,3.64292668
2017-10-30,D2 → D3,4.42537292
2017-10-02,D1 → D3,7.68374703
2017-10-03,D1 → D3,6.79613551
2017-10-04,D1 → D3,5.13079662
2017-10-07,D1 → D3,7.90893811
2017-10-08,D1 → D3,8.28625346
2017-10-09,D1 → D3,7.96439350
2017-10-10,D1 → D3,7.98755623
2017-10-11,D1 → D3,8.23268054
2017-10-15,D1 → D3,8.20526591
2017-10-16,D1 → D3,8.30316424
2017-10-17,D1 → D3,7.90318219
2017-10-18,D1 → D3,7.59114182
2017-10-19,D1 → D3,7.28627213
2017-10-20,D1 → D3,8.29968913
2017-10-21,D1 → D3,8.22145374
2017-10-22,D1 → D3,8.37703027
2017-10-25,D1 → D3,8.23474476
2017-10-26,D1 → D3,8.13010858
2017-10-27,D1 → D3,7.80627919
2017-10-28,D1 → D3,8.33808054
2017-10-29,D1 → D3,8.06716340
2017-10-30,D1 → D3,8.66675624
