sensorid,start,end,seconds,diagnostic_limit_s
1275,2025-06-18 07:15:33,2025-06-18 15:16:28,28855.00000000002,10799.999999997544
1275,2025-07-24 08:31:28.000000001,2025-07-25 09:44:23,90774.99999999895,10799.999999997544
1275,2025-07-29 12:02:39,2025-07-30 13:43:56.000000001,92477.00000000096,10799.999999997544
1275,2025-08-11 13:26:21,2025-08-13 08:46:24,156003.00000000035,10799.999999997544
1275,2025-10-03 09:18:39,2025-10-03 15:04:00,20720.99999999855,10799.999999997544
1275,2025-11-18 10:11:04,2025-11-19 15:10:50,104386.00000000151,10799.999999997544
1275,2026-05-11 09:11:04.000000004,2026-05-11 14:10:49.999999996,17985.999999996602,10799.999999997544
996,2025-05-02 05:45:00.999999999,2025-05-02 06:15:00,1798.9999999999966,1350.000000000614
996,2025-05-04 12:45:00,2025-05-04 13:15:00,1799.9999999999745,1350.000000000614
996,2025-05-10 02:30:01,2025-05-10 03:00:00,1799.000000000035,1350.000000000614
996,2025-05-13 03:45:01,2025-05-13 04:15:00,1799.000000000035,1350.000000000614
996,2025-05-14 02:45:00,2025-05-14 03:15:00,1799.9999999998977,1350.000000000614
996,2025-05-18 03:45:00.999999999,2025-05-18 04:15:00,1799.000000000035,1350.000000000614
996,2025-05-19 15:30:01,2025-05-19 16:00:01,1799.9999999998977,1350.000000000614
996,2025-05-21 03:15:01,2025-05-21 03:45:00.999999999,1799.9999999998977,1350.000000000614
996,2025-05-22 18:45:00.999999999,2025-05-22 19:15:00,1799.000000000035,1350.000000000614
996,2025-05-27 13:45:01,2025-05-27 14:15:00.999999999,1799.9999999998977,1350.000000000614
996,2025-05-28 01:15:00,2025-05-28 01:45:01,1801.0000000000673,1350.000000000614
996,2025-05-29 02:15:00,2025-05-29 02:45:01,1801.0000000000673,1350.000000000614
996,2025-05-30 04:00:00,2025-05-30 04:30:00.999999999,1800.9999999997603,1350.000000000614
996,2025-06-02 12:00:00.999999999,2025-06-02 12:30:01,1800.0000000002046,1350.000000000614
996,2025-06-02 15:30:00,2025-06-02 16:00:00,1799.9999999995907,1350.000000000614
996,2025-06-03 22:15:01,2025-06-03 22:45:01,1800.0000000002046,1350.000000000614
996,2025-06-05 07:15:01,2025-06-05 07:45:00,1798.999999999728,1350.000000000614
996,2025-06-13 15:15:00,2025-06-13 15:45:00,1800.0000000002046,1350.000000000614
996,2025-06-17 05:15:00,2025-06-17 05:45:01,1801.0000000000673,1350.000000000614
996,2025-06-18 14:45:01,2025-06-18 15:15:01.000000001,1800.0000000002046,1350.000000000614
996,2025-06-21 07:00:00,2025-06-21 07:30:00,1800.0000000002046,1350.000000000614
996,2025-06-23 03:15:00,2025-06-23 03:45:01,1801.0000000000673,1350.000000000614
996,2025-06-24 02:00:01,2025-06-24 02:30:01.000000001,1800.0000000002046,1350.000000000614
996,2025-06-24 03:00:00,2025-06-24 03:30:00,1800.0000000002046,1350.000000000614
996,2025-06-25 23:30:01.000000001,2025-06-26 00:00:01,1799.9999999995907,1350.000000000614
996,2025-06-26 05:45:00,2025-06-26 06:15:01.000000001,1801.0000000000673,1350.000000000614
996,2025-06-30 12:00:00,2025-06-30 12:30:01,1801.0000000000673,1350.000000000614
996,2025-07-02 16:45:01,2025-07-02 17:15:00,1799.000000000342,1350.000000000614
996,2025-07-03 22:00:01,2025-07-03 22:30:00,1799.000000000342,1350.000000000614
996,2025-07-10 07:15:00,2025-07-10 07:45:01,1801.0000000000673,1350.000000000614
996,2025-07-14 08:45:00,2025-07-14 09:15:00,1800.0000000008185,1350.000000000614
996,2025-07-20 16:15:00,2025-07-20 16:45:00,1800.0000000008185,1350.000000000614
996,2025-07-24 15:45:01.000000001,2025-07-24 16:15:01,1799.9999999995907,1350.000000000614
996,2025-07-25 13:00:00,2025-07-25 13:30:00,1799.9999999995907,1350.000000000614
996,2025-07-26 16:30:00,2025-07-26 17:00:01,1801.0000000000673,1350.000000000614
996,2025-07-28 10:00:00,2025-07-28 10:30:00,1799.9999999995907,1350.000000000614
996,2025-07-29 14:45:00,2025-07-29 15:15:00,1800.0000000008185,1350.000000000614
996,2025-08-02 02:30:00,2025-08-02 03:00:01.000000001,1801.0000000000673,1350.000000000614
996,2025-08-03 15:45:00,2025-08-03 16:15:00,1799.9999999995907,1350.000000000614
996,2025-08-04 04:30:01.000000002,2025-08-04 05:00:00,1798.9999999991142,1350.000000000614
996,2025-08-06 01:00:00,2025-08-06 01:30:00,1799.9999999995907,1350.000000000614
996,2025-08-07 14:30:00,2025-08-07 15:00:01.000000002,1801.0000000000673,1350.000000000614
996,2025-08-11 16:00:00,2025-08-11 16:30:01.000000002,1801.0000000000673,1350.000000000614
996,2025-08-13 02:00:01,2025-08-13 02:30:01,1799.9999999995907,1350.000000000614
996,2025-08-16 08:15:01.000000002,2025-08-16 08:45:00,1798.9999999991142,1350.000000000614
996,2025-08-21 16:45:00,2025-08-21 17:15:00,1799.9999999995907,1350.000000000614
996,2025-08-24 20:15:00,2025-08-24 20:45:01,1801.0000000000673,1350.000000000614
996,2025-08-26 22:15:00,2025-08-26 22:45:00,1800.0000000008185,1350.000000000614
996,2025-08-30 22:15:00,2025-08-30 22:45:01,1801.0000000000673,1350.000000000614
996,2025-09-01 02:30:00,2025-09-01 03:00:01.000000002,1801.0000000000673,1350.000000000614
996,2025-09-01 13:00:00,2025-09-01 13:30:00,1799.9999999995907,1350.000000000614
996,2025-09-04 04:15:00,2025-09-04 04:45:01,1800.9999999988395,1350.000000000614
996,2025-09-04 13:30:01.000000002,2025-09-04 14:00:00.999999998,1799.999999998363,1350.000000000614
996,2025-09-11 22:00:01,2025-09-11 22:30:00,1799.000000000342,1350.000000000614
996,2025-09-20 02:45:00.999999998,2025-09-20 03:15:00,1799.000000000342,1350.000000000614
996,2025-09-21 00:00:00,2025-09-21 00:30:00,1800.0000000008185,1350.000000000614
996,2025-09-28 04:00:01,2025-09-28 04:30:01.000000002,1800.0000000008185,1350.000000000614
996,2025-09-30 02:30:00,2025-09-30 03:00:01.000000002,1801.0000000012951,1350.000000000614
996,2025-10-05 02:15:01.000000002,2025-10-05 02:45:00.999999998,1799.999999998363,1350.000000000614
996,2025-10-05 03:30:00,2025-10-05 04:00:01,1800.9999999988395,1350.000000000614
996,2025-10-05 15:45:00,2025-10-05 16:15:00.999999998,1800.9999999988395,1350.000000000614
996,2025-10-05 23:00:00,2025-10-05 23:30:01,1800.9999999988395,1350.000000000614
996,2025-10-06 15:00:00,2025-10-06 15:30:00,1800.0000000008185,1350.000000000614
996,2025-10-07 06:45:00,2025-10-07 07:15:00.999999998,1800.9999999988395,1350.000000000614
996,2025-10-09 19:00:00,2025-10-09 19:30:01.000000002,1801.0000000012951,1350.000000000614
996,2025-10-15 13:15:00.999999998,2025-10-15 13:45:01,1800.0000000008185,1350.000000000614
996,2025-10-15 14:15:00,2025-10-15 14:45:00,1800.0000000008185,1350.000000000614
996,2025-10-15 19:30:01.000000002,2025-10-15 20:00:00,1799.000000000342,1350.000000000614
996,2025-10-17 22:00:00,2025-10-17 22:30:01.000000002,1801.0000000012951,1350.000000000614
996,2025-10-18 09:45:00,2025-10-18 10:15:00,1800.0000000008185,1350.000000000614
996,2025-10-24 21:45:00,2025-10-24 22:15:00,1800.0000000008185,1350.000000000614
996,2025-10-27 08:30:00,2025-10-27 09:00:00,1800.0000000008185,1350.000000000614
996,2025-10-27 13:15:00,2025-10-27 13:45:00,1799.999999998363,1350.000000000614
996,2025-10-28 02:30:00.999999998,2025-10-28 03:00:00,1799.000000000342,1350.000000000614
996,2025-11-02 05:00:00.999999998,2025-11-02 05:30:00,1799.000000000342,1350.000000000614
996,2025-11-02 20:30:00,2025-11-02 21:00:01.000000002,1801.0000000012951,1350.000000000614
996,2025-11-03 16:15:00,2025-11-03 16:45:00.999999998,1800.9999999988395,1350.000000000614
996,2025-11-09 07:45:00.999999996,2025-11-09 08:15:01,1800.0000000008185,1350.000000000614
996,2025-11-09 15:45:01,2025-11-09 16:15:00.999999996,1799.999999998363,1350.000000000614
996,2025-11-10 15:00:01,2025-11-10 15:30:00,1799.000000000342,1350.000000000614
996,2025-11-13 14:30:00,2025-11-13 15:00:01,1801.0000000012951,1350.000000000614
996,2025-11-16 23:15:00,2025-11-16 23:45:00.999999996,1800.9999999988395,1350.000000000614
996,2025-11-17 03:00:01,2025-11-17 03:30:00,1799.000000000342,1350.000000000614
996,2025-11-19 17:15:00,2025-11-19 17:45:02,1801.999999999316,1350.000000000614
996,2025-11-22 19:00:00.999999996,2025-11-22 19:30:00,1799.000000000342,1350.000000000614
996,2025-11-27 06:45:01,2025-11-27 07:15:00,1799.000000000342,1350.000000000614
996,2025-12-04 03:30:00.999999996,2025-12-04 04:00:00.999999996,1800.0000000008185,1350.000000000614
996,2025-12-06 05:15:00,2025-12-06 05:45:00,1800.0000000008185,1350.000000000614
996,2025-12-09 01:00:00,2025-12-09 01:30:00,1800.0000000008185,1350.000000000614
996,2025-12-14 14:45:00,2025-12-14 15:15:00,1799.999999998363,1350.000000000614
996,2025-12-15 17:45:00,2025-12-15 18:15:00.999999996,1800.9999999988395,1350.000000000614
996,2025-12-19 04:00:00,2025-12-19 04:30:00,1800.0000000008185,1350.000000000614
996,2025-12-19 06:45:00,2025-12-19 07:15:00,1800.0000000008185,1350.000000000614
996,2025-12-19 16:30:01,2025-12-19 17:00:00,1799.000000000342,1350.000000000614
996,2025-12-22 07:15:00,2025-12-22 07:45:00.999999996,1800.9999999988395,1350.000000000614
996,2025-12-23 01:00:00.999999996,2025-12-23 01:30:00,1799.000000000342,1350.000000000614
996,2025-12-23 02:00:00,2025-12-23 02:30:00,1799.999999998363,1350.000000000614
996,2025-12-24 15:45:00,2025-12-24 16:15:00,1800.0000000008185,1350.000000000614
996,2025-12-25 12:00:00,2025-12-25 12:30:00,1800.0000000008185,1350.000000000614
996,2025-12-25 20:30:00.999999996,2025-12-25 21:00:00,1799.000000000342,1350.000000000614
996,2025-12-28 09:30:00,2025-12-28 10:00:00.999999996,1800.9999999988395,1350.000000000614
996,2025-12-30 05:30:00,2025-12-30 06:00:01,1801.0000000012951,1350.000000000614
996,2026-01-01 04:00:00,2026-01-01 04:30:01,1801.0000000012951,1350.000000000614
996,2026-01-01 15:30:00,2026-01-01 16:00:00.999999996,1800.9999999988395,1350.000000000614
996,2026-01-04 03:30:00,2026-01-04 04:00:00.999999996,1800.9999999988395,1350.000000000614
996,2026-01-06 17:45:00.999999996,2026-01-06 18:15:00.999999996,1800.0000000008185,1350.000000000614
996,2026-01-07 02:45:00.999999996,2026-01-07 03:15:00,1799.000000000342,1350.000000000614
996,2026-01-07 12:30:00.999999996,2026-01-07 13:00:00.999999996,1800.0000000008185,1350.000000000614
996,2026-01-07 16:45:00,2026-01-07 17:15:00,1800.0000000008185,1350.000000000614
996,2026-01-07 17:45:00.999999996,2026-01-07 18:15:00.999999996,1800.0000000008185,1350.000000000614
996,2026-01-09 09:45:00,2026-01-09 10:15:00,1800.0000000008185,1350.000000000614
996,2026-01-10 20:00:00,2026-01-10 20:30:00,1800.0000000032742,1350.000000000614
996,2026-01-11 03:00:00.999999996,2026-01-11 03:30:00,1799.000000000342,1350.000000000614
996,2026-01-13 17:00:00,2026-01-13 17:30:00,1800.0000000032742,1350.000000000614
996,2026-01-21 08:00:00,2026-01-21 08:30:00.999999996,1801.0000000012951,1350.000000000614
996,2026-01-26 05:30:00,2026-01-26 06:00:00.999999996,1800.9999999963838,1350.000000000614
996,2026-01-26 16:15:01,2026-01-26 16:45:00.999999996,1799.999999998363,1350.000000000614
996,2026-01-28 03:00:00.999999996,2026-01-28 03:30:00,1799.000000000342,1350.000000000614
996,2026-02-01 02:30:00.999999996,2026-02-01 03:00:00,1799.000000000342,1350.000000000614
996,2026-02-03 16:00:00.999999996,2026-02-03 16:30:00.999999996,1799.999999998363,1350.000000000614
996,2026-02-04 05:45:01,2026-02-04 06:15:00.999999996,1799.999999998363,1350.000000000614
996,2026-02-04 15:15:00,2026-02-04 15:45:00,1799.999999998363,1350.000000000614
996,2026-02-07 09:00:00.999999996,2026-02-07 09:30:01,1800.0000000032742,1350.000000000614
996,2026-02-09 00:00:00,2026-02-09 00:30:00,1799.999999998363,1350.000000000614
996,2026-02-11 08:15:00.999999996,2026-02-11 08:45:00,1799.000000000342,1350.000000000614
996,2026-02-13 10:15:00,2026-02-13 10:45:00,1800.0000000032742,1350.000000000614
996,2026-02-13 14:45:01,2026-02-13 15:15:00.999999996,1799.999999998363,1350.000000000614
996,2026-02-24 02:45:00,2026-02-24 03:15:00,1800.0000000032742,1350.000000000614
996,2026-02-26 23:00:01,2026-02-26 23:30:00,1799.000000000342,1350.000000000614
996,2026-02-27 03:30:01,2026-02-27 04:00:00.999999996,1799.999999998363,1350.000000000614
996,2026-02-27 17:15:00,2026-02-27 17:45:00,1799.999999998363,1350.000000000614
996,2026-03-02 10:00:00,2026-03-02 10:30:00,1799.999999998363,1350.000000000614
996,2026-03-06 14:15:00,2026-03-06 14:45:01,1801.0000000012951,1350.000000000614
996,2026-03-11 08:30:00.999999996,2026-03-11 09:45:02.000000004,4501.000000001295,1350.000000000614
996,2026-03-11 17:00:01,2026-03-11 17:30:00,1799.000000000342,1350.000000000614
996,2026-03-13 20:45:01,2026-03-13 21:15:00,1799.000000000342,1350.000000000614
996,2026-03-18 13:30:00,2026-03-18 14:00:01,1801.0000000012951,1350.000000000614
996,2026-03-23 00:15:00.999999996,2026-03-23 00:45:00,1799.000000000342,1350.000000000614
996,2026-03-24 07:30:00,2026-03-24 08:00:01,1801.0000000012951,1350.000000000614
996,2026-03-24 22:30:00.999999996,2026-03-24 23:00:00,1799.000000000342,1350.000000000614
996,2026-03-25 09:15:00.999999996,2026-03-25 09:45:00,1799.000000000342,1350.000000000614
996,2026-03-31 03:30:01,2026-03-31 04:00:00,1799.000000000342,1350.000000000614
996,2026-04-01 09:15:00.999999996,2026-04-01 09:45:00.999999996,1799.999999998363,1350.000000000614
996,2026-04-05 15:45:00,2026-04-05 16:15:00.999999996,1801.0000000012951,1350.000000000614
996,2026-04-07 14:45:00,2026-04-07 15:15:00,1800.0000000032742,1350.000000000614
996,2026-04-08 09:15:00.999999996,2026-04-08 09:45:00.999999996,1799.999999998363,1350.000000000614
996,2026-04-09 11:30:00,2026-04-09 12:00:00,1799.999999998363,1350.000000000614
996,2026-04-09 18:30:00.999999996,2026-04-09 19:00:00.999999996,1799.999999998363,1350.000000000614
996,2026-04-13 14:15:00,2026-04-13 14:45:00.999999996,1801.0000000012951,1350.000000000614
996,2026-04-13 15:15:00.999999996,2026-04-13 15:45:00.999999996,1799.999999998363,1350.000000000614
996,2026-04-17 14:45:00,2026-04-17 15:15:00,1800.0000000032742,1350.000000000614
996,2026-04-22 15:45:00,2026-04-22 16:15:00.999999996,1801.0000000012951,1350.000000000614
996,2026-04-23 01:00:00,2026-04-23 01:30:00.999999996,1800.9999999963838,1350.000000000614
996,2026-04-25 23:15:00.999999996,2026-04-25 23:45:00.999999996,1800.0000000032742,1350.000000000614
996,2026-04-26 00:30:00.999999996,2026-04-26 01:00:00,1799.000000000342,1350.000000000614
996,2026-04-29 03:15:00.999999996,2026-04-29 03:45:00,1799.000000000342,1350.000000000614
996,2026-04-29 04:45:00,2026-04-29 05:15:00,1799.999999998363,1350.000000000614
996,2026-04-29 09:15:00,2026-04-29 09:45:00,1799.999999998363,1350.000000000614
996,2026-05-04 20:15:00.999999996,2026-05-04 20:45:00,1799.000000000342,1350.000000000614
996,2026-05-08 06:00:00,2026-05-08 06:30:00,1799.999999998363,1350.000000000614
996,2026-05-10 19:15:00,2026-05-10 19:45:00.999999996,1801.0000000012951,1350.000000000614
996,2026-05-12 00:15:00,2026-05-12 00:45:00,1799.999999998363,1350.000000000614
996,2026-05-13 09:15:00.999999996,2026-05-13 09:45:00,1799.000000000342,1350.000000000614
996,2026-05-16 08:15:00,2026-05-16 08:45:00.999999996,1801.0000000012951,1350.000000000614
996,2026-05-17 02:15:00.999999996,2026-05-17 02:45:00.999999996,1800.0000000032742,1350.000000000614
996,2026-05-17 16:15:00,2026-05-17 16:45:00,1800.0000000032742,1350.000000000614
996,2026-05-18 20:45:00,2026-05-18 21:15:00,1800.0000000032742,1350.000000000614
996,2026-05-20 09:15:00,2026-05-20 09:45:00.999999996,1800.9999999963838,1350.000000000614
996,2026-05-23 14:15:01,2026-05-23 14:45:00,1799.000000000342,1350.000000000614
996,2026-06-02 00:30:00,2026-06-02 01:00:00,1800.0000000032742,1350.000000000614
996,2026-06-03 09:15:00,2026-06-03 09:45:00,1799.999999998363,1350.000000000614
996,2026-06-03 20:00:01,2026-06-03 20:30:01,1799.999999998363,1350.000000000614
996,2026-06-06 17:15:00,2026-06-06 17:45:00,1799.999999998363,1350.000000000614
996,2026-06-08 17:15:00,2026-06-08 17:45:00,1799.999999998363,1350.000000000614
996,2026-06-10 09:15:00,2026-06-10 09:45:01,1800.9999999963838,1350.000000000614
996,2026-06-14 23:00:00,2026-06-14 23:30:01,1801.0000000012951,1350.000000000614
996,2026-06-15 19:15:01,2026-06-15 19:45:00,1799.000000000342,1350.000000000614
996,2026-06-16 14:00:01,2026-06-16 14:30:00,1799.000000000342,1350.000000000614
996,2026-06-17 20:45:01,2026-06-17 21:15:00,1799.000000000342,1350.000000000614
996,2026-06-18 08:00:01,2026-06-18 08:30:01,1799.999999998363,1350.000000000614
996,2026-06-21 14:45:00,2026-06-21 15:15:00,1800.0000000032742,1350.000000000614
996,2026-06-24 20:15:00,2026-06-24 20:45:00,1799.999999998363,1350.000000000614
996,2026-06-28 18:15:00,2026-06-28 18:45:00,1799.999999998363,1350.000000000614
996,2026-07-01 05:30:01,2026-07-01 06:00:01,1799.999999998363,1350.000000000614
996,2026-07-05 02:45:01,2026-07-05 03:15:01,1799.999999998363,1350.000000000614
996,2026-07-05 07:45:00,2026-07-05 08:15:00,1799.999999998363,1350.000000000614
996,2026-07-05 21:15:01,2026-07-05 21:45:01,1799.999999998363,1350.000000000614
996,2026-07-11 04:30:01,2026-07-11 05:00:00,1799.000000000342,1350.000000000614
996,2026-07-13 22:30:01,2026-07-13 23:00:00,1799.000000000342,1350.000000000614
996,2026-07-15 09:15:00,2026-07-15 09:45:01,1800.9999999963838,1350.000000000614
996,2026-07-17 15:45:01,2026-07-17 16:15:00,1799.000000000342,1350.000000000614
996,2026-07-21 19:15:01,2026-07-21 19:45:00,1799.000000000342,1350.000000000614
996,2026-07-21 22:00:01,2026-07-21 22:30:00,1799.000000000342,1350.000000000614
996,2026-07-22 09:15:00,2026-07-22 09:45:01,1800.9999999963838,1350.000000000614
996,2026-07-27 20:00:01,2026-07-27 20:30:00,1799.000000000342,1350.000000000614
996,2026-07-28 20:45:00,2026-07-28 21:15:00,1800.0000000032742,1350.000000000614
996,2026-07-29 07:15:00,2026-07-29 07:45:00,1800.0000000032742,1350.000000000614
996,2026-08-03 05:30:00,2026-08-03 06:00:01,1800.9999999963838,1350.000000000614
996,2026-08-08 04:15:00,2026-08-08 04:45:01,1801.0000000012951,1350.000000000614
996,2026-08-08 13:45:01,2026-08-08 14:15:00,1799.000000000342,1350.000000000614
996,2026-08-08 20:30:00,2026-08-08 21:00:00,1799.999999998363,1350.000000000614
996,2026-08-12 09:15:00,2026-08-12 09:45:01,1800.9999999963838,1350.000000000614
996,2026-08-13 00:15:00,2026-08-13 00:45:00,1799.999999998363,1350.000000000614
996,2026-08-19 09:15:01,2026-08-19 09:45:01,1799.999999998363,1350.000000000614
996,2026-08-22 08:30:00,2026-08-22 09:00:01,1800.9999999963838,1350.000000000614
996,2026-08-24 14:00:01,2026-08-24 14:30:01,1799.999999998363,1350.000000000614
996,2026-08-25 18:45:00,2026-08-25 19:15:01,1801.0000000012951,1350.000000000614
996,2026-08-26 08:00:01,2026-08-26 08:30:00,1799.000000000342,1350.000000000614
996,2026-08-26 09:15:01,2026-08-26 09:45:01,1799.999999998363,1350.000000000614
996,2026-08-28 07:15:00,2026-08-28 07:45:01,1801.0000000012951,1350.000000000614
996,2026-09-05 07:00:01,2026-09-05 07:30:00,1799.000000000342,1350.000000000614
996,2026-09-06 00:45:00,2026-09-06 01:15:00,1799.999999998363,1350.000000000614
996,2026-09-06 03:30:01,2026-09-06 04:00:01,1799.999999998363,1350.000000000614
996,2026-09-07 05:30:00,2026-09-07 06:00:01,1800.9999999963838,1350.000000000614
996,2026-09-10 17:15:00,2026-09-10 17:45:01,1801.0000000012951,1350.000000000614
996,2026-09-12 10:00:00,2026-09-12 10:30:01,1800.9999999963838,1350.000000000614
996,2026-09-16 09:15:01,2026-09-16 09:45:01,1799.999999998363,1350.000000000614
996,2026-09-19 04:30:01,2026-09-19 05:00:01,1800.0000000032742,1350.000000000614
996,2026-09-19 06:00:01,2026-09-19 06:30:00,1799.000000000342,1350.000000000614
996,2026-09-20 04:15:01,2026-09-20 04:45:00,1799.000000000342,1350.000000000614
996,2026-09-25 02:45:00,2026-09-25 03:15:00,1799.9999999934516,1350.000000000614
996,2026-09-25 08:30:00,2026-09-25 09:00:01,1801.0000000012951,1350.000000000614
996,2026-09-25 15:15:00,2026-09-25 15:45:00,1800.0000000032742,1350.000000000614
996,2026-09-27 01:15:01,2026-09-27 01:45:01.000000008,1800.0000000032742,1350.000000000614
996,2026-09-29 05:00:01,2026-09-29 05:30:01.000000008,1800.0000000032742,1350.000000000614
996,2026-09-30 09:15:00,2026-09-30 09:45:00,1800.0000000032742,1350.000000000614
1012,2025-05-06 04:00:00,2025-05-06 04:30:01,1800.9999999999905,1350.000000000614
1012,2025-05-08 10:00:00,2025-05-08 10:30:01,1801.0000000000673,1350.000000000614
1012,2025-05-18 06:15:00,2025-05-18 06:45:00.999999999,1800.9999999997603,1350.000000000614
1012,2025-05-21 00:15:00,2025-05-21 00:45:00,1799.9999999998977,1350.000000000614
1012,2025-05-21 12:45:00.999999999,2025-05-21 13:15:01,1800.0000000002046,1350.000000000614
1012,2025-05-23 16:15:00,2025-05-23 16:45:00,1800.0000000002046,1350.000000000614
1012,2025-05-25 13:00:01,2025-05-25 13:30:00,1799.000000000035,1350.000000000614
1012,2025-05-27 10:15:01,2025-05-27 10:45:00,1799.000000000035,1350.000000000614
1012,2025-05-31 11:00:00,2025-05-31 11:30:00,1799.9999999995907,1350.000000000614
1012,2025-06-01 18:15:01,2025-06-01 18:45:00,1798.999999999728,1350.000000000614
1012,2025-06-03 12:45:00,2025-06-03 13:15:00,1800.0000000002046,1350.000000000614
1012,2025-06-03 14:00:01,2025-06-03 14:30:00,1798.999999999728,1350.000000000614
1012,2025-06-05 00:00:00,2025-06-05 00:30:00,1800.0000000002046,1350.000000000614
1012,2025-06-06 04:30:00.999999999,2025-06-06 05:00:01,1800.0000000002046,1350.000000000614
1012,2025-06-07 14:15:00,2025-06-07 14:45:00,1800.0000000002046,1350.000000000614
1012,2025-06-07 18:45:00.999999999,2025-06-07 19:15:01,1800.0000000002046,1350.000000000614
1012,2025-06-12 21:45:00,2025-06-12 22:15:00,1800.0000000002046,1350.000000000614
1012,2025-06-13 14:00:00,2025-06-13 14:30:01,1801.0000000000673,1350.000000000614
1012,2025-06-20 06:45:01,2025-06-20 07:15:00,1799.000000000342,1350.000000000614
1012,2025-06-20 10:45:00,2025-06-20 11:15:01,1801.0000000000673,1350.000000000614
1012,2025-06-21 16:30:00,2025-06-21 17:00:01,1801.0000000000673,1350.000000000614
1012,2025-06-23 12:30:01,2025-06-23 13:00:01.000000001,1800.0000000002046,1350.000000000614
1012,2025-06-23 13:45:00,2025-06-23 14:15:00,1800.0000000002046,1350.000000000614
1012,2025-06-24 12:45:01,2025-06-24 13:15:00,1799.000000000342,1350.000000000614
1012,2025-06-27 05:00:01,2025-06-27 05:30:01.000000001,1800.0000000002046,1350.000000000614
1012,2025-06-27 17:00:00,2025-06-27 17:30:01.000000001,1801.0000000000673,1350.000000000614
1012,2025-06-28 19:15:01,2025-06-28 19:45:00,1798.999999999728,1350.000000000614
1012,2025-07-03 18:15:01,2025-07-03 18:45:00,1799.000000000342,1350.000000000614
1012,2025-07-06 17:15:00,2025-07-06 17:45:01,1801.0000000000673,1350.000000000614
1012,2025-07-08 13:45:01,2025-07-08 14:15:01.000000001,1800.0000000008185,1350.000000000614
1012,2025-07-10 08:00:01,2025-07-10 08:30:00,1799.000000000342,1350.000000000614
1012,2025-07-11 00:15:00,2025-07-11 00:45:01.000000001,1801.0000000000673,1350.000000000614
1012,2025-07-11 22:00:00,2025-07-11 22:30:00,1799.9999999995907,1350.000000000614
1012,2025-07-12 02:45:00,2025-07-12 03:15:01,1801.0000000000673,1350.000000000614
1012,2025-07-13 10:00:00,2025-07-13 10:30:00,1799.9999999995907,1350.000000000614
1012,2025-07-14 23:30:01,2025-07-15 00:00:00,1799.000000000342,1350.000000000614
1012,2025-07-16 09:30:01,2025-07-16 10:00:00,1799.000000000342,1350.000000000614
1012,2025-07-18 19:00:01,2025-07-18 19:30:00,1799.000000000342,1350.000000000614
1012,2025-07-19 07:45:00,2025-07-19 08:15:01.000000001,1801.0000000000673,1350.000000000614
1012,2025-07-23 13:15:00,2025-07-23 13:45:00,1800.0000000008185,1350.000000000614
1012,2025-07-23 15:45:00,2025-07-23 16:15:01,1801.0000000000673,1350.000000000614
1012,2025-07-24 12:45:00,2025-07-24 13:15:01,1801.0000000000673,1350.000000000614
1012,2025-07-24 20:30:01,2025-07-24 21:00:01.000000001,1800.0000000008185,1350.000000000614
1012,2025-07-25 09:45:00,2025-07-25 10:15:01,1801.0000000000673,1350.000000000614
1012,2025-07-27 17:00:01,2025-07-27 17:30:01,1799.9999999995907,1350.000000000614
1012,2025-07-28 08:15:01.000000001,2025-07-28 08:45:00,1798.9999999991142,1350.000000000614
1012,2025-07-29 08:45:00,2025-07-29 09:15:01,1801.0000000000673,1350.000000000614
1012,2025-07-30 19:45:01,2025-07-30 20:15:01.000000001,1800.0000000008185,1350.000000000614
1012,2025-07-31 09:30:01,2025-07-31 10:00:00,1799.000000000342,1350.000000000614
1012,2025-08-02 09:45:00,2025-08-02 10:15:00,1799.9999999995907,1350.000000000614
1012,2025-08-04 00:30:01,2025-08-04 01:00:01,1799.9999999995907,1350.000000000614
1012,2025-08-06 05:30:00,2025-08-06 06:00:00,1799.9999999995907,1350.000000000614
1012,2025-08-08 01:30:00,2025-08-08 02:00:00,1799.9999999995907,1350.000000000614
1012,2025-08-09 02:00:01,2025-08-09 02:30:00,1799.000000000342,1350.000000000614
1012,2025-08-10 02:15:01.000000002,2025-08-10 02:45:01,1799.9999999995907,1350.000000000614
1012,2025-08-12 18:15:01,2025-08-12 18:45:00,1799.000000000342,1350.000000000614
1012,2025-08-12 20:45:01,2025-08-12 21:15:00,1799.000000000342,1350.000000000614
1012,2025-08-15 10:15:01,2025-08-15 10:45:00,1799.000000000342,1350.000000000614
1012,2025-08-18 20:00:01,2025-08-18 20:30:00,1799.000000000342,1350.000000000614
1012,2025-08-20 08:45:00,2025-08-20 09:15:01,1801.0000000000673,1350.000000000614
1012,2025-08-21 01:30:01.000000002,2025-08-21 02:00:01,1799.9999999995907,1350.000000000614
1012,2025-08-29 18:30:00,2025-08-29 19:00:00,1800.0000000008185,1350.000000000614
1012,2025-08-30 14:45:00,2025-08-30 15:15:01,1801.0000000000673,1350.000000000614
1012,2025-09-03 05:00:01,2025-09-03 05:30:01,1799.9999999995907,1350.000000000614
1012,2025-09-03 14:15:00,2025-09-03 14:45:00,1799.9999999995907,1350.000000000614
1012,2025-09-07 16:15:00,2025-09-07 16:45:01,1800.9999999988395,1350.000000000614
1012,2025-09-10 20:30:00,2025-09-10 21:00:00,1800.0000000008185,1350.000000000614
1012,2025-09-15 11:15:00,2025-09-15 11:45:00,1800.0000000008185,1350.000000000614
1012,2025-09-18 00:00:01.000000002,2025-09-18 00:30:00,1799.000000000342,1350.000000000614
1012,2025-09-22 05:00:00,2025-09-22 05:30:00,1799.999999998363,1350.000000000614
1012,2025-09-27 08:15:00,2025-09-27 08:45:00,1800.0000000008185,1350.000000000614
1012,2025-09-28 05:30:00,2025-09-28 06:00:01.000000002,1801.0000000012951,1350.000000000614
1012,2025-10-03 01:45:01,2025-10-03 02:15:00,1799.000000000342,1350.000000000614
1012,2025-10-15 23:45:00.999999998,2025-10-16 00:15:00,1799.000000000342,1350.000000000614
1012,2025-10-19 09:00:01.000000002,2025-10-19 09:30:00,1799.000000000342,1350.000000000614
1012,2025-10-23 04:30:01.000000002,2025-10-23 05:00:00,1799.000000000342,1350.000000000614
1012,2025-10-25 09:00:00,2025-10-25 09:30:00.999999998,1800.9999999988395,1350.000000000614
1012,2025-10-30 08:00:00,2025-10-30 08:30:00.999999998,1800.9999999988395,1350.000000000614
1012,2025-10-31 20:45:00,2025-10-31 21:15:00,1799.999999998363,1350.000000000614
1012,2025-10-31 21:45:00,2025-10-31 22:15:00,1800.0000000008185,1350.000000000614
1012,2025-11-04 22:45:00,2025-11-04 23:15:01.000000002,1801.0000000012951,1350.000000000614
1012,2025-11-05 09:00:00,2025-11-05 09:30:00.999999998,1800.9999999988395,1350.000000000614
1012,2025-11-11 02:00:00.999999996,2025-11-11 02:30:00,1799.000000000342,1350.000000000614
1012,2025-11-12 06:45:01,2025-11-12 07:15:00,1799.000000000342,1350.000000000614
1012,2025-11-17 02:45:00,2025-11-17 03:15:00.999999996,1800.9999999988395,1350.000000000614
1012,2025-11-17 13:15:00,2025-11-17 13:45:00.999999996,1800.9999999988395,1350.000000000614
1012,2025-11-20 21:45:01,2025-11-20 22:15:00.999999996,1799.999999998363,1350.000000000614
1012,2025-11-24 21:45:00,2025-11-24 22:15:00.999999996,1800.9999999988395,1350.000000000614
1012,2025-11-28 10:45:00.999999996,2025-11-28 11:15:01,1800.0000000008185,1350.000000000614
1012,2025-11-29 07:15:00,2025-11-29 07:45:00,1799.999999998363,1350.000000000614
1012,2025-12-03 20:15:00,2025-12-03 20:45:00,1800.0000000008185,1350.000000000614
1012,2025-12-05 01:00:00,2025-12-05 01:30:01,1801.0000000012951,1350.000000000614
1012,2025-12-05 04:00:00,2025-12-05 04:30:01,1801.0000000012951,1350.000000000614
1012,2025-12-10 03:45:00,2025-12-10 04:15:00.999999996,1800.9999999988395,1350.000000000614
1012,2025-12-10 14:30:00.999999996,2025-12-10 15:00:00,1799.000000000342,1350.000000000614
1012,2025-12-13 20:30:00.999999996,2025-12-13 21:00:00,1799.000000000342,1350.000000000614
1012,2025-12-16 09:00:00,2025-12-16 09:30:00.999999996,1800.9999999988395,1350.000000000614
1012,2025-12-19 22:00:00.999999996,2025-12-19 22:30:00,1799.000000000342,1350.000000000614
1012,2025-12-20 03:30:00.999999996,2025-12-20 04:00:00.999999996,1800.0000000008185,1350.000000000614
1012,2025-12-21 09:45:01,2025-12-21 10:15:00,1799.000000000342,1350.000000000614
1012,2025-12-26 15:45:01,2025-12-26 16:15:00.999999996,1799.999999998363,1350.000000000614
1012,2025-12-27 19:00:00.999999996,2025-12-27 19:30:01,1800.0000000008185,1350.000000000614
1012,2025-12-28 22:30:00,2025-12-28 23:00:00,1800.0000000008185,1350.000000000614
1012,2026-01-04 10:00:00.999999996,2026-01-04 10:30:01,1800.0000000008185,1350.000000000614
1012,2026-01-08 22:15:00,2026-01-08 22:45:00,1799.999999998363,1350.000000000614
1012,2026-01-09 07:30:00,2026-01-09 08:00:00,1800.0000000008185,1350.000000000614
1012,2026-01-11 13:30:00.999999996,2026-01-11 14:00:00,1799.000000000342,1350.000000000614
1012,2026-01-13 21:45:00.999999996,2026-01-13 22:15:01,1800.0000000032742,1350.000000000614
1012,2026-01-15 01:30:00,2026-01-15 02:00:01,1801.0000000012951,1350.000000000614
1012,2026-01-15 11:30:00.999999996,2026-01-15 12:00:00,1799.000000000342,1350.000000000614
1012,2026-01-16 21:15:00,2026-01-16 21:45:00,1799.999999998363,1350.000000000614
1012,2026-01-19 15:00:00.999999996,2026-01-19 15:30:00,1799.000000000342,1350.000000000614
1012,2026-01-21 03:30:00,2026-01-21 04:00:00.999999996,1801.0000000012951,1350.000000000614
1012,2026-01-21 06:30:01,2026-01-21 07:00:00,1799.000000000342,1350.000000000614
1012,2026-01-22 20:30:00.999999996,2026-01-22 21:00:00,1799.000000000342,1350.000000000614
1012,2026-01-23 18:00:00,2026-01-23 18:30:01,1801.0000000012951,1350.000000000614
1012,2026-01-30 20:00:00,2026-01-30 20:30:00,1800.0000000032742,1350.000000000614
1012,2026-01-31 11:00:00,2026-01-31 11:30:00.999999996,1801.0000000012951,1350.000000000614
1012,2026-02-02 03:15:00.999999996,2026-02-02 03:45:00.999999996,1799.999999998363,1350.000000000614
1012,2026-02-04 13:00:00,2026-02-04 13:30:00.999999996,1800.9999999963838,1350.000000000614
1012,2026-02-04 15:15:00,2026-02-04 15:45:00,1799.999999998363,1350.000000000614
1012,2026-02-07 02:15:00,2026-02-07 02:45:00,1799.999999998363,1350.000000000614
1012,2026-02-10 18:30:01,2026-02-10 19:00:00,1799.000000000342,1350.000000000614
1012,2026-02-13 00:15:00.999999996,2026-02-13 00:45:00,1799.000000000342,1350.000000000614
1012,2026-02-14 04:15:01,2026-02-14 04:45:00.999999996,1799.999999998363,1350.000000000614
1012,2026-02-15 18:30:01,2026-02-15 19:00:00.999999996,1799.999999998363,1350.000000000614
1012,2026-02-17 05:30:00,2026-02-17 06:00:00.999999996,1800.9999999963838,1350.000000000614
1012,2026-02-18 10:15:00,2026-02-18 10:45:00.999999996,1801.0000000012951,1350.000000000614
1012,2026-02-19 05:00:00,2026-02-19 05:30:00,1800.0000000032742,1350.000000000614
1012,2026-02-23 16:30:00.999999996,2026-02-23 17:00:00,1799.000000000342,1350.000000000614
1012,2026-03-03 02:45:01,2026-03-03 03:15:00,1799.000000000342,1350.000000000614
1012,2026-03-04 19:30:00,2026-03-04 20:00:01,1801.0000000012951,1350.000000000614
1012,2026-03-11 08:30:00.999999996,2026-03-11 09:45:02.000000004,4501.000000001295,1350.000000000614
1012,2026-03-12 17:45:01,2026-03-12 18:15:00,1799.000000000342,1350.000000000614
1012,2026-03-14 09:45:00,2026-03-14 10:15:01,1801.0000000012951,1350.000000000614
1012,2026-03-14 22:30:00,2026-03-14 23:00:00,1799.999999998363,1350.000000000614
1012,2026-03-25 00:00:00,2026-03-25 00:30:01,1801.0000000012951,1350.000000000614
1012,2026-03-25 09:15:00.999999996,2026-03-25 09:45:00,1799.000000000342,1350.000000000614
1012,2026-03-25 17:00:00,2026-03-25 17:30:00,1800.0000000032742,1350.000000000614
1012,2026-03-26 02:45:00,2026-03-26 03:15:00.999999996,1801.0000000012951,1350.000000000614
1012,2026-03-31 03:00:00.999999996,2026-03-31 03:30:01,1800.0000000032742,1350.000000000614
1012,2026-03-31 11:45:00,2026-03-31 12:15:00,1800.0000000032742,1350.000000000614
1012,2026-04-01 09:15:00.999999996,2026-04-01 09:45:00.999999996,1799.999999998363,1350.000000000614
1012,2026-04-04 01:30:00.999999996,2026-04-04 02:00:01,1800.0000000032742,1350.000000000614
1012,2026-04-08 09:15:00.999999996,2026-04-08 09:45:00.999999996,1799.999999998363,1350.000000000614
1012,2026-04-10 08:45:00,2026-04-10 09:15:00,1800.0000000032742,1350.000000000614
1012,2026-04-10 14:15:00,2026-04-10 14:45:00,1799.999999998363,1350.000000000614
1012,2026-04-12 15:15:00,2026-04-12 15:45:00.999999996,1800.9999999963838,1350.000000000614
1012,2026-04-15 19:00:00.999999996,2026-04-15 19:30:00,1799.000000000342,1350.000000000614
1012,2026-04-18 01:15:00.999999996,2026-04-18 01:45:00.999999996,1799.999999998363,1350.000000000614
1012,2026-04-19 19:30:00,2026-04-19 20:00:00,1799.999999998363,1350.000000000614
1012,2026-04-20 02:30:00,2026-04-20 03:00:00.999999996,1800.9999999963838,1350.000000000614
1012,2026-04-21 04:45:00,2026-04-21 05:15:00.999999996,1800.9999999963838,1350.000000000614
1012,2026-04-23 22:30:00,2026-04-23 23:00:00,1799.999999998363,1350.000000000614
1012,2026-04-28 22:00:00.999999996,2026-04-28 22:30:00,1799.000000000342,1350.000000000614
1012,2026-04-29 09:15:00,2026-04-29 09:45:00,1799.999999998363,1350.000000000614
1012,2026-05-02 10:30:00.999999996,2026-05-02 11:00:00.999999996,1800.0000000032742,1350.000000000614
1012,2026-05-06 02:15:00.999999996,2026-05-06 02:45:00,1799.000000000342,1350.000000000614
1012,2026-05-06 07:30:00,2026-05-06 08:00:00.999999996,1801.0000000012951,1350.000000000614
1012,2026-05-06 13:00:00,2026-05-06 13:30:00.999999996,1800.9999999963838,1350.000000000614
1012,2026-05-09 01:00:00,2026-05-09 01:30:00.999999996,1800.9999999963838,1350.000000000614
1012,2026-05-13 09:15:00.999999996,2026-05-13 09:45:00,1799.000000000342,1350.000000000614
1012,2026-05-15 13:45:00,2026-05-15 14:15:00,1799.999999998363,1350.000000000614
1012,2026-05-18 18:00:00,2026-05-18 18:30:00,1799.999999998363,1350.000000000614
1012,2026-05-19 01:15:00.999999996,2026-05-19 01:45:00.999999996,1799.999999998363,1350.000000000614
1012,2026-05-20 09:15:00,2026-05-20 09:45:00.999999996,1800.9999999963838,1350.000000000614
1012,2026-05-25 09:30:01,2026-05-25 10:00:01,1799.999999998363,1350.000000000614
1012,2026-05-26 22:00:01,2026-05-26 22:30:01,1799.999999998363,1350.000000000614
1012,2026-05-30 05:15:00,2026-05-30 05:45:00,1799.999999998363,1350.000000000614
1012,2026-05-30 22:00:00,2026-05-30 22:30:01,1800.9999999963838,1350.000000000614
1012,2026-06-01 17:30:01,2026-06-01 18:00:00,1799.000000000342,1350.000000000614
1012,2026-06-01 18:45:01,2026-06-01 19:15:01,1800.0000000032742,1350.000000000614
1012,2026-06-02 00:15:00,2026-06-02 00:45:00,1799.999999998363,1350.000000000614
1012,2026-06-03 09:15:00,2026-06-03 09:45:00,1799.999999998363,1350.000000000614
1012,2026-06-04 20:45:01,2026-06-04 21:15:01,1799.999999998363,1350.000000000614
1012,2026-06-05 02:15:01,2026-06-05 02:45:01,1800.0000000032742,1350.000000000614
1012,2026-06-07 06:30:00,2026-06-07 07:00:01,1801.0000000012951,1350.000000000614
1012,2026-06-10 05:00:00,2026-06-10 05:30:00,1800.0000000032742,1350.000000000614
1012,2026-06-10 09:15:00,2026-06-10 09:45:01,1800.9999999963838,1350.000000000614
1012,2026-06-12 05:30:00,2026-06-12 06:00:00,1799.999999998363,1350.000000000614
1012,2026-06-12 09:15:00,2026-06-12 09:45:00,1799.999999998363,1350.000000000614
1012,2026-06-14 03:30:00,2026-06-14 04:00:00,1800.0000000032742,1350.000000000614
1012,2026-06-14 05:45:00,2026-06-14 06:15:00,1800.0000000032742,1350.000000000614
1012,2026-06-15 10:30:00,2026-06-15 11:00:01,1801.0000000012951,1350.000000000614
1012,2026-06-16 06:15:01,2026-06-16 06:45:00,1799.000000000342,1350.000000000614
1012,2026-06-20 07:00:01,2026-06-20 07:30:01,1799.999999998363,1350.000000000614
1012,2026-06-21 09:00:01,2026-06-21 09:30:00,1799.000000000342,1350.000000000614
1012,2026-06-22 04:45:00,2026-06-22 05:15:01,1800.9999999963838,1350.000000000614
1012,2026-06-26 11:15:01,2026-06-26 11:45:00,1799.000000000342,1350.000000000614
1012,2026-06-26 19:45:01,2026-06-26 20:15:00,1799.000000000342,1350.000000000614
1012,2026-06-28 02:00:00,2026-06-28 02:30:00,1800.0000000032742,1350.000000000614
1012,2026-06-29 11:15:01,2026-06-29 11:45:00,1799.000000000342,1350.000000000614
1012,2026-06-30 02:00:01,2026-06-30 02:30:00,1799.000000000342,1350.000000000614
1012,2026-07-03 18:30:00,2026-07-03 19:00:00,1800.0000000032742,1350.000000000614
1012,2026-07-07 00:45:01,2026-07-07 01:15:01,1800.0000000032742,1350.000000000614
1012,2026-07-10 07:15:00,2026-07-10 07:45:00,1800.0000000032742,1350.000000000614
1012,2026-07-12 20:00:00,2026-07-12 20:30:01,1801.0000000012951,1350.000000000614
1012,2026-07-15 09:15:00,2026-07-15 09:45:01,1800.9999999963838,1350.000000000614
1012,2026-07-16 18:30:00,2026-07-16 19:00:01,1801.0000000012951,1350.000000000614
1012,2026-07-17 19:30:00,2026-07-17 20:00:00,1799.999999998363,1350.000000000614
1012,2026-07-19 03:45:00,2026-07-19 04:15:01,1801.0000000012951,1350.000000000614
1012,2026-07-20 23:00:00,2026-07-20 23:30:00,1800.0000000032742,1350.000000000614
1012,2026-07-22 09:15:00,2026-07-22 09:45:01,1800.9999999963838,1350.000000000614
1012,2026-07-22 19:00:00,2026-07-22 19:30:01,1800.9999999963838,1350.000000000614
1012,2026-07-25 10:00:00,2026-07-25 10:30:01,1800.9999999963838,1350.000000000614
1012,2026-07-29 02:15:00,2026-07-29 02:45:00,1799.999999998363,1350.000000000614
1012,2026-07-31 08:15:00,2026-07-31 08:45:01,1801.0000000012951,1350.000000000614
1012,2026-08-01 11:30:00,2026-08-01 12:00:01,1800.9999999963838,1350.000000000614
1012,2026-08-02 11:15:01,2026-08-02 11:45:01,1800.0000000032742,1350.000000000614
1012,2026-08-03 19:15:00,2026-08-03 19:45:00,1800.0000000032742,1350.000000000614
1012,2026-08-04 20:15:01,2026-08-04 20:45:00,1799.000000000342,1350.000000000614
1012,2026-08-06 22:45:00,2026-08-06 23:15:01,1800.9999999963838,1350.000000000614
1012,2026-08-07 00:15:01,2026-08-07 00:45:00,1799.000000000342,1350.000000000614
1012,2026-08-07 04:00:00,2026-08-07 04:30:00,1799.999999998363,1350.000000000614
1012,2026-08-08 18:00:00,2026-08-08 18:30:00,1799.999999998363,1350.000000000614
1012,2026-08-12 09:15:00,2026-08-12 09:45:01,1800.9999999963838,1350.000000000614
1012,2026-08-13 10:15:01,2026-08-13 10:45:01,1799.999999998363,1350.000000000614
1012,2026-08-15 10:00:00,2026-08-15 10:30:01,1800.9999999963838,1350.000000000614
1012,2026-08-18 09:30:01,2026-08-18 10:00:01,1799.999999998363,1350.000000000614
1012,2026-08-19 09:15:01,2026-08-19 09:45:01,1799.999999998363,1350.000000000614
1012,2026-08-26 09:15:01,2026-08-26 09:45:01,1799.999999998363,1350.000000000614
1012,2026-08-26 20:45:01,2026-08-26 21:15:01,1799.999999998363,1350.000000000614
1012,2026-08-30 18:30:01,2026-08-30 19:00:01,1799.999999998363,1350.000000000614
1012,2026-08-30 20:45:00,2026-08-30 21:15:00,1800.0000000032742,1350.000000000614
1012,2026-09-04 01:00:01,2026-09-04 01:30:01,1799.999999998363,1350.000000000614
1012,2026-09-14 20:15:00,2026-09-14 20:45:01,1801.0000000012951,1350.000000000614
1012,2026-09-15 00:45:01,2026-09-15 01:15:00,1799.000000000342,1350.000000000614
1012,2026-09-16 09:15:01,2026-09-16 09:45:01,1799.999999998363,1350.000000000614
1012,2026-09-18 04:15:01,2026-09-18 04:45:00,1799.000000000342,1350.000000000614
1012,2026-09-18 20:45:00,2026-09-18 21:15:00,1800.0000000032742,1350.000000000614
1012,2026-09-22 03:45:00,2026-09-22 04:15:01,1801.0000000012951,1350.000000000614
1012,2026-09-22 21:45:00,2026-09-22 22:15:00,1799.999999998363,1350.000000000614
1012,2026-09-26 07:45:00,2026-09-26 08:15:00,1800.0000000032742,1350.000000000614
1012,2026-09-26 23:30:00,2026-09-27 00:00:01,1801.0000000012951,1350.000000000614
1012,2026-09-27 09:15:01.000000008,2026-09-27 09:45:00,1798.9999999954307,1350.000000000614
1012,2026-09-27 23:30:01.000000008,2026-09-28 00:00:00,1798.9999999954307,1350.000000000614
1012,2026-09-29 02:00:00,2026-09-29 02:30:01.000000008,1801.0000000012951,1350.000000000614
1012,2026-09-30 02:00:01,2026-09-30 02:30:00,1798.9999999954307,1350.000000000614
1012,2026-09-30 09:15:00,2026-09-30 09:45:00,1800.0000000032742,1350.000000000614
1012,2026-10-01 17:45:01,2026-10-01 18:15:01.000000008,1800.0000000032742,1350.000000000614
1035,2025-04-29 18:00:00.999999999,2025-04-29 18:30:00,1799.0000000000061,1350.000000000614
1035,2025-05-05 05:30:00,2025-05-05 06:00:00,1799.9999999999745,1350.000000000614
1035,2025-05-08 21:15:01,2025-05-08 21:45:01,1800.0000000000512,1350.000000000614
1035,2025-05-10 02:15:00,2025-05-10 02:45:00,1800.0000000000512,1350.000000000614
1035,2025-05-12 19:45:00,2025-05-12 20:15:00,1800.0000000000512,1350.000000000614
1035,2025-05-17 02:30:00,2025-05-17 03:00:00.999999999,1800.9999999997603,1350.000000000614
1035,2025-05-19 03:00:00,2025-05-19 03:30:00,1799.9999999998977,1350.000000000614
1035,2025-05-19 08:15:00,2025-05-19 08:45:00,1799.9999999998977,1350.000000000614
1035,2025-05-23 10:45:01,2025-05-23 11:15:00,1799.000000000035,1350.000000000614
1035,2025-05-26 12:45:00,2025-05-26 13:15:01,1801.0000000000673,1350.000000000614
1035,2025-05-27 06:30:00,2025-05-27 07:00:00,1800.0000000002046,1350.000000000614
1035,2025-06-01 16:45:01,2025-06-01 17:15:00,1798.999999999728,1350.000000000614
1035,2025-06-02 04:00:01,2025-06-02 04:30:00.999999999,1799.9999999995907,1350.000000000614
1035,2025-06-07 10:45:01,2025-06-07 11:15:00.999999999,1799.9999999995907,1350.000000000614
1035,2025-06-08 00:30:01,2025-06-08 01:00:00,1798.999999999728,1350.000000000614
1035,2025-06-08 18:45:00.999999999,2025-06-08 19:15:00,1799.000000000342,1350.000000000614
1035,2025-06-14 09:00:00,2025-06-14 09:30:00,1800.0000000002046,1350.000000000614
1035,2025-06-16 10:45:00,2025-06-16 11:15:00.999999999,1801.0000000000673,1350.000000000614
1035,2025-06-17 03:30:01,2025-06-17 04:00:01.000000001,1800.0000000002046,1350.000000000614
1035,2025-06-19 02:15:00,2025-06-19 02:45:00,1800.0000000002046,1350.000000000614
1035,2025-06-22 08:30:01.000000001,2025-06-22 09:00:00,1798.999999999728,1350.000000000614
1035,2025-06-22 16:45:00,2025-06-22 17:15:00,1800.0000000002046,1350.000000000614
1035,2025-06-22 20:15:00,2025-06-22 20:45:00,1800.0000000002046,1350.000000000614
1035,2025-06-27 22:00:01.000000001,2025-06-27 22:30:00,1798.999999999728,1350.000000000614
1035,2025-06-28 09:00:00,2025-06-28 09:30:01,1801.0000000000673,1350.000000000614
1035,2025-06-30 09:45:01,2025-06-30 10:15:00,1799.000000000342,1350.000000000614
1035,2025-07-02 23:00:00,2025-07-02 23:30:01,1801.0000000000673,1350.000000000614
1035,2025-07-03 06:00:00,2025-07-03 06:30:00,1799.9999999995907,1350.000000000614
1035,2025-07-06 02:30:00,2025-07-06 03:00:00,1799.9999999995907,1350.000000000614
1035,2025-07-08 11:30:01,2025-07-08 12:00:00,1799.000000000342,1350.000000000614
1035,2025-07-10 13:15:00,2025-07-10 13:45:00,1800.0000000008185,1350.000000000614
1035,2025-07-10 23:15:01.000000001,2025-07-10 23:45:00,1798.9999999991142,1350.000000000614
1035,2025-07-11 21:45:00,2025-07-11 22:15:00,1799.9999999995907,1350.000000000614
1035,2025-07-12 14:00:01,2025-07-12 14:30:00,1799.000000000342,1350.000000000614
1035,2025-07-13 18:30:00,2025-07-13 19:00:00,1800.0000000008185,1350.000000000614
1035,2025-07-14 05:45:00,2025-07-14 06:15:01,1801.0000000000673,1350.000000000614
1035,2025-07-14 07:45:00,2025-07-14 08:15:00,1799.9999999995907,1350.000000000614
1035,2025-07-16 06:00:01.000000001,2025-07-16 06:30:00,1798.9999999991142,1350.000000000614
1035,2025-07-16 07:00:01,2025-07-16 07:30:01.000000001,1800.0000000008185,1350.000000000614
1035,2025-07-18 11:45:01,2025-07-18 12:15:00,1799.000000000342,1350.000000000614
1035,2025-07-23 16:15:01,2025-07-23 16:45:01,1799.9999999995907,1350.000000000614
1035,2025-07-26 15:00:00,2025-07-26 15:30:01,1801.0000000000673,1350.000000000614
1035,2025-08-01 00:45:01.000000001,2025-08-01 01:15:00,1798.9999999991142,1350.000000000614
1035,2025-08-02 14:30:01,2025-08-02 15:00:01.000000001,1800.0000000008185,1350.000000000614
1035,2025-08-03 23:30:00,2025-08-04 00:00:01.000000001,1801.0000000000673,1350.000000000614
1035,2025-08-05 13:15:01,2025-08-05 13:45:01,1799.9999999995907,1350.000000000614
1035,2025-08-06 05:00:00,2025-08-06 05:30:00,1800.0000000008185,1350.000000000614
1035,2025-08-07 07:00:01,2025-08-07 07:30:00,1799.000000000342,1350.000000000614
1035,2025-08-10 06:45:01.000000002,2025-08-10 07:15:01,1799.9999999995907,1350.000000000614
1035,2025-08-12 19:15:00,2025-08-12 19:45:01,1801.0000000000673,1350.000000000614
1035,2025-08-14 06:30:00,2025-08-14 07:00:00,1800.0000000008185,1350.000000000614
1035,2025-08-14 21:00:01.000000002,2025-08-14 21:30:01,1799.9999999995907,1350.000000000614
1035,2025-08-16 08:00:01,2025-08-16 08:30:00,1799.000000000342,1350.000000000614
1035,2025-08-16 15:45:01.000000002,2025-08-16 16:15:01,1799.9999999995907,1350.000000000614
1035,2025-08-17 01:30:01.000000002,2025-08-17 02:00:01,1799.9999999995907,1350.000000000614
1035,2025-08-20 20:45:00,2025-08-20 21:15:00,1800.0000000008185,1350.000000000614
1035,2025-08-22 07:45:00,2025-08-22 08:15:01.000000002,1801.0000000000673,1350.000000000614
1035,2025-08-29 10:30:00,2025-08-29 11:00:01,1801.0000000000673,1350.000000000614
1035,2025-09-02 14:15:00,2025-09-02 14:45:00,1799.9999999995907,1350.000000000614
1035,2025-09-05 01:30:00,2025-09-05 02:00:00,1800.0000000008185,1350.000000000614
1035,2025-09-06 00:30:00,2025-09-06 01:00:00,1799.999999998363,1350.000000000614
1035,2025-09-08 20:30:01,2025-09-08 21:00:01.000000002,1800.0000000008185,1350.000000000614
1035,2025-09-09 06:30:00,2025-09-09 07:00:01,1800.9999999988395,1350.000000000614
1035,2025-09-09 09:15:00,2025-09-09 09:45:00,1800.0000000008185,1350.000000000614
1035,2025-09-10 15:45:00,2025-09-10 16:15:00,1800.0000000008185,1350.000000000614
1035,2025-09-13 13:00:00,2025-09-13 13:30:00,1800.0000000008185,1350.000000000614
1035,2025-09-14 10:30:00,2025-09-14 11:00:00.999999998,1800.9999999988395,1350.000000000614
1035,2025-09-18 01:45:00,2025-09-18 02:15:00,1800.0000000008185,1350.000000000614
1035,2025-09-18 09:30:00,2025-09-18 10:00:00,1799.999999998363,1350.000000000614
1035,2025-09-19 13:15:00,2025-09-19 13:45:00,1799.999999998363,1350.000000000614
1035,2025-09-21 07:30:01.000000002,2025-09-21 08:00:00,1799.000000000342,1350.000000000614
1035,2025-10-05 06:00:01.000000002,2025-10-05 06:30:00.999999998,1799.999999998363,1350.000000000614
1035,2025-10-05 07:00:00,2025-10-05 07:30:01.000000002,1801.0000000012951,1350.000000000614
1035,2025-10-08 11:45:00,2025-10-08 12:15:01,1800.9999999988395,1350.000000000614
1035,2025-10-10 20:30:01,2025-10-10 21:00:00,1799.000000000342,1350.000000000614
1035,2025-10-14 14:00:00,2025-10-14 14:30:01,1800.9999999988395,1350.000000000614
1035,2025-10-15 21:00:00,2025-10-15 21:30:00,1800.0000000008185,1350.000000000614
1035,2025-10-17 20:45:00,2025-10-17 21:15:00,1799.999999998363,1350.000000000614
1035,2025-10-19 06:15:00.999999998,2025-10-19 06:45:00,1799.000000000342,1350.000000000614
1035,2025-10-23 10:15:00.999999998,2025-10-23 10:45:00.999999998,1800.0000000008185,1350.000000000614
1035,2025-10-23 22:00:00.999999998,2025-10-23 22:30:00,1799.000000000342,1350.000000000614
1035,2025-10-27 06:45:00,2025-10-27 07:15:00,1800.0000000008185,1350.000000000614
1035,2025-10-28 03:45:01.000000002,2025-10-28 04:15:00,1799.000000000342,1350.000000000614
1035,2025-10-29 08:00:00.999999998,2025-10-29 08:30:00,1799.000000000342,1350.000000000614
1035,2025-10-29 09:00:01.000000002,2025-10-29 09:30:00.999999998,1799.999999998363,1350.000000000614
1035,2025-11-01 00:30:00,2025-11-01 01:00:00,1799.999999998363,1350.000000000614
1035,2025-11-02 20:45:00,2025-11-02 21:15:00.999999998,1800.9999999988395,1350.000000000614
1035,2025-11-06 06:00:01.000000002,2025-11-06 06:30:00,1799.000000000342,1350.000000000614
1035,2025-11-07 15:30:00,2025-11-07 16:00:00,1799.999999998363,1350.000000000614
1035,2025-11-08 09:45:00,2025-11-08 10:15:00,1800.0000000008185,1350.000000000614
1035,2025-11-11 17:30:00,2025-11-11 18:00:01,1801.0000000012951,1350.000000000614
1035,2025-11-12 08:30:00,2025-11-12 09:00:01,1801.0000000012951,1350.000000000614
1035,2025-11-13 02:15:01,2025-11-13 02:45:00,1799.000000000342,1350.000000000614
1035,2025-11-23 08:45:00.999999996,2025-11-23 09:15:00,1799.000000000342,1350.000000000614
1035,2025-11-27 02:15:01,2025-11-27 02:45:00,1799.000000000342,1350.000000000614
1035,2025-11-27 13:45:00.999999996,2025-11-27 14:15:01,1800.0000000008185,1350.000000000614
1035,2025-11-27 19:00:00.999999996,2025-11-27 19:30:00,1799.000000000342,1350.000000000614
1035,2025-11-29 11:30:00,2025-11-29 12:00:00,1800.0000000008185,1350.000000000614
1035,2025-11-30 07:45:00,2025-11-30 08:15:00,1800.0000000008185,1350.000000000614
1035,2025-12-02 21:30:00.999999996,2025-12-02 22:00:00.999999996,1800.0000000008185,1350.000000000614
1035,2025-12-04 22:45:00,2025-12-04 23:15:00,1800.0000000008185,1350.000000000614
1035,2025-12-05 21:45:00,2025-12-05 22:15:00,1800.0000000008185,1350.000000000614
1035,2025-12-06 05:45:00,2025-12-06 06:15:00,1799.999999998363,1350.000000000614
1035,2025-12-10 14:30:00.999999996,2025-12-10 15:00:00,1799.000000000342,1350.000000000614
1035,2025-12-12 13:30:01,2025-12-12 14:00:00.999999996,1799.999999998363,1350.000000000614
1035,2025-12-13 10:30:01,2025-12-13 11:00:00.999999996,1799.999999998363,1350.000000000614
1035,2025-12-18 11:00:00,2025-12-18 11:30:00.999999996,1800.9999999988395,1350.000000000614
1035,2025-12-18 15:45:01,2025-12-18 16:15:00,1799.000000000342,1350.000000000614
1035,2025-12-19 06:45:00,2025-12-19 07:15:00,1800.0000000008185,1350.000000000614
1035,2025-12-19 14:45:00,2025-12-19 15:15:00.999999996,1800.9999999988395,1350.000000000614
1035,2025-12-21 05:00:00,2025-12-21 05:30:00,1799.999999998363,1350.000000000614
1035,2025-12-25 02:15:01,2025-12-25 02:45:00.999999996,1799.999999998363,1350.000000000614
1035,2025-12-26 05:00:00,2025-12-26 05:30:00,1799.999999998363,1350.000000000614
1035,2025-12-27 02:15:00,2025-12-27 02:45:00,1800.0000000008185,1350.000000000614
1035,2025-12-27 07:15:00,2025-12-27 07:45:00,1799.999999998363,1350.000000000614
1035,2025-12-29 20:45:00,2025-12-29 21:15:00.999999996,1800.9999999988395,1350.000000000614
1035,2025-12-30 06:45:00,2025-12-30 07:15:00.999999996,1800.9999999988395,1350.000000000614
1035,2026-01-05 08:00:00,2026-01-05 08:30:00.999999996,1800.9999999988395,1350.000000000614
1035,2026-01-07 05:00:00,2026-01-07 05:30:00.999999996,1800.9999999988395,1350.000000000614
1035,2026-01-09 01:30:01,2026-01-09 02:00:00,1799.000000000342,1350.000000000614
1035,2026-01-10 02:30:00,2026-01-10 03:00:00,1799.999999998363,1350.000000000614
1035,2026-01-12 07:15:01,2026-01-12 07:45:00,1799.000000000342,1350.000000000614
1035,2026-01-15 12:00:00,2026-01-15 12:30:01,1801.0000000012951,1350.000000000614
1035,2026-01-16 02:15:00,2026-01-16 02:45:00,1799.999999998363,1350.000000000614
1035,2026-01-17 10:45:00.999999996,2026-01-17 11:15:00.999999996,1799.999999998363,1350.000000000614
1035,2026-01-18 07:15:01,2026-01-18 07:45:00,1799.000000000342,1350.000000000614
1035,2026-01-19 06:15:00,2026-01-19 06:45:00,1799.999999998363,1350.000000000614
1035,2026-01-23 06:30:01,2026-01-23 07:00:00.999999996,1799.999999998363,1350.000000000614
1035,2026-01-23 16:00:00,2026-01-23 16:30:00,1799.999999998363,1350.000000000614
1035,2026-02-02 09:15:00.999999996,2026-02-02 09:45:00.999999996,1799.999999998363,1350.000000000614
1035,2026-02-02 19:30:00.999999996,2026-02-02 20:00:01,1800.0000000032742,1350.000000000614
1035,2026-02-04 03:30:00,2026-02-04 04:00:00,1800.0000000032742,1350.000000000614
1035,2026-02-04 13:45:00,2026-02-04 14:15:00.999999996,1800.9999999963838,1350.000000000614
1035,2026-02-04 15:15:00,2026-02-04 15:45:00,1799.999999998363,1350.000000000614
1035,2026-02-05 01:45:00,2026-02-05 02:15:00.999999996,1800.9999999963838,1350.000000000614
1035,2026-02-07 03:30:01,2026-02-07 04:00:00,1799.000000000342,1350.000000000614
1035,2026-02-07 07:30:00.999999996,2026-02-07 08:00:01,1800.0000000032742,1350.000000000614
1035,2026-02-08 03:15:00,2026-02-08 03:45:00,1799.999999998363,1350.000000000614
1035,2026-02-10 04:30:00.999999996,2026-02-10 05:00:01,1800.0000000032742,1350.000000000614
1035,2026-02-13 07:15:00,2026-02-13 07:45:00.999999996,1801.0000000012951,1350.000000000614
1035,2026-02-15 06:30:00,2026-02-15 07:00:00,1800.0000000032742,1350.000000000614
1035,2026-02-18 11:15:00.999999996,2026-02-18 11:45:01,1800.0000000032742,1350.000000000614
1035,2026-02-22 11:45:01,2026-02-22 12:15:00.999999996,1799.999999998363,1350.000000000614
1035,2026-02-24 14:30:00.999999996,2026-02-24 15:00:00,1799.000000000342,1350.000000000614
1035,2026-02-24 15:00:00,2026-02-24 15:30:00,1799.999999998363,1350.000000000614
1035,2026-02-24 23:15:00.999999996,2026-02-24 23:45:01,1800.0000000032742,1350.000000000614
1035,2026-02-26 23:00:01,2026-02-26 23:30:00,1799.000000000342,1350.000000000614
1035,2026-03-01 09:30:01,2026-03-01 10:00:00,1799.000000000342,1350.000000000614
1035,2026-03-04 10:15:01,2026-03-04 10:45:00.999999996,1799.999999998363,1350.000000000614
1035,2026-03-05 08:15:00.999999996,2026-03-05 08:45:00,1799.000000000342,1350.000000000614
1035,2026-03-08 03:45:00.999999996,2026-03-08 04:15:01,1800.0000000032742,1350.000000000614
1035,2026-03-10 06:30:01,2026-03-10 07:00:00.999999996,1799.999999998363,1350.000000000614
1035,2026-03-10 18:00:00,2026-03-10 18:30:00,1799.999999998363,1350.000000000614
1035,2026-03-11 08:30:00.999999996,2026-03-11 09:45:02.000000004,4501.000000001295,1350.000000000614
1035,2026-03-13 07:30:00,2026-03-13 08:00:01,1801.0000000012951,1350.000000000614
1035,2026-03-16 04:30:00,2026-03-16 05:00:00,1799.999999998363,1350.000000000614
1035,2026-03-16 07:00:00,2026-03-16 07:30:00.999999996,1800.9999999963838,1350.000000000614
1035,2026-03-16 21:00:00,2026-03-16 21:30:00,1799.999999998363,1350.000000000614
1035,2026-03-18 02:00:00,2026-03-18 02:30:00.999999996,1801.0000000012951,1350.000000000614
1035,2026-03-18 21:00:00,2026-03-18 21:30:01,1801.0000000012951,1350.000000000614
1035,2026-03-21 02:15:00,2026-03-21 02:45:00,1799.999999998363,1350.000000000614
1035,2026-03-21 08:45:00,2026-03-21 09:15:00.999999996,1801.0000000012951,1350.000000000614
1035,2026-03-23 20:00:00,2026-03-23 20:30:00,1800.0000000032742,1350.000000000614
1035,2026-03-25 09:15:00.999999996,2026-03-25 09:45:00,1799.000000000342,1350.000000000614
1035,2026-03-26 19:30:00,2026-03-26 20:00:00,1799.999999998363,1350.000000000614
1035,2026-03-31 07:30:00.999999996,2026-03-31 08:00:00,1799.000000000342,1350.000000000614
1035,2026-04-01 09:15:00.999999996,2026-04-01 09:45:00.999999996,1799.999999998363,1350.000000000614
1035,2026-04-04 23:45:01,2026-04-05 00:15:00.999999996,1799.999999998363,1350.000000000614
1035,2026-04-05 04:45:00,2026-04-05 05:15:00,1799.999999998363,1350.000000000614
1035,2026-04-08 09:15:00.999999996,2026-04-08 09:45:00.999999996,1799.999999998363,1350.000000000614
1035,2026-04-10 05:00:00.999999996,2026-04-10 05:30:00,1799.000000000342,1350.000000000614
1035,2026-04-16 19:15:00,2026-04-16 19:45:00.999999996,1801.0000000012951,1350.000000000614
1035,2026-04-18 07:45:00.999999996,2026-04-18 08:15:00.999999996,1799.999999998363,1350.000000000614
1035,2026-04-24 15:00:00.999999996,2026-04-24 15:30:00.999999996,1800.0000000032742,1350.000000000614
1035,2026-04-24 20:15:00,2026-04-24 20:45:00,1799.999999998363,1350.000000000614
1035,2026-04-25 22:45:00,2026-04-25 23:15:00.999999996,1800.9999999963838,1350.000000000614
1035,2026-04-26 00:15:00,2026-04-26 00:45:00,1799.999999998363,1350.000000000614
1035,2026-04-29 09:15:00,2026-04-29 09:45:00,1799.999999998363,1350.000000000614
1035,2026-05-01 04:30:00.999999996,2026-05-01 05:00:00,1799.000000000342,1350.000000000614
1035,2026-05-02 08:45:00,2026-05-02 09:15:00,1800.0000000032742,1350.000000000614
1035,2026-05-04 07:45:00,2026-05-04 08:15:00.999999996,1800.9999999963838,1350.000000000614
1035,2026-05-04 12:45:00.999999996,2026-05-04 13:15:00.999999996,1800.0000000032742,1350.000000000614
1035,2026-05-05 21:00:00.999999996,2026-05-05 21:30:00.999999996,1800.0000000032742,1350.000000000614
1035,2026-05-06 19:15:00,2026-05-06 19:45:00,1800.0000000032742,1350.000000000614
1035,2026-05-07 01:00:00,2026-05-07 01:30:00,1799.999999998363,1350.000000000614
1035,2026-05-07 14:15:00,2026-05-07 14:45:00,1799.999999998363,1350.000000000614
1035,2026-05-07 17:45:00.999999996,2026-05-07 18:15:00,1799.000000000342,1350.000000000614
1035,2026-05-08 08:00:00,2026-05-08 08:30:00,1800.0000000032742,1350.000000000614
1035,2026-05-09 08:45:00,2026-05-09 09:15:00,1800.0000000032742,1350.000000000614
1035,2026-05-13 09:15:00.999999996,2026-05-13 09:45:00,1799.000000000342,1350.000000000614
1035,2026-05-14 01:15:00,2026-05-14 01:45:00.999999996,1801.0000000012951,1350.000000000614
1035,2026-05-15 11:00:00,2026-05-15 11:30:00.999999996,1801.0000000012951,1350.000000000614
1035,2026-05-16 00:45:00,2026-05-16 01:15:00,1799.999999998363,1350.000000000614
1035,2026-05-20 09:15:00,2026-05-20 09:45:00.999999996,1800.9999999963838,1350.000000000614
1035,2026-05-21 23:00:00,2026-05-21 23:30:00,1800.0000000032742,1350.000000000614
1035,2026-05-24 17:00:01,2026-05-24 17:30:01,1799.999999998363,1350.000000000614
1035,2026-05-24 23:15:01,2026-05-24 23:45:01,1800.0000000032742,1350.000000000614
1035,2026-05-27 08:30:01,2026-05-27 09:00:01,1799.999999998363,1350.000000000614
1035,2026-05-27 14:00:00,2026-05-27 14:30:00,1800.0000000032742,1350.000000000614
1035,2026-05-28 18:00:00,2026-05-28 18:30:00,1799.999999998363,1350.000000000614
1035,2026-05-29 08:00:00,2026-05-29 08:30:01,1801.0000000012951,1350.000000000614
1035,2026-06-03 08:15:01,2026-06-03 08:45:01,1800.0000000032742,1350.000000000614
1035,2026-06-03 09:15:00,2026-06-03 09:45:00,1799.999999998363,1350.000000000614
1035,2026-06-04 17:30:00,2026-06-04 18:00:00,1799.999999998363,1350.000000000614
1035,2026-06-09 10:00:01,2026-06-09 10:30:00,1799.000000000342,1350.000000000614
1035,2026-06-10 09:15:00,2026-06-10 09:45:01,1800.9999999963838,1350.000000000614
1035,2026-06-10 13:45:00,2026-06-10 14:15:00,1799.999999998363,1350.000000000614
1035,2026-06-20 03:15:00,2026-06-20 03:45:01,1800.9999999963838,1350.000000000614
1035,2026-06-21 03:45:00,2026-06-21 04:15:01,1801.0000000012951,1350.000000000614
1035,2026-06-26 15:15:01,2026-06-26 15:45:00,1799.000000000342,1350.000000000614
1035,2026-06-30 07:15:00,2026-06-30 07:45:01,1801.0000000012951,1350.000000000614
1035,2026-07-07 05:15:00,2026-07-07 05:45:00,1799.999999998363,1350.000000000614
1035,2026-07-09 18:45:00,2026-07-09 19:15:00,1799.999999998363,1350.000000000614
1035,2026-07-12 06:15:01,2026-07-12 06:45:01,1799.999999998363,1350.000000000614
1035,2026-07-14 06:00:00,2026-07-14 06:30:01,1801.0000000012951,1350.000000000614
1035,2026-07-14 14:00:00,2026-07-14 14:30:00,1800.0000000032742,1350.000000000614
1035,2026-07-14 22:15:01,2026-07-14 22:45:01,1799.999999998363,1350.000000000614
1035,2026-07-15 04:45:01,2026-07-15 05:15:01,1799.999999998363,1350.000000000614
1035,2026-07-15 09:15:00,2026-07-15 09:45:01,1800.9999999963838,1350.000000000614
1035,2026-07-16 00:45:01,2026-07-16 01:15:00,1799.000000000342,1350.000000000614
1035,2026-07-16 09:00:01,2026-07-16 09:30:01,1800.0000000032742,1350.000000000614
1035,2026-07-16 22:00:00,2026-07-16 22:30:01,1800.9999999963838,1350.000000000614
1035,2026-07-17 11:30:00,2026-07-17 12:00:00,1799.999999998363,1350.000000000614
1035,2026-07-22 02:15:01,2026-07-22 02:45:00,1799.000000000342,1350.000000000614
1035,2026-07-22 09:15:00,2026-07-22 09:45:01,1800.9999999963838,1350.000000000614
1035,2026-07-27 04:45:01,2026-07-27 05:15:00,1799.000000000342,1350.000000000614
1035,2026-07-28 05:45:01,2026-07-28 06:15:00,1799.000000000342,1350.000000000614
1035,2026-08-02 01:45:00,2026-08-02 02:15:00,1799.999999998363,1350.000000000614
1035,2026-08-03 23:00:00,2026-08-03 23:30:01,1801.0000000012951,1350.000000000614
1035,2026-08-04 22:45:01,2026-08-04 23:15:00,1799.000000000342,1350.000000000614
1035,2026-08-05 14:30:00,2026-08-05 15:00:00,1799.999999998363,1350.000000000614
1035,2026-08-12 09:15:00,2026-08-12 09:45:01,1800.9999999963838,1350.000000000614
1035,2026-08-12 23:45:01,2026-08-13 00:15:00,1799.000000000342,1350.000000000614
1035,2026-08-13 22:00:00,2026-08-13 22:30:01,1800.9999999963838,1350.000000000614
1035,2026-08-19 09:15:01,2026-08-19 09:45:01,1799.999999998363,1350.000000000614
1035,2026-08-25 04:30:00,2026-08-25 05:00:00,1799.999999998363,1350.000000000614
1035,2026-08-25 12:45:01,2026-08-25 13:15:01,1800.0000000032742,1350.000000000614
1035,2026-08-25 15:00:02,2026-08-25 15:30:01,1799.000000000342,1350.000000000614
1035,2026-08-25 19:45:00,2026-08-25 20:15:01,1800.9999999963838,1350.000000000614
1035,2026-08-26 09:15:01,2026-08-26 09:45:01,1799.999999998363,1350.000000000614
1035,2026-08-28 12:15:01,2026-08-28 12:45:01,1799.999999998363,1350.000000000614
1035,2026-08-30 21:15:00,2026-08-30 21:45:01,1800.9999999963838,1350.000000000614
1035,2026-09-01 18:30:00,2026-09-01 19:00:00,1800.0000000032742,1350.000000000614
1035,2026-09-03 22:30:01,2026-09-03 23:00:00,1799.000000000342,1350.000000000614
1035,2026-09-08 19:00:00,2026-09-08 19:30:00,1799.999999998363,1350.000000000614
1035,2026-09-11 03:00:01,2026-09-11 03:30:00,1799.000000000342,1350.000000000614
1035,2026-09-13 07:30:01,2026-09-13 08:00:01,1800.0000000032742,1350.000000000614
1035,2026-09-14 13:45:00,2026-09-14 14:15:00,1799.999999998363,1350.000000000614
1035,2026-09-16 09:15:01,2026-09-16 09:45:01,1799.999999998363,1350.000000000614
1035,2026-09-17 18:00:00,2026-09-17 18:30:01,1801.0000000012951,1350.000000000614
1035,2026-09-20 08:45:00,2026-09-20 09:15:00,1800.0000000032742,1350.000000000614
1035,2026-09-24 01:45:01.000000008,2026-09-24 02:15:01,1799.9999999934516,1350.000000000614
1035,2026-09-30 09:15:00,2026-09-30 09:45:00,1800.0000000032742,1350.000000000614
