sensorid,month,n,minimum,q05,median,q95,maximum
996,2023-07,2292,270.16503,429.15925765000003,518.0753705,568.3287947,606.559245
996,2023-08,2975,207.331212,332.6662444,512.188117,565.7194089999999,599.785646
996,2023-09,2879,247.852548,342.6340785,515.088065,568.5273808999999,597.575204
996,2023-10,2973,220.539204,318.0685012,515.853945,566.2282596,594.489304
996,2023-11,2858,232.948494,312.8159649,521.7740375000001,570.8762882,623.903688
996,2023-12,2973,273.086802,441.4338272,542.981307,591.2152066,621.364975
996,2024-01,2976,229.993804,309.29667125000003,524.613754,593.2227095000001,645.679998
996,2024-02,2783,233.703454,324.9296025,525.177304,593.1805782,630.425644
996,2024-03,2973,270.175934,446.907425,539.315478,595.7936354,639.333089
996,2024-04,2878,306.681363,377.71523865,538.8066215,594.58945445,628.029203
996,2024-05,2974,306.101386,450.27835825,533.8768165,587.8546351,616.998768
996,2024-06,2880,296.055841,492.30380505,532.1259895000001,576.82804555,614.766423
996,2024-07,2976,288.986762,396.2184745,538.2868289999999,586.5530055,610.81605
996,2024-08,2971,295.213223,469.4890975,536.875184,589.2093975,622.787571
996,2024-09,2880,483.353694,512.41738605,538.483763,581.077209,600.49696
996,2024-10,3428,257.26339,337.876125,538.2375555,588.7913973,622.163693
996,2024-11,4966,243.070539,339.79164775,526.5232245,587.8908,623.870881
996,2024-12,5162,288.680299,466.75613005,555.1169629999999,602.09463085,623.969412
996,2025-01,5187,236.887757,357.8348322,549.568907,610.026018,668.867906
996,2025-02,4685,279.214859,366.2542818,560.741568,612.2867902,661.087481
996,2025-03,3727,280.254396,437.0687454,551.232195,613.2333466,665.289593
996,2025-04,2688,321.322886,417.86726905,549.1913795,606.91931225,643.371042
1012,2023-07,2292,147.849023,205.93706205,262.7642695,290.33561404999995,314.224148
1012,2023-08,2975,150.254218,183.70542170000002,252.990103,282.3938022,311.803576
1012,2023-09,2879,143.09967,174.3800947,250.814641,280.5692057,300.558704
1012,2023-10,2973,128.147459,163.2303224,247.429005,274.4136368,291.489293
1012,2023-11,2858,139.269832,165.14907474999998,250.3703945,276.74142475,296.376321
1012,2023-12,2973,144.907544,202.0296932,263.943892,288.59996540000003,313.151738
1012,2024-01,2976,136.420279,168.2705295,251.1517095,287.0848025,313.688043
1012,2024-02,2783,129.939979,167.3835843,251.136411,284.38847630000004,312.00278
1012,2024-03,2973,149.35037,202.6577892,263.285176,291.44324800000004,318.927415
1012,2024-04,2878,170.875028,197.496523,269.6276335,298.1895397,329.544102
1012,2024-05,2974,168.347155,206.3844489,270.2250875,297.4028182,322.450949
1012,2024-06,2880,187.742348,236.8114516,272.7452055,300.52202889999995,328.272556
1012,2024-07,2976,174.107501,207.5357635,268.302458,295.21579075,316.675406
1012,2024-08,2971,166.386185,222.87863249999998,271.113771,296.7593955,322.956524
1012,2024-09,2880,239.125655,261.69194230000005,283.71438149999994,308.3564659,331.076047
1012,2024-10,3428,157.393389,190.35811825,270.7996895,297.84163925,322.006747
1012,2024-11,4966,143.252945,182.81313475000002,255.8473335,289.149247,309.336987
1012,2024-12,5162,169.051822,222.75226455,278.53624850000006,301.2480599,329.436935
1012,2025-01,5187,155.080074,190.1674853,276.199935,306.671394,341.907291
1012,2025-02,4685,161.744223,189.657287,284.687268,321.9148266,345.997861
1012,2025-03,3727,170.093546,213.09071600000001,270.102577,311.1508799,342.504813
1012,2025-04,2688,169.388901,216.01605305,273.38105700000006,303.44195705,333.297526
1035,2023-07,2292,6985.008891,6996.46437305,7007.353161,7017.4535636,7026.541484
1035,2023-08,2975,6980.64277,6996.7088097000005,7007.406756,7018.0434724,7026.893806
1035,2023-09,2879,6985.483936,6998.0922305,7008.647639,7018.4708652,7033.895013
1035,2023-10,2973,6983.813915,6997.8011334,7008.111445,7018.2073638,7031.688865
1035,2023-11,2858,6987.015813,6998.07687425,7007.9812569999995,7018.1660076,7027.859004
1035,2023-12,2973,6978.19149,6993.2112468,7003.592183,7014.05564,7026.418784
1035,2024-01,2976,6981.117659,6993.87916025,7003.569095999999,7013.109606999999,7022.404985
1035,2024-02,2783,6982.082812,6993.3277312,7003.285656,7013.0276456,7023.186356
1035,2024-03,2973,6977.333638,6992.0806556,7002.810812,7012.7380842,7025.269804
1035,2024-04,2878,6981.056309,6992.515754399999,7002.9486435,7012.7603767,7025.223897
1035,2024-05,2974,6982.251285,6992.7348172,7003.14778,7013.402252450001,7026.066573
1035,2024-06,2880,6979.830736,6992.362574850001,7003.155446000001,7013.98280965,7027.736394
1035,2024-07,2976,6981.286198,6992.3702245,7002.91798,7013.4964645,7024.15151
1035,2024-08,2971,6978.666423,6993.00597,7003.530744,7014.139832000001,7022.834012
1035,2024-09,2880,6980.091133,6991.9335259,7002.963953500001,7013.41299615,7033.772513
1035,2024-10,3428,6977.977044,6992.95997105,7003.7683105,7013.9736665,7028.211282
1035,2024-11,4966,6983.047943,6994.591576000001,7005.0092270000005,7014.96707625,7028.027589
1035,2024-12,5162,6983.568805,6994.216223,7004.541871,7015.081371949999,7029.007985
1035,2025-01,5187,6980.887903,6995.9673287,7005.782887,7015.8327632,7028.487056
1035,2025-02,4685,6978.666423,6995.5030614,7005.905364,7016.70599,7028.808737
1035,2025-03,3727,6979.463081,6993.8224662,7004.450013,7015.0835919,7028.74752
1035,2025-04,2688,6980.366952,6993.2257718500005,7003.4925029999995,7014.0195428,7026.020622
