sensorid,month,calendar_days,raw_rows,excluded_unique_times,retained_rows,doubtful_rows,occupied_days,occupied_2h_bins,available_2h_bins
1275,2025-04,2,49,0,49,49,2,24,24
1275,2025-05,31,752,0,752,752,31,372,372
1275,2025-06,30,723,0,723,723,30,357,360
1275,2025-07,31,664,0,664,664,31,350,372
1275,2025-08,31,492,0,492,492,30,351,372
1275,2025-09,30,506,0,506,506,30,360,360
1275,2025-10,31,397,0,397,397,31,370,372
1275,2025-11,30,347,0,347,347,30,347,360
1275,2025-12,31,372,0,372,372,31,372,372
1275,2026-01,31,372,0,372,372,31,372,372
1275,2026-02,28,336,0,336,336,28,336,336
1275,2026-03,31,372,0,372,372,31,372,372
1275,2026-04,30,360,0,360,360,30,360,360
1275,2026-05,31,370,0,370,370,31,370,372
1275,2026-06,30,361,0,361,361,30,360,360
1275,2026-07,31,372,0,372,372,31,372,372
1275,2026-08,31,372,0,372,372,31,372,372
1275,2026-09,30,360,0,360,360,30,360,360
1275,2026-10,1,12,0,12,12,1,12,12
996,2025-04,2,192,0,192,0,2,24,24
996,2025-05,31,2976,13,2963,11,31,372,372
996,2025-06,30,2880,14,2866,7,30,360,360
996,2025-07,31,2976,10,2966,19,31,372,372
996,2025-08,31,2976,12,2964,7,31,372,372
996,2025-09,30,2880,9,2871,10,30,360,360
996,2025-10,31,2976,16,2960,14,31,372,372
996,2025-11,30,2880,12,2868,10,30,360,360
996,2025-12,31,2976,16,2960,9,31,372,372
996,2026-01,31,2976,16,2960,20,31,372,372
996,2026-02,28,2688,13,2675,13,28,336,336
996,2026-03,31,2972,10,2962,8,31,372,372
996,2026-04,30,2880,16,2864,6,30,360,360
996,2026-05,31,2976,11,2965,5,31,372,372
996,2026-06,30,2880,14,2866,14,30,360,360
996,2026-07,31,2976,14,2962,10,31,372,372
996,2026-08,31,2976,13,2963,13,31,372,372
996,2026-09,30,2880,16,2864,12,30,360,360
996,2026-10,1,93,0,93,0,1,12,12
1012,2025-04,2,192,0,192,0,2,24,24
1012,2025-05,31,2976,9,2967,9,31,372,372
1012,2025-06,30,2880,18,2862,8,30,360,360
1012,2025-07,31,2976,22,2954,18,31,372,372
1012,2025-08,31,2976,14,2962,12,31,372,372
1012,2025-09,30,2880,9,2871,8,30,360,360
1012,2025-10,31,2976,8,2968,10,31,372,372
1012,2025-11,30,2880,10,2870,10,30,360,360
1012,2025-12,31,2976,13,2963,10,31,372,372
1012,2026-01,31,2976,15,2961,12,31,372,372
1012,2026-02,28,2688,12,2676,11,28,336,336
1012,2026-03,31,2972,11,2961,8,31,372,372
1012,2026-04,30,2880,14,2866,15,30,360,360
1012,2026-05,31,2976,14,2962,12,31,372,372
1012,2026-06,30,2880,23,2857,13,30,360,360
1012,2026-07,31,2976,14,2962,13,31,372,372
1012,2026-08,31,2976,17,2959,15,31,372,372
1012,2026-09,30,2880,15,2865,9,30,360,360
1012,2026-10,1,93,1,92,0,1,12,12
1035,2025-04,2,192,43,149,0,2,19,24
1035,2025-05,31,2976,10,2966,8,31,372,372
1035,2025-06,30,2880,15,2865,8,30,360,360
1035,2025-07,31,2976,16,2960,9,31,372,372
1035,2025-08,31,2976,16,2960,13,31,372,372
1035,2025-09,30,2880,13,2867,8,30,360,360
1035,2025-10,31,2976,14,2962,9,31,372,372
1035,2025-11,30,2880,14,2866,24,30,360,360
1035,2025-12,31,2976,18,2958,16,31,372,372
1035,2026-01,31,2976,12,2964,20,31,372,372
1035,2026-02,28,2688,18,2670,16,28,336,336
1035,2026-03,31,2972,18,2954,10,31,372,372
1035,2026-04,30,2880,12,2868,8,30,360,360
1035,2026-05,31,2976,23,2953,11,31,372,372
1035,2026-06,30,2880,10,2870,9,30,360,360
1035,2026-07,31,2976,16,2960,13,31,372,372
1035,2026-08,31,2976,15,2961,9,31,372,372
1035,2026-09,30,2880,11,2869,15,30,360,360
1035,2026-10,1,93,0,93,0,1,12,12
