level,sensorid,localdatetime,rows,distinct_values,minimum,maximum,spread_ppm
D1,994,2017-11-06 16:20:05,2,2,406.4801850000,407.7167350000,1.2365500000
D1,994,2017-11-06 16:50:06,2,2,431.8237780000,432.8633470000,1.0395690000
D1,994,2017-11-07 01:25:08,2,2,400.3193060000,400.3849510000,0.0656450000
D1,994,2017-11-07 20:35:10,2,1,405.3968270000,405.3968270000,0.0000000000
D1,994,2017-11-08 07:45:06,2,2,403.3614640000,403.3833500000,0.0218860000
D1,994,2017-11-09 05:15:07,2,1,416.5257140000,416.5257140000,0.0000000000
D1,994,2017-11-09 14:20:06,2,1,439.4181730000,439.4181730000,0.0000000000
D1,994,2017-11-10 05:50:05,2,1,399.9910510000,399.9910510000,0.0000000000
D1,994,2017-11-10 06:30:09,2,2,396.7410250000,397.1896810000,0.4486560000
D1,994,2017-11-11 02:20:07,2,2,401.8622880000,401.8951100000,0.0328220000
D1,994,2017-11-11 09:35:05,2,1,418.7689620000,418.7689620000,0.0000000000
D1,994,2017-11-11 11:45:09,2,2,433.2026480000,433.6294170000,0.4267690000
D1,994,2017-11-11 18:10:04,2,2,410.8901340000,411.5138690000,0.6237350000
D1,994,2017-11-12 02:00:04,2,1,406.8959240000,406.8959240000,0.0000000000
D1,994,2017-11-12 08:45:06,2,1,403.6569280000,403.6569280000,0.0000000000
D1,994,2017-11-12 10:35:06,2,1,403.6569280000,403.6569280000,0.0000000000
D1,994,2017-11-12 17:25:05,2,1,403.6569280000,403.6569280000,0.0000000000
D1,994,2017-11-13 03:35:04,2,1,403.6569280000,403.6569280000,0.0000000000
D1,994,2017-11-13 06:25:10,2,1,403.6569280000,403.6569280000,0.0000000000
D1,994,2017-11-13 07:50:08,2,1,403.6569280000,403.6569280000,0.0000000000
D1,994,2017-11-13 17:05:08,2,1,403.6569280000,403.6569280000,0.0000000000
D1,994,2017-11-14 04:35:07,2,1,403.6569280000,403.6569280000,0.0000000000
D1,994,2017-11-14 08:20:06,2,1,403.6569280000,403.6569280000,0.0000000000
D1,994,2017-11-14 21:15:08,2,1,403.6569280000,403.6569280000,0.0000000000
D1,994,2017-11-30 14:15:10,2,2,454.4755460000,454.6506400000,0.1750940000
D1,994,2017-11-30 20:40:13,2,2,432.8962010000,433.2682450000,0.3720440000
D2,1010,2017-11-06 16:20:05,2,2,385.6613190000,385.7226020000,0.0612830000
D2,1010,2017-11-06 16:50:06,2,2,381.1571880000,381.2184720000,0.0612840000
D2,1010,2017-11-07 01:25:08,2,2,363.5391840000,364.8873460000,1.3481620000
D2,1010,2017-11-07 20:35:10,2,1,374.2019340000,374.2019340000,0.0000000000
D2,1010,2017-11-08 07:45:06,2,2,350.2568150000,350.6857740000,0.4289590000
D2,1010,2017-11-09 05:15:07,2,1,346.1510470000,346.1510470000,0.0000000000
D2,1010,2017-11-09 14:20:06,2,1,381.7545540000,381.7545540000,0.0000000000
D2,1010,2017-11-10 05:50:05,2,1,363.7076790000,363.7076790000,0.0000000000
D2,1010,2017-11-10 06:30:09,2,2,351.6355070000,352.8151510000,1.1796440000
D2,1010,2017-11-11 02:20:07,2,2,359.9236360000,361.2564660000,1.3328300000
D2,1010,2017-11-11 09:35:05,2,1,342.3210750000,342.3210750000,0.0000000000
D2,1010,2017-11-11 11:45:09,2,2,366.8636260000,367.5836690000,0.7200430000
D2,1010,2017-11-12 02:00:04,2,1,365.1171680000,365.1171680000,0.0000000000
D2,1010,2017-11-12 08:45:06,2,1,356.9669820000,356.9669820000,0.0000000000
D2,1010,2017-11-12 10:35:06,2,1,356.9669820000,356.9669820000,0.0000000000
D2,1010,2017-11-12 17:25:05,2,1,356.9669820000,356.9669820000,0.0000000000
D2,1010,2017-11-13 03:35:04,2,1,356.9669820000,356.9669820000,0.0000000000
D2,1010,2017-11-13 07:50:08,2,1,356.9669820000,356.9669820000,0.0000000000
D2,1010,2017-11-13 17:05:08,2,1,356.9669820000,356.9669820000,0.0000000000
D2,1010,2017-11-14 04:35:07,2,1,356.9669820000,356.9669820000,0.0000000000
D2,1010,2017-11-14 08:20:06,2,1,356.9669820000,356.9669820000,0.0000000000
D2,1010,2017-11-14 21:15:08,2,1,356.9669820000,356.9669820000,0.0000000000
D2,1010,2017-11-30 14:15:10,2,2,381.0959280000,381.2644450000,0.1685170000
D2,1010,2017-11-30 20:40:13,2,2,381.1878520000,381.2031840000,0.0153320000
D3,1026,2017-11-06 16:20:05,2,2,338.3224070000,339.0424510000,0.7200440000
D3,1026,2017-11-06 16:50:06,2,2,347.3919070000,347.7442740000,0.3523670000
D3,1026,2017-11-07 01:25:08,2,2,359.1883060000,359.7398090000,0.5515030000
D3,1026,2017-11-07 20:35:10,2,1,348.0965960000,348.0965960000,0.0000000000
D3,1026,2017-11-08 07:45:06,2,2,334.4158650000,334.6763070000,0.2604420000
D3,1026,2017-11-09 05:15:07,2,1,357.9473560000,357.9473560000,0.0000000000
D3,1026,2017-11-09 14:20:06,2,1,351.2372110000,351.2372110000,0.0000000000
D3,1026,2017-11-10 05:50:05,2,1,354.6076270000,354.6076270000,0.0000000000
D3,1026,2017-11-10 06:30:09,2,2,347.1162000000,347.8975260000,0.7813260000
D3,1026,2017-11-11 02:20:07,2,2,366.8329840000,367.2466340000,0.4136500000
D3,1026,2017-11-11 09:35:05,2,1,347.9894730000,347.9894730000,0.0000000000
D3,1026,2017-11-11 11:45:09,2,2,345.6760690000,347.1008460000,1.4247770000
D3,1026,2017-11-12 02:00:04,2,1,356.2469160000,356.2469160000,0.0000000000
D3,1026,2017-11-12 08:45:06,2,1,343.2708960000,343.2708960000,0.0000000000
D3,1026,2017-11-12 10:35:06,2,1,343.2708960000,343.2708960000,0.0000000000
D3,1026,2017-11-12 17:25:05,2,1,343.2708960000,343.2708960000,0.0000000000
D3,1026,2017-11-13 03:35:04,2,1,343.2708960000,343.2708960000,0.0000000000
D3,1026,2017-11-13 17:05:08,2,1,343.2708960000,343.2708960000,0.0000000000
D3,1026,2017-11-14 04:35:07,2,1,343.2708960000,343.2708960000,0.0000000000
D3,1026,2017-11-14 08:20:06,2,1,343.2708960000,343.2708960000,0.0000000000
D3,1026,2017-11-14 21:15:08,2,1,343.2708960000,343.2708960000,0.0000000000
D3,1026,2017-11-30 14:15:10,2,2,371.1991720000,371.9345250000,0.7353530000
D3,1026,2017-11-30 20:40:13,2,2,378.1544490000,378.5068160000,0.3523670000
