level,date,rows,unique_timestamps
D1,2017-11-01,288,288
D1,2017-11-02,281,281
D1,2017-11-03,99,99
D1,2017-11-04,288,288
D1,2017-11-05,288,288
D1,2017-11-06,434,432
D1,2017-11-07,525,523
D1,2017-11-08,522,521
D1,2017-11-09,518,516
D1,2017-11-10,527,525
D1,2017-11-11,533,529
D1,2017-11-12,514,510
D1,2017-11-13,522,518
D1,2017-11-14,523,520
D1,2017-11-15,180,180
D1,2017-11-16,288,288
D1,2017-11-17,288,288
D1,2017-11-18,288,288
D1,2017-11-19,288,288
D1,2017-11-20,288,288
D1,2017-11-21,288,288
D1,2017-11-22,288,288
D1,2017-11-23,288,288
D1,2017-11-24,288,288
D1,2017-11-25,288,288
D1,2017-11-26,279,279
D1,2017-11-27,286,286
D1,2017-11-28,288,288
D1,2017-11-29,288,288
D1,2017-11-30,519,517
D2,2017-11-01,288,288
D2,2017-11-02,281,281
D2,2017-11-03,99,99
D2,2017-11-04,288,288
D2,2017-11-05,288,288
D2,2017-11-06,434,432
D2,2017-11-07,525,523
D2,2017-11-08,522,521
D2,2017-11-09,518,516
D2,2017-11-10,527,525
D2,2017-11-11,533,530
D2,2017-11-12,514,510
D2,2017-11-13,522,519
D2,2017-11-14,523,520
D2,2017-11-15,180,180
D2,2017-11-16,288,288
D2,2017-11-17,288,288
D2,2017-11-18,288,288
D2,2017-11-19,288,288
D2,2017-11-20,288,288
D2,2017-11-21,288,288
D2,2017-11-22,288,288
D2,2017-11-23,288,288
D2,2017-11-24,288,288
D2,2017-11-25,288,288
D2,2017-11-26,279,279
D2,2017-11-27,286,286
D2,2017-11-28,288,288
D2,2017-11-29,288,288
D2,2017-11-30,519,517
D3,2017-11-01,288,288
D3,2017-11-02,281,281
D3,2017-11-03,99,99
D3,2017-11-04,288,288
D3,2017-11-05,288,288
D3,2017-11-06,434,432
D3,2017-11-07,525,523
D3,2017-11-08,522,521
D3,2017-11-09,518,516
D3,2017-11-10,527,525
D3,2017-11-11,533,530
D3,2017-11-12,514,510
D3,2017-11-13,522,520
D3,2017-11-14,523,520
D3,2017-11-15,180,180
D3,2017-11-16,288,288
D3,2017-11-17,288,288
D3,2017-11-18,288,288
D3,2017-11-19,288,288
D3,2017-11-20,288,288
D3,2017-11-21,288,288
D3,2017-11-22,288,288
D3,2017-11-23,288,288
D3,2017-11-24,288,288
D3,2017-11-25,288,288
D3,2017-11-26,279,279
D3,2017-11-27,286,286
D3,2017-11-28,288,288
D3,2017-11-29,288,288
D3,2017-11-30,519,517
