level,previous,following,duration_seconds
D1,2017-11-02 23:20:04,2017-11-03 15:47:15,59231.0000000000
D1,2017-11-06 08:30:02,2017-11-06 09:06:11,2169.0000000000
D1,2017-11-14 23:55:08,2017-11-15 08:56:20,32472.0000000000
D1,2017-11-15 09:25:01,2017-11-15 09:35:52,651.0000000000
D1,2017-11-26 08:25:03,2017-11-26 09:09:40,2677.0000000000
D1,2017-11-26 09:15:00,2017-11-26 09:34:12,1152.0000000000
D1,2017-11-27 08:35:04,2017-11-27 08:54:46,1182.0000000000
D2,2017-11-02 23:20:04,2017-11-03 15:47:15,59231.0000000000
D2,2017-11-06 08:30:02,2017-11-06 09:06:11,2169.0000000000
D2,2017-11-14 23:55:08,2017-11-15 08:56:20,32472.0000000000
D2,2017-11-15 09:25:01,2017-11-15 09:35:52,651.0000000000
D2,2017-11-26 08:25:03,2017-11-26 09:09:40,2677.0000000000
D2,2017-11-26 09:15:00,2017-11-26 09:34:12,1152.0000000000
D2,2017-11-27 08:35:04,2017-11-27 08:54:46,1182.0000000000
D3,2017-11-02 23:20:04,2017-11-03 15:47:15,59231.0000000000
D3,2017-11-06 08:30:02,2017-11-06 09:06:11,2169.0000000000
D3,2017-11-14 23:55:08,2017-11-15 08:56:20,32472.0000000000
D3,2017-11-15 09:25:01,2017-11-15 09:35:52,651.0000000000
D3,2017-11-26 08:25:03,2017-11-26 09:09:41,2678.0000000000
D3,2017-11-26 09:15:00,2017-11-26 09:34:12,1152.0000000000
D3,2017-11-27 08:35:04,2017-11-27 08:54:46,1182.0000000000
