window,start,end_exclusive,center,possible_bins,complete_bins,fraction_complete,coverage_percent,longest_gap_bins,longest_gap_hours,doubtful_bins,doubtful_bins_all,window_days,step_days,retained_observations_1275,used_observations_1275,review_bins_1275,retained_observations_996,used_observations_996,review_bins_996,retained_observations_1012,used_observations_1012,review_bins_1012,retained_observations_1035,used_observations_1035,review_bins_1035,status,reason
0,2025-04-29,2025-05-29,2025-05-14,360,355,0.98611111111111116,98.611111111111114,5,10,355,360,30,1,729,718,355,2869,2829,8,2872,2832,9,2827,2827,7,ВЫЧИСЛЕНО / ТРЕБУЕТ ПРОВЕРКИ,
1,2025-04-30,2025-05-30,2025-05-15,360,360,1,100,0,0,360,360,30,1,728,728,360,2868,2868,9,2872,2872,9,2870,2870,7,ВЫЧИСЛЕНО / ТРЕБУЕТ ПРОВЕРКИ,
2,2025-05-01,2025-05-31,2025-05-16,360,360,1,100,0,0,360,360,30,1,728,728,360,2867,2867,10,2872,2872,9,2870,2870,7,ВЫЧИСЛЕНО / ТРЕБУЕТ ПРОВЕРКИ,
3,2025-05-02,2025-06-01,2025-05-17,360,360,1,100,0,0,360,360,30,1,728,728,360,2867,2867,10,2871,2871,9,2870,2870,7,ВЫЧИСЛЕНО / ТРЕБУЕТ ПРОВЕРКИ,
4,2025-05-03,2025-06-02,2025-05-18,360,360,1,100,0,0,360,360,30,1,728,728,360,2868,2868,10,2870,2870,9,2869,2869,7,ВЫЧИСЛЕНО / ТРЕБУЕТ ПРОВЕРКИ,
5,2025-05-04,2025-06-03,2025-05-19,360,360,1,100,0,0,360,360,30,1,728,728,360,2866,2866,11,2870,2870,10,2868,2868,7,ВЫЧИСЛЕНО / ТРЕБУЕТ ПРОВЕРКИ,
6,2025-05-05,2025-06-04,2025-05-20,360,360,1,100,0,0,360,360,30,1,728,728,360,2866,2866,10,2868,2868,10,2868,2868,7,ВЫЧИСЛЕНО / ТРЕБУЕТ ПРОВЕРКИ,
7,2025-05-06,2025-06-05,2025-05-21,360,360,1,100,0,0,360,360,30,1,729,729,360,2866,2866,10,2868,2868,10,2869,2869,6,ВЫЧИСЛЕНО / ТРЕБУЕТ ПРОВЕРКИ,
8,2025-05-07,2025-06-06,2025-05-22,360,360,1,100,0,0,360,360,30,1,728,728,360,2865,2865,9,2868,2868,11,2869,2869,5,ВЫЧИСЛЕНО / ТРЕБУЕТ ПРОВЕРКИ,
9,2025-05-08,2025-06-07,2025-05-23,360,360,1,100,0,0,360,360,30,1,728,728,360,2865,2865,9,2867,2867,10,2869,2869,5,ВЫЧИСЛЕНО / ТРЕБУЕТ ПРОВЕРКИ,
10,2025-05-09,2025-06-08,2025-05-24,360,360,1,100,0,0,360,360,30,1,728,728,360,2865,2865,9,2866,2866,10,2869,2869,5,ВЫЧИСЛЕНО / ТРЕБУЕТ ПРОВЕРКИ,
11,2025-05-10,2025-06-09,2025-05-25,360,360,1,100,0,0,360,360,30,1,729,729,360,2865,2865,10,2866,2866,11,2867,2867,5,ВЫЧИСЛЕНО / ТРЕБУЕТ ПРОВЕРКИ,
12,2025-05-11,2025-06-10,2025-05-26,360,360,1,100,0,0,360,360,30,1,728,728,360,2866,2866,10,2866,2866,11,2868,2868,6,ВЫЧИСЛЕНО / ТРЕБУЕТ ПРОВЕРКИ,
13,2025-05-12,2025-06-11,2025-05-27,360,360,1,100,0,0,360,360,30,1,728,728,360,2866,2866,11,2866,2866,11,2868,2868,5,ВЫЧИСЛЕНО / ТРЕБУЕТ ПРОВЕРКИ,
14,2025-05-13,2025-06-12,2025-05-28,360,360,1,100,0,0,360,360,30,1,729,729,360,2866,2866,11,2866,2866,11,2869,2869,5,ВЫЧИСЛЕНО / ТРЕБУЕТ ПРОВЕРКИ,
15,2025-05-14,2025-06-13,2025-05-29,360,360,1,100,0,0,360,360,30,1,728,728,360,2867,2867,11,2865,2865,11,2869,2869,5,ВЫЧИСЛЕНО / ТРЕБУЕТ ПРОВЕРКИ,
16,2025-05-15,2025-06-14,2025-05-30,360,360,1,100,0,0,360,360,30,1,728,728,360,2867,2867,11,2864,2864,11,2869,2869,5,ВЫЧИСЛЕНО / ТРЕБУЕТ ПРОВЕРКИ,
17,2025-05-16,2025-06-15,2025-05-31,360,360,1,100,0,0,360,360,30,1,728,728,360,2867,2867,11,2864,2864,10,2868,2868,6,ВЫЧИСЛЕНО / ТРЕБУЕТ ПРОВЕРКИ,
18,2025-05-17,2025-06-16,2025-06-01,360,360,1,100,0,0,360,360,30,1,729,729,360,2867,2867,12,2864,2864,10,2868,2868,6,ВЫЧИСЛЕНО / ТРЕБУЕТ ПРОВЕРКИ,
19,2025-05-18,2025-06-17,2025-06-02,360,360,1,100,0,0,360,360,30,1,728,728,360,2867,2867,11,2864,2864,9,2868,2868,6,ВЫЧИСЛЕНО / ТРЕБУЕТ ПРОВЕРКИ,
20,2025-05-19,2025-06-18,2025-06-03,360,360,1,100,0,0,360,360,30,1,728,728,360,2867,2867,11,2865,2865,9,2867,2867,6,ВЫЧИСЛЕНО / ТРЕБУЕТ ПРОВЕРКИ,
21,2025-05-20,2025-06-19,2025-06-04,360,357,0.9916666666666667,99.166666666666671,3,6,357,358,30,1,721,721,357,2867,2843,11,2865,2841,10,2869,2845,6,ВЫЧИСЛЕНО / ТРЕБУЕТ ПРОВЕРКИ,
22,2025-05-21,2025-06-20,2025-06-05,360,357,0.9916666666666667,99.166666666666671,3,6,357,358,30,1,722,722,357,2867,2843,10,2865,2841,10,2868,2844,5,ВЫЧИСЛЕНО / ТРЕБУЕТ ПРОВЕРКИ,
23,2025-05-22,2025-06-21,2025-06-06,360,357,0.9916666666666667,99.166666666666671,3,6,357,358,30,1,723,723,357,2868,2844,10,2865,2841,8,2868,2844,4,ВЫЧИСЛЕНО / ТРЕБУЕТ ПРОВЕРКИ,
24,2025-05-23,2025-06-22,2025-06-07,360,357,0.9916666666666667,99.166666666666671,3,6,357,358,30,1,723,723,357,2868,2844,9,2864,2840,8,2868,2844,4,ВЫЧИСЛЕНО / ТРЕБУЕТ ПРОВЕРКИ,
25,2025-05-24,2025-06-23,2025-06-08,360,357,0.9916666666666667,99.166666666666671,3,6,357,358,30,1,723,723,357,2868,2844,9,2865,2841,8,2866,2842,4,ВЫЧИСЛЕНО / ТРЕБУЕТ ПРОВЕРКИ,
26,2025-05-25,2025-06-24,2025-06-09,360,357,0.9916666666666667,99.166666666666671,3,6,357,358,30,1,723,723,357,2867,2843,9,2863,2839,7,2866,2842,5,ВЫЧИСЛЕНО / ТРЕБУЕТ ПРОВЕРКИ,
27,2025-05-26,2025-06-25,2025-06-10,360,357,0.9916666666666667,99.166666666666671,3,6,357,358,30,1,723,723,357,2865,2841,9,2863,2839,7,2866,2842,4,ВЫЧИСЛЕНО / ТРЕБУЕТ ПРОВЕРКИ,
28,2025-05-27,2025-06-26,2025-06-11,360,357,0.9916666666666667,99.166666666666671,3,6,357,358,30,1,723,723,357,2864,2840,9,2863,2839,7,2867,2843,4,ВЫЧИСЛЕНО / ТРЕБУЕТ ПРОВЕРКИ,
29,2025-05-28,2025-06-27,2025-06-12,360,357,0.9916666666666667,99.166666666666671,3,6,357,358,30,1,723,723,357,2864,2840,9,2864,2840,7,2868,2844,4,ВЫЧИСЛЕНО / ТРЕБУЕТ ПРОВЕРКИ,
30,2025-05-29,2025-06-28,2025-06-13,360,357,0.9916666666666667,99.166666666666671,3,6,357,358,30,1,723,723,357,2865,2841,9,2862,2838,6,2867,2843,5,ВЫЧИСЛЕНО / ТРЕБУЕТ ПРОВЕРКИ,
31,2025-05-30,2025-06-29,2025-06-14,360,357,0.9916666666666667,99.166666666666671,3,6,357,358,30,1,723,723,357,2866,2842,8,2861,2837,6,2866,2842,6,ВЫЧИСЛЕНО / ТРЕБУЕТ ПРОВЕРКИ,
32,2025-05-31,2025-06-30,2025-06-15,360,357,0.9916666666666667,99.166666666666671,3,6,357,358,30,1,723,723,357,2867,2843,7,2861,2837,6,2866,2842,7,ВЫЧИСЛЕНО / ТРЕБУЕТ ПРОВЕРКИ,
33,2025-06-01,2025-07-01,2025-06-16,360,357,0.9916666666666667,99.166666666666671,3,6,357,358,30,1,723,723,357,2866,2842,7,2862,2838,7,2865,2841,7,ВЫЧИСЛЕНО / ТРЕБУЕТ ПРОВЕРКИ,
34,2025-06-02,2025-07-02,2025-06-17,360,357,0.9916666666666667,99.166666666666671,3,6,357,358,30,1,723,723,357,2866,2842,8,2863,2839,7,2866,2842,7,ВЫЧИСЛЕНО / ТРЕБУЕТ ПРОВЕРКИ,
35,2025-06-03,2025-07-03,2025-06-18,360,357,0.9916666666666667,99.166666666666671,3,6,357,358,30,1,723,723,357,2867,2843,7,2863,2839,6,2866,2842,7,ВЫЧИСЛЕНО / ТРЕБУЕТ ПРОВЕРКИ,
36,2025-06-04,2025-07-04,2025-06-19,360,357,0.9916666666666667,99.166666666666671,3,6,357,358,30,1,724,724,357,2867,2843,8,2864,2840,6,2865,2841,7,ВЫЧИСЛЕНО / ТРЕБУЕТ ПРОВЕРКИ,
37,2025-06-05,2025-07-05,2025-06-20,360,357,0.9916666666666667,99.166666666666671,3,6,357,358,30,1,723,723,357,2867,2843,9,2864,2840,6,2865,2841,7,ВЫЧИСЛЕНО / ТРЕБУЕТ ПРОВЕРКИ,
38,2025-06-06,2025-07-06,2025-06-21,360,357,0.9916666666666667,99.166666666666671,3,6,357,358,30,1,723,723,357,2868,2844,10,2865,2841,5,2865,2841,7,ВЫЧИСЛЕНО / ТРЕБУЕТ ПРОВЕРКИ,
39,2025-06-07,2025-07-07,2025-06-22,360,357,0.9916666666666667,99.166666666666671,3,6,357,358,30,1,724,724,357,2868,2844,10,2865,2841,6,2864,2840,7,ВЫЧИСЛЕНО / ТРЕБУЕТ ПРОВЕРКИ,
40,2025-06-08,2025-07-08,2025-06-23,360,357,0.9916666666666667,99.166666666666671,3,6,357,358,30,1,724,724,357,2868,2844,11,2867,2843,6,2865,2841,7,ВЫЧИСЛЕНО / ТРЕБУЕТ ПРОВЕРКИ,
41,2025-06-09,2025-07-09,2025-06-24,360,357,0.9916666666666667,99.166666666666671,3,6,357,358,30,1,723,723,357,2868,2844,10,2866,2842,7,2866,2842,7,ВЫЧИСЛЕНО / ТРЕБУЕТ ПРОВЕРКИ,
42,2025-06-10,2025-07-10,2025-06-25,360,357,0.9916666666666667,99.166666666666671,3,6,357,358,30,1,723,723,357,2868,2844,10,2866,2842,7,2866,2842,7,ВЫЧИСЛЕНО / ТРЕБУЕТ ПРОВЕРКИ,
43,2025-06-11,2025-07-11,2025-06-26,360,357,0.9916666666666667,99.166666666666671,3,6,357,358,30,1,723,723,357,2867,2843,10,2865,2841,8,2864,2840,8,ВЫЧИСЛЕНО / ТРЕБУЕТ ПРОВЕРКИ,
44,2025-06-12,2025-07-12,2025-06-27,360,357,0.9916666666666667,99.166666666666671,3,6,357,358,30,1,722,722,357,2867,2843,10,2863,2839,8,2863,2839,8,ВЫЧИСЛЕНО / ТРЕБУЕТ ПРОВЕРКИ,
45,2025-06-13,2025-07-13,2025-06-28,360,357,0.9916666666666667,99.166666666666671,3,6,357,358,30,1,722,722,357,2867,2843,10,2863,2839,11,2862,2838,8,ВЫЧИСЛЕНО / ТРЕБУЕТ ПРОВЕРКИ,
46,2025-06-14,2025-07-14,2025-06-29,360,357,0.9916666666666667,99.166666666666671,3,6,357,358,30,1,723,723,357,2868,2844,10,2863,2839,11,2861,2837,9,ВЫЧИСЛЕНО / ТРЕБУЕТ ПРОВЕРКИ,
47,2025-06-15,2025-07-15,2025-06-30,360,357,0.9916666666666667,99.166666666666671,3,6,357,358,30,1,723,723,357,2867,2843,10,2862,2838,11,2860,2836,8,ВЫЧИСЛЕНО / ТРЕБУЕТ ПРОВЕРКИ,
48,2025-06-16,2025-07-16,2025-07-01,360,357,0.9916666666666667,99.166666666666671,3,6,357,358,30,1,723,723,357,2867,2843,11,2862,2838,12,2860,2836,8,ВЫЧИСЛЕНО / ТРЕБУЕТ ПРОВЕРКИ,
49,2025-06-17,2025-07-17,2025-07-02,360,357,0.9916666666666667,99.166666666666671,3,6,357,358,30,1,723,723,357,2867,2843,10,2861,2837,14,2859,2835,9,ВЫЧИСЛЕНО / ТРЕБУЕТ ПРОВЕРКИ,
50,2025-06-18,2025-07-18,2025-07-03,360,357,0.9916666666666667,99.166666666666671,3,6,357,358,30,1,724,724,357,2868,2844,9,2861,2837,14,2860,2836,9,ВЫЧИСЛЕНО / ТРЕБУЕТ ПРОВЕРКИ,
51,2025-06-19,2025-07-19,2025-07-04,360,360,1,100,0,0,360,360,30,1,731,731,360,2869,2869,10,2860,2860,12,2859,2859,10,ВЫЧИСЛЕНО / ТРЕБУЕТ ПРОВЕРКИ,
52,2025-06-20,2025-07-20,2025-07-05,360,360,1,100,0,0,360,360,30,1,729,729,360,2869,2869,10,2859,2859,12,2860,2860,10,ВЫЧИСЛЕНО / ТРЕБУЕТ ПРОВЕРКИ,
53,2025-06-21,2025-07-21,2025-07-06,360,360,1,100,0,0,360,360,30,1,728,728,360,2868,2868,10,2861,2861,12,2860,2860,10,ВЫЧИСЛЕНО / ТРЕБУЕТ ПРОВЕРКИ,
54,2025-06-22,2025-07-22,2025-07-07,360,360,1,100,0,0,360,360,30,1,729,729,360,2869,2869,12,2862,2862,12,2860,2860,10,ВЫЧИСЛЕНО / ТРЕБУЕТ ПРОВЕРКИ,
55,2025-06-23,2025-07-23,2025-07-08,360,360,1,100,0,0,360,360,30,1,729,729,360,2869,2869,12,2862,2862,13,2863,2863,10,ВЫЧИСЛЕНО / ТРЕБУЕТ ПРОВЕРКИ,
56,2025-06-24,2025-07-24,2025-07-09,360,360,1,100,0,0,360,360,30,1,728,728,360,2870,2870,12,2862,2862,13,2862,2862,9,ВЫЧИСЛЕНО / ТРЕБУЕТ ПРОВЕРКИ,
57,2025-06-25,2025-07-25,2025-07-10,360,353,0.98055555555555551,98.055555555555557,7,14,353,353,30,1,713,713,353,2871,2816,12,2861,2807,14,2862,2806,9,ВЫЧИСЛЕНО / ТРЕБУЕТ ПРОВЕРКИ,
58,2025-06-26,2025-07-26,2025-07-11,360,349,0.96944444444444444,96.944444444444443,11,22,349,349,30,1,701,701,349,2871,2784,12,2860,2774,15,2862,2774,9,ВЫЧИСЛЕНО / ТРЕБУЕТ ПРОВЕРКИ,
59,2025-06-27,2025-07-27,2025-07-12,360,349,0.96944444444444444,96.944444444444443,11,22,349,349,30,1,693,693,349,2871,2784,12,2860,2774,17,2861,2773,9,ВЫЧИСЛЕНО / ТРЕБУЕТ ПРОВЕРКИ,
60,2025-06-28,2025-07-28,2025-07-13,360,349,0.96944444444444444,96.944444444444443,11,22,349,349,30,1,685,685,349,2871,2784,15,2861,2775,17,2862,2774,8,ВЫЧИСЛЕНО / ТРЕБУЕТ ПРОВЕРКИ,
61,2025-06-29,2025-07-29,2025-07-14,360,349,0.96944444444444444,96.944444444444443,11,22,349,349,30,1,678,678,349,2870,2783,16,2861,2775,17,2863,2775,7,ВЫЧИСЛЕНО / ТРЕБУЕТ ПРОВЕРКИ,
62,2025-06-30,2025-07-30,2025-07-15,360,344,0.9555555555555556,95.555555555555557,11,22,344,344,30,1,663,663,344,2869,2743,16,2860,2734,17,2863,2735,6,ВЫЧИСЛЕНО / ТРЕБУЕТ ПРОВЕРКИ,
63,2025-07-01,2025-07-31,2025-07-16,360,338,0.93888888888888888,93.888888888888886,11,22,338,338,30,1,647,647,338,2870,2696,16,2859,2685,16,2864,2688,6,ВЫЧИСЛЕНО / ТРЕБУЕТ ПРОВЕРКИ,
64,2025-07-02,2025-08-01,2025-07-17,360,338,0.93888888888888888,93.888888888888886,11,22,338,338,30,1,639,639,338,2870,2696,15,2858,2684,16,2864,2688,6,ВЫЧИСЛЕНО / ТРЕБУЕТ ПРОВЕРКИ,
65,2025-07-03,2025-08-02,2025-07-18,360,338,0.93888888888888888,93.888888888888886,11,22,338,338,30,1,631,631,338,2871,2697,15,2858,2684,16,2864,2688,6,ВЫЧИСЛЕНО / ТРЕБУЕТ ПРОВЕРКИ,
66,2025-07-04,2025-08-03,2025-07-19,360,338,0.93888888888888888,93.888888888888886,11,22,338,338,30,1,623,623,338,2871,2697,14,2858,2684,16,2864,2688,7,ВЫЧИСЛЕНО / ТРЕБУЕТ ПРОВЕРКИ,
67,2025-07-05,2025-08-04,2025-07-20,360,338,0.93888888888888888,93.888888888888886,11,22,338,338,30,1,616,616,338,2870,2696,13,2858,2684,16,2863,2687,7,ВЫЧИСЛЕНО / ТРЕБУЕТ ПРОВЕРКИ,
68,2025-07-06,2025-08-05,2025-07-21,360,338,0.93888888888888888,93.888888888888886,11,22,338,338,30,1,609,609,338,2869,2695,12,2857,2683,17,2863,2687,7,ВЫЧИСЛЕНО / ТРЕБУЕТ ПРОВЕРКИ,
69,2025-07-07,2025-08-06,2025-07-22,360,338,0.93888888888888888,93.888888888888886,11,22,338,338,30,1,601,601,338,2869,2695,12,2858,2684,17,2863,2687,7,ВЫЧИСЛЕНО / ТРЕБУЕТ ПРОВЕРКИ,
70,2025-07-08,2025-08-07,2025-07-23,360,338,0.93888888888888888,93.888888888888886,11,22,338,338,30,1,594,594,338,2868,2694,11,2857,2683,17,2862,2686,7,ВЫЧИСЛЕНО / ТРЕБУЕТ ПРОВЕРКИ,
71,2025-07-09,2025-08-08,2025-07-24,360,338,0.93888888888888888,93.888888888888886,11,22,338,338,30,1,587,587,338,2867,2693,11,2858,2684,15,2862,2686,7,ВЫЧИСЛЕНО / ТРЕБУЕТ ПРОВЕРКИ,
72,2025-07-10,2025-08-09,2025-07-25,360,338,0.93888888888888888,93.888888888888886,11,22,338,338,30,1,579,579,338,2867,2693,11,2857,2683,15,2862,2686,6,ВЫЧИСЛЕНО / ТРЕБУЕТ ПРОВЕРКИ,
73,2025-07-11,2025-08-10,2025-07-26,360,338,0.93888888888888888,93.888888888888886,11,22,338,338,30,1,572,572,338,2868,2694,11,2857,2683,14,2864,2688,5,ВЫЧИСЛЕНО / ТРЕБУЕТ ПРОВЕРКИ,
74,2025-07-12,2025-08-11,2025-07-27,360,338,0.93888888888888888,93.888888888888886,11,22,338,338,30,1,565,565,338,2868,2694,11,2858,2684,14,2864,2688,5,ВЫЧИСЛЕНО / ТРЕБУЕТ ПРОВЕРКИ,
75,2025-07-13,2025-08-12,2025-07-28,360,333,0.92500000000000004,92.5,11,22,333,333,30,1,551,551,333,2867,2654,11,2859,2645,11,2865,2649,7,ВЫЧИСЛЕНО / ТРЕБУЕТ ПРОВЕРКИ,
76,2025-07-14,2025-08-13,2025-07-29,360,321,0.89166666666666672,89.166666666666671,17,34,321,321,30,1,526,526,321,2867,2558,11,2858,2550,11,2865,2554,6,ВЫЧИСЛЕНО / ТРЕБУЕТ ПРОВЕРКИ,
77,2025-07-15,2025-08-14,2025-07-30,360,317,0.88055555555555554,88.055555555555557,21,42,317,317,30,1,513,513,317,2867,2527,12,2859,2519,11,2867,2524,7,ВЫЧИСЛЕНО / ТРЕБУЕТ ПРОВЕРКИ,
78,2025-07-16,2025-08-15,2025-07-31,360,317,0.88055555555555554,88.055555555555557,21,42,317,317,30,1,505,505,317,2867,2527,10,2859,2519,10,2865,2522,7,ВЫЧИСЛЕНО / ТРЕБУЕТ ПРОВЕРКИ,
79,2025-07-17,2025-08-16,2025-08-01,360,317,0.88055555555555554,88.055555555555557,21,42,317,317,30,1,498,498,317,2867,2527,10,2859,2519,8,2867,2524,6,ВЫЧИСЛЕНО / ТРЕБУЕТ ПРОВЕРКИ,
80,2025-07-18,2025-08-17,2025-08-02,360,317,0.88055555555555554,88.055555555555557,21,42,317,317,30,1,490,490,317,2866,2526,10,2859,2519,9,2865,2522,7,ВЫЧИСЛЕНО / ТРЕБУЕТ ПРОВЕРКИ,
81,2025-07-19,2025-08-18,2025-08-03,360,317,0.88055555555555554,88.055555555555557,21,42,317,317,30,1,483,483,317,2866,2526,9,2860,2520,9,2865,2522,6,ВЫЧИСЛЕНО / ТРЕБУЕТ ПРОВЕРКИ,
82,2025-07-20,2025-08-19,2025-08-04,360,317,0.88055555555555554,88.055555555555557,21,42,317,317,30,1,475,475,317,2866,2526,10,2860,2520,9,2865,2522,6,ВЫЧИСЛЕНО / ТРЕБУЕТ ПРОВЕРКИ,
83,2025-07-21,2025-08-20,2025-08-05,360,317,0.88055555555555554,88.055555555555557,21,42,317,317,30,1,468,468,317,2867,2527,9,2860,2520,10,2865,2522,6,ВЫЧИСЛЕНО / ТРЕБУЕТ ПРОВЕРКИ,
84,2025-07-22,2025-08-21,2025-08-06,360,317,0.88055555555555554,88.055555555555557,21,42,317,317,30,1,460,460,317,2867,2527,7,2859,2519,11,2864,2521,6,ВЫЧИСЛЕНО / ТРЕБУЕТ ПРОВЕРКИ,
85,2025-07-23,2025-08-22,2025-08-07,360,317,0.88055555555555554,88.055555555555557,21,42,317,317,30,1,453,453,317,2866,2526,8,2858,2518,10,2864,2521,6,ВЫЧИСЛЕНО / ТРЕБУЕТ ПРОВЕРКИ,
86,2025-07-24,2025-08-23,2025-08-08,360,317,0.88055555555555554,88.055555555555557,21,42,317,317,30,1,446,446,317,2866,2526,9,2860,2520,10,2864,2521,8,ВЫЧИСЛЕНО / ТРЕБУЕТ ПРОВЕРКИ,
87,2025-07-25,2025-08-24,2025-08-09,360,324,0.90000000000000002,90,21,42,324,324,30,1,454,454,324,2867,2582,9,2862,2576,9,2864,2577,8,ВЫЧИСЛЕНО / ТРЕБУЕТ ПРОВЕРКИ,
88,2025-07-26,2025-08-25,2025-08-10,360,328,0.91111111111111109,91.111111111111114,21,42,328,328,30,1,458,458,328,2867,2614,9,2863,2609,8,2864,2609,9,ВЫЧИСЛЕНО / ТРЕБУЕТ ПРОВЕРКИ,
89,2025-07-27,2025-08-26,2025-08-11,360,328,0.91111111111111109,91.111111111111114,21,42,328,328,30,1,459,459,328,2868,2615,9,2863,2609,7,2865,2610,9,ВЫЧИСЛЕНО / ТРЕБУЕТ ПРОВЕРКИ,
90,2025-07-28,2025-08-27,2025-08-12,360,328,0.91111111111111109,91.111111111111114,21,42,328,328,30,1,459,459,328,2867,2614,6,2864,2610,7,2865,2610,8,ВЫЧИСЛЕНО / ТРЕБУЕТ ПРОВЕРКИ,
91,2025-07-29,2025-08-28,2025-08-13,360,328,0.91111111111111109,91.111111111111114,21,42,328,328,30,1,459,459,328,2868,2615,5,2865,2611,9,2865,2610,11,ВЫЧИСЛЕНО / ТРЕБУЕТ ПРОВЕРКИ,
92,2025-07-30,2025-08-29,2025-08-14,360,333,0.92500000000000004,92.5,21,42,333,333,30,1,467,467,333,2869,2655,5,2866,2652,9,2865,2650,11,ВЫЧИСЛЕНО / ТРЕБУЕТ ПРОВЕРКИ,
93,2025-07-31,2025-08-30,2025-08-15,360,339,0.94166666666666665,94.166666666666671,21,42,339,339,30,1,476,476,339,2869,2703,6,2866,2700,9,2864,2697,11,ВЫЧИСЛЕНО / ТРЕБУЕТ ПРОВЕРКИ,
94,2025-08-01,2025-08-31,2025-08-16,360,339,0.94166666666666665,94.166666666666671,21,42,339,339,30,1,476,476,339,2868,2702,7,2866,2700,9,2864,2697,11,ВЫЧИСЛЕНО / ТРЕБУЕТ ПРОВЕРКИ,
95,2025-08-02,2025-09-01,2025-08-17,360,339,0.94166666666666665,94.166666666666671,21,42,339,339,30,1,476,476,339,2868,2702,7,2866,2700,9,2865,2698,12,ВЫЧИСЛЕНО / ТРЕБУЕТ ПРОВЕРКИ,
96,2025-08-03,2025-09-02,2025-08-18,360,339,0.94166666666666665,94.166666666666671,21,42,339,339,30,1,476,476,339,2867,2701,8,2867,2701,10,2866,2699,11,ВЫЧИСЛЕНО / ТРЕБУЕТ ПРОВЕРКИ,
97,2025-08-04,2025-09-03,2025-08-19,360,339,0.94166666666666665,94.166666666666671,21,42,339,339,30,1,476,476,339,2868,2702,8,2867,2701,10,2866,2699,12,ВЫЧИСЛЕНО / ТРЕБУЕТ ПРОВЕРКИ,
98,2025-08-05,2025-09-04,2025-08-20,360,339,0.94166666666666665,94.166666666666671,21,42,339,339,30,1,476,476,339,2869,2703,8,2866,2700,10,2866,2699,12,ВЫЧИСЛЕНО / ТРЕБУЕТ ПРОВЕРКИ,
99,2025-08-06,2025-09-05,2025-08-21,360,339,0.94166666666666665,94.166666666666671,21,42,339,339,30,1,476,476,339,2867,2701,9,2866,2700,9,2867,2700,12,ВЫЧИСЛЕНО / ТРЕБУЕТ ПРОВЕРКИ,
100,2025-08-07,2025-09-06,2025-08-22,360,339,0.94166666666666665,94.166666666666671,21,42,339,339,30,1,476,476,339,2868,2702,9,2867,2701,9,2867,2700,12,ВЫЧИСЛЕНО / ТРЕБУЕТ ПРОВЕРКИ,
101,2025-08-08,2025-09-07,2025-08-23,360,339,0.94166666666666665,94.166666666666671,21,42,339,339,30,1,475,475,339,2869,2703,9,2867,2701,10,2867,2700,14,ВЫЧИСЛЕНО / ТРЕБУЕТ ПРОВЕРКИ,
102,2025-08-09,2025-09-08,2025-08-24,360,339,0.94166666666666665,94.166666666666671,21,42,339,339,30,1,476,476,339,2869,2703,10,2867,2701,10,2867,2700,14,ВЫЧИСЛЕНО / ТРЕБУЕТ ПРОВЕРКИ,
103,2025-08-10,2025-09-09,2025-08-25,360,339,0.94166666666666665,94.166666666666671,21,42,339,339,30,1,476,476,339,2869,2703,9,2868,2702,10,2866,2699,14,ВЫЧИСЛЕНО / ТРЕБУЕТ ПРОВЕРКИ,
104,2025-08-11,2025-09-10,2025-08-26,360,339,0.94166666666666665,94.166666666666671,21,42,339,339,30,1,476,476,339,2869,2703,9,2869,2703,10,2865,2698,14,ВЫЧИСЛЕНО / ТРЕБУЕТ ПРОВЕРКИ,
105,2025-08-12,2025-09-11,2025-08-27,360,344,0.9555555555555556,95.555555555555557,16,32,344,344,30,1,483,483,344,2870,2743,9,2868,2742,10,2864,2737,12,ВЫЧИСЛЕНО / ТРЕБУЕТ ПРОВЕРКИ,
106,2025-08-13,2025-09-12,2025-08-28,360,356,0.98888888888888893,98.888888888888886,4,8,356,356,30,1,500,500,356,2869,2838,9,2870,2838,11,2865,2833,12,ВЫЧИСЛЕНО / ТРЕБУЕТ ПРОВЕРКИ,
107,2025-08-14,2025-09-13,2025-08-29,360,360,1,100,0,0,360,360,30,1,505,505,360,2870,2870,8,2870,2870,11,2865,2865,11,ВЫЧИСЛЕНО / ТРЕБУЕТ ПРОВЕРКИ,
108,2025-08-15,2025-09-14,2025-08-30,360,360,1,100,0,0,360,360,30,1,505,505,360,2870,2870,8,2870,2870,11,2866,2866,11,ВЫЧИСЛЕНО / ТРЕБУЕТ ПРОВЕРКИ,
109,2025-08-16,2025-09-15,2025-08-31,360,360,1,100,0,0,360,360,30,1,505,505,360,2870,2870,8,2871,2871,11,2865,2865,11,ВЫЧИСЛЕНО / ТРЕБУЕТ ПРОВЕРКИ,
110,2025-08-17,2025-09-16,2025-09-01,360,360,1,100,0,0,360,360,30,1,505,505,360,2871,2871,8,2870,2870,10,2867,2867,10,ВЫЧИСЛЕНО / ТРЕБУЕТ ПРОВЕРКИ,
111,2025-08-18,2025-09-17,2025-09-02,360,360,1,100,0,0,360,360,30,1,505,505,360,2871,2871,9,2870,2870,11,2868,2868,10,ВЫЧИСЛЕНО / ТРЕБУЕТ ПРОВЕРКИ,
112,2025-08-19,2025-09-18,2025-09-03,360,360,1,100,0,0,360,360,30,1,506,506,360,2871,2871,8,2871,2871,11,2868,2868,10,ВЫЧИСЛЕНО / ТРЕБУЕТ ПРОВЕРКИ,
113,2025-08-20,2025-09-19,2025-09-04,360,360,1,100,0,0,360,360,30,1,505,505,360,2871,2871,8,2870,2870,10,2866,2866,10,ВЫЧИСЛЕНО / ТРЕБУЕТ ПРОВЕРКИ,
114,2025-08-21,2025-09-20,2025-09-05,360,360,1,100,0,0,360,360,30,1,505,505,360,2871,2871,8,2871,2871,10,2866,2866,11,ВЫЧИСЛЕНО / ТРЕБУЕТ ПРОВЕРКИ,
115,2025-08-22,2025-09-21,2025-09-06,360,360,1,100,0,0,360,360,30,1,505,505,360,2871,2871,7,2872,2872,10,2866,2866,11,ВЫЧИСЛЕНО / ТРЕБУЕТ ПРОВЕРКИ,
116,2025-08-23,2025-09-22,2025-09-07,360,360,1,100,0,0,360,360,30,1,505,505,360,2870,2870,8,2872,2872,12,2866,2866,9,ВЫЧИСЛЕНО / ТРЕБУЕТ ПРОВЕРКИ,
117,2025-08-24,2025-09-23,2025-09-08,360,360,1,100,0,0,360,360,30,1,505,505,360,2870,2870,9,2871,2871,12,2866,2866,9,ВЫЧИСЛЕНО / ТРЕБУЕТ ПРОВЕРКИ,
118,2025-08-25,2025-09-24,2025-09-09,360,360,1,100,0,0,360,360,30,1,506,506,360,2871,2871,9,2871,2871,12,2866,2866,8,ВЫЧИСЛЕНО / ТРЕБУЕТ ПРОВЕРКИ,
119,2025-08-26,2025-09-25,2025-09-10,360,360,1,100,0,0,360,360,30,1,506,506,360,2871,2871,9,2871,2871,11,2866,2866,8,ВЫЧИСЛЕНО / ТРЕБУЕТ ПРОВЕРКИ,
120,2025-08-27,2025-09-26,2025-09-11,360,360,1,100,0,0,360,360,30,1,505,505,360,2872,2872,9,2871,2871,11,2866,2866,9,ВЫЧИСЛЕНО / ТРЕБУЕТ ПРОВЕРКИ,
121,2025-08-28,2025-09-27,2025-09-12,360,360,1,100,0,0,360,360,30,1,506,506,360,2872,2872,9,2871,2871,9,2866,2866,7,ВЫЧИСЛЕНО / ТРЕБУЕТ ПРОВЕРКИ,
122,2025-08-29,2025-09-28,2025-09-13,360,360,1,100,0,0,360,360,30,1,506,506,360,2872,2872,10,2870,2870,9,2866,2866,7,ВЫЧИСЛЕНО / ТРЕБУЕТ ПРОВЕРКИ,
123,2025-08-30,2025-09-29,2025-09-14,360,360,1,100,0,0,360,360,30,1,506,506,360,2871,2871,9,2870,2870,9,2867,2867,8,ВЫЧИСЛЕНО / ТРЕБУЕТ ПРОВЕРКИ,
124,2025-08-31,2025-09-30,2025-09-15,360,360,1,100,0,0,360,360,30,1,505,505,360,2872,2872,9,2871,2871,8,2867,2867,8,ВЫЧИСЛЕНО / ТРЕБУЕТ ПРОВЕРКИ,
125,2025-09-01,2025-10-01,2025-09-16,360,360,1,100,0,0,360,360,30,1,506,506,360,2871,2871,9,2871,2871,8,2867,2867,7,ВЫЧИСЛЕНО / ТРЕБУЕТ ПРОВЕРКИ,
126,2025-09-02,2025-10-02,2025-09-17,360,360,1,100,0,0,360,360,30,1,506,506,360,2873,2873,8,2871,2871,7,2867,2867,7,ВЫЧИСЛЕНО / ТРЕБУЕТ ПРОВЕРКИ,
127,2025-09-03,2025-10-03,2025-09-18,360,360,1,100,0,0,360,360,30,1,506,506,360,2873,2873,8,2871,2871,7,2868,2868,7,ВЫЧИСЛЕНО / ТРЕБУЕТ ПРОВЕРКИ,
128,2025-09-04,2025-10-04,2025-09-19,360,358,0.99444444444444446,99.444444444444443,2,4,358,358,30,1,503,503,358,2873,2857,8,2872,2856,6,2868,2852,8,ВЫЧИСЛЕНО / ТРЕБУЕТ ПРОВЕРКИ,
129,2025-09-05,2025-10-05,2025-09-20,360,358,0.99444444444444446,99.444444444444443,2,4,358,358,30,1,503,503,358,2875,2859,8,2872,2856,7,2868,2852,8,ВЫЧИСЛЕНО / ТРЕБУЕТ ПРОВЕРКИ,
130,2025-09-06,2025-10-06,2025-09-21,360,358,0.99444444444444446,99.444444444444443,2,4,358,358,30,1,502,502,358,2871,2855,8,2872,2856,8,2867,2851,8,ВЫЧИСЛЕНО / ТРЕБУЕТ ПРОВЕРКИ,
131,2025-09-07,2025-10-07,2025-09-22,360,358,0.99444444444444446,99.444444444444443,2,4,358,358,30,1,502,502,358,2870,2854,8,2872,2856,7,2868,2852,6,ВЫЧИСЛЕНО / ТРЕБУЕТ ПРОВЕРКИ,
132,2025-09-08,2025-10-08,2025-09-23,360,358,0.99444444444444446,99.444444444444443,2,4,358,358,30,1,497,497,358,2869,2853,7,2873,2857,7,2868,2852,6,ВЫЧИСЛЕНО / ТРЕБУЕТ ПРОВЕРКИ,
133,2025-09-09,2025-10-09,2025-09-24,360,358,0.99444444444444446,99.444444444444443,2,4,358,358,30,1,492,492,358,2869,2853,9,2873,2857,7,2868,2852,7,ВЫЧИСЛЕНО / ТРЕБУЕТ ПРОВЕРКИ,
134,2025-09-10,2025-10-10,2025-09-25,360,358,0.99444444444444446,99.444444444444443,2,4,358,358,30,1,487,487,358,2868,2852,9,2873,2857,7,2870,2854,7,ВЫЧИСЛЕНО / ТРЕБУЕТ ПРОВЕРКИ,
135,2025-09-11,2025-10-11,2025-09-26,360,358,0.99444444444444446,99.444444444444443,2,4,358,358,30,1,482,482,358,2868,2852,9,2874,2858,7,2870,2854,7,ВЫЧИСЛЕНО / ТРЕБУЕТ ПРОВЕРКИ,
136,2025-09-12,2025-10-12,2025-09-27,360,358,0.99444444444444446,99.444444444444443,2,4,358,358,30,1,477,477,358,2869,2853,9,2874,2858,6,2870,2854,7,ВЫЧИСЛЕНО / ТРЕБУЕТ ПРОВЕРКИ,
137,2025-09-13,2025-10-13,2025-09-28,360,358,0.99444444444444446,99.444444444444443,2,4,358,358,30,1,473,473,358,2869,2853,9,2874,2858,6,2870,2854,7,ВЫЧИСЛЕНО / ТРЕБУЕТ ПРОВЕРКИ,
138,2025-09-14,2025-10-14,2025-09-29,360,358,0.99444444444444446,99.444444444444443,2,4,358,358,30,1,468,468,358,2869,2853,9,2874,2858,6,2871,2855,7,ВЫЧИСЛЕНО / ТРЕБУЕТ ПРОВЕРКИ,
139,2025-09-15,2025-10-15,2025-09-30,360,358,0.99444444444444446,99.444444444444443,2,4,358,358,30,1,463,463,358,2869,2853,10,2874,2858,6,2871,2855,7,ВЫЧИСЛЕНО / ТРЕБУЕТ ПРОВЕРКИ,
140,2025-09-16,2025-10-16,2025-10-01,360,358,0.99444444444444446,99.444444444444443,2,4,358,358,30,1,458,458,358,2866,2850,10,2875,2859,6,2870,2854,8,ВЫЧИСЛЕНО / ТРЕБУЕТ ПРОВЕРКИ,
141,2025-09-17,2025-10-17,2025-10-02,360,358,0.99444444444444446,99.444444444444443,2,4,358,358,30,1,453,453,358,2866,2850,9,2874,2858,5,2870,2854,8,ВЫЧИСЛЕНО / ТРЕБУЕТ ПРОВЕРКИ,
142,2025-09-18,2025-10-18,2025-10-03,360,358,0.99444444444444446,99.444444444444443,2,4,358,358,30,1,448,448,358,2865,2849,9,2874,2858,6,2869,2853,8,ВЫЧИСЛЕНО / ТРЕБУЕТ ПРОВЕРКИ,
143,2025-09-19,2025-10-19,2025-10-04,360,358,0.99444444444444446,99.444444444444443,2,4,358,358,30,1,444,444,358,2864,2848,10,2875,2859,6,2871,2855,8,ВЫЧИСЛЕНО / ТРЕБУЕТ ПРОВЕРКИ,
144,2025-09-20,2025-10-20,2025-10-05,360,358,0.99444444444444446,99.444444444444443,2,4,358,358,30,1,439,439,358,2864,2848,12,2874,2858,6,2871,2855,8,ВЫЧИСЛЕНО / ТРЕБУЕТ ПРОВЕРКИ,
145,2025-09-21,2025-10-21,2025-10-06,360,358,0.99444444444444446,99.444444444444443,2,4,358,358,30,1,434,434,358,2865,2849,12,2874,2858,6,2871,2855,9,ВЫЧИСЛЕНО / ТРЕБУЕТ ПРОВЕРКИ,
146,2025-09-22,2025-10-22,2025-10-07,360,358,0.99444444444444446,99.444444444444443,2,4,358,358,30,1,429,429,358,2866,2850,10,2874,2858,4,2872,2856,10,ВЫЧИСЛЕНО / ТРЕБУЕТ ПРОВЕРКИ,
147,2025-09-23,2025-10-23,2025-10-08,360,358,0.99444444444444446,99.444444444444443,2,4,358,358,30,1,424,424,358,2866,2850,10,2875,2859,6,2872,2856,10,ВЫЧИСЛЕНО / ТРЕБУЕТ ПРОВЕРКИ,
148,2025-09-24,2025-10-24,2025-10-09,360,358,0.99444444444444446,99.444444444444443,2,4,358,358,30,1,419,419,358,2866,2850,11,2874,2858,6,2870,2854,10,ВЫЧИСЛЕНО / ТРЕБУЕТ ПРОВЕРКИ,
149,2025-09-25,2025-10-25,2025-10-10,360,358,0.99444444444444446,99.444444444444443,2,4,358,358,30,1,414,414,358,2865,2849,11,2874,2858,6,2870,2854,10,ВЫЧИСЛЕНО / ТРЕБУЕТ ПРОВЕРКИ,
150,2025-09-26,2025-10-26,2025-10-11,360,358,0.99444444444444446,99.444444444444443,2,4,358,358,30,1,410,410,358,2865,2849,11,2873,2857,7,2870,2854,9,ВЫЧИСЛЕНО / ТРЕБУЕТ ПРОВЕРКИ,
151,2025-09-27,2025-10-27,2025-10-12,360,358,0.99444444444444446,99.444444444444443,2,4,358,358,30,1,404,404,358,2865,2849,11,2873,2857,7,2870,2854,8,ВЫЧИСЛЕНО / ТРЕБУЕТ ПРОВЕРКИ,
152,2025-09-28,2025-10-28,2025-10-13,360,358,0.99444444444444446,99.444444444444443,2,4,358,358,30,1,399,399,358,2863,2847,12,2874,2858,8,2869,2853,9,ВЫЧИСЛЕНО / ТРЕБУЕТ ПРОВЕРКИ,
153,2025-09-29,2025-10-29,2025-10-14,360,358,0.99444444444444446,99.444444444444443,2,4,358,358,30,1,394,394,358,2863,2847,12,2875,2859,9,2868,2852,8,ВЫЧИСЛЕНО / ТРЕБУЕТ ПРОВЕРКИ,
154,2025-09-30,2025-10-30,2025-10-15,360,358,0.99444444444444446,99.444444444444443,2,4,358,358,30,1,390,390,358,2863,2847,13,2875,2859,9,2866,2850,8,ВЫЧИСЛЕНО / ТРЕБУЕТ ПРОВЕРКИ,
155,2025-10-01,2025-10-31,2025-10-16,360,358,0.99444444444444446,99.444444444444443,2,4,358,358,30,1,385,385,358,2864,2848,13,2874,2858,9,2866,2850,9,ВЫЧИСЛЕНО / ТРЕБУЕТ ПРОВЕРКИ,
156,2025-10-02,2025-11-01,2025-10-17,360,358,0.99444444444444446,99.444444444444443,2,4,358,358,30,1,380,380,358,2864,2848,14,2872,2856,9,2866,2850,9,ВЫЧИСЛЕНО / ТРЕБУЕТ ПРОВЕРКИ,
157,2025-10-03,2025-11-02,2025-10-18,360,358,0.99444444444444446,99.444444444444443,2,4,358,358,30,1,375,375,358,2864,2848,14,2872,2856,9,2865,2849,9,ВЫЧИСЛЕНО / ТРЕБУЕТ ПРОВЕРКИ,
158,2025-10-04,2025-11-03,2025-10-19,360,360,1,100,0,0,360,360,30,1,373,373,360,2862,2862,14,2873,2873,9,2864,2864,10,ВЫЧИСЛЕНО / ТРЕБУЕТ ПРОВЕРКИ,
159,2025-10-05,2025-11-04,2025-10-20,360,360,1,100,0,0,360,360,30,1,368,368,360,2861,2861,14,2873,2873,8,2864,2864,10,ВЫЧИСЛЕНО / ТРЕБУЕТ ПРОВЕРКИ,
160,2025-10-06,2025-11-05,2025-10-21,360,360,1,100,0,0,360,360,30,1,364,364,360,2865,2865,15,2872,2872,7,2866,2866,10,ВЫЧИСЛЕНО / ТРЕБУЕТ ПРОВЕРКИ,
161,2025-10-07,2025-11-06,2025-10-22,360,360,1,100,0,0,360,360,30,1,360,360,360,2866,2866,16,2871,2871,7,2866,2866,11,ВЫЧИСЛЕНО / ТРЕБУЕТ ПРОВЕРКИ,
162,2025-10-08,2025-11-07,2025-10-23,360,360,1,100,0,0,360,360,30,1,360,360,360,2867,2867,17,2871,2871,7,2865,2865,11,ВЫЧИСЛЕНО / ТРЕБУЕТ ПРОВЕРКИ,
163,2025-10-09,2025-11-08,2025-10-24,360,360,1,100,0,0,360,360,30,1,360,360,360,2867,2867,15,2871,2871,8,2865,2865,11,ВЫЧИСЛЕНО / ТРЕБУЕТ ПРОВЕРКИ,
164,2025-10-10,2025-11-09,2025-10-25,360,360,1,100,0,0,360,360,30,1,360,360,360,2868,2868,15,2871,2871,9,2864,2864,13,ВЫЧИСЛЕНО / ТРЕБУЕТ ПРОВЕРКИ,
165,2025-10-11,2025-11-10,2025-10-26,360,360,1,100,0,0,360,360,30,1,360,360,360,2866,2866,15,2871,2871,11,2865,2865,14,ВЫЧИСЛЕНО / ТРЕБУЕТ ПРОВЕРКИ,
166,2025-10-12,2025-11-11,2025-10-27,360,360,1,100,0,0,360,360,30,1,360,360,360,2865,2865,15,2871,2871,11,2865,2865,15,ВЫЧИСЛЕНО / ТРЕБУЕТ ПРОВЕРКИ,
167,2025-10-13,2025-11-12,2025-10-28,360,360,1,100,0,0,360,360,30,1,360,360,360,2865,2865,15,2870,2870,12,2864,2864,15,ВЫЧИСЛЕНО / ТРЕБУЕТ ПРОВЕРКИ,
168,2025-10-14,2025-11-13,2025-10-29,360,360,1,100,0,0,360,360,30,1,360,360,360,2865,2865,16,2869,2869,12,2863,2863,17,ВЫЧИСЛЕНО / ТРЕБУЕТ ПРОВЕРКИ,
169,2025-10-15,2025-11-14,2025-10-30,360,360,1,100,0,0,360,360,30,1,360,360,360,2864,2864,15,2869,2869,12,2863,2863,17,ВЫЧИСЛЕНО / ТРЕБУЕТ ПРОВЕРКИ,
170,2025-10-16,2025-11-15,2025-10-31,360,360,1,100,0,0,360,360,30,1,360,360,360,2867,2867,15,2869,2869,12,2864,2864,17,ВЫЧИСЛЕНО / ТРЕБУЕТ ПРОВЕРКИ,
171,2025-10-17,2025-11-16,2025-11-01,360,360,1,100,0,0,360,360,30,1,360,360,360,2867,2867,15,2870,2870,13,2864,2864,18,ВЫЧИСЛЕНО / ТРЕБУЕТ ПРОВЕРКИ,
172,2025-10-18,2025-11-17,2025-11-02,360,360,1,100,0,0,360,360,30,1,360,360,360,2867,2867,16,2870,2870,13,2865,2865,19,ВЫЧИСЛЕНО / ТРЕБУЕТ ПРОВЕРКИ,
173,2025-10-19,2025-11-18,2025-11-03,360,360,1,100,0,0,360,360,30,1,360,360,360,2867,2867,15,2868,2868,13,2865,2865,20,ВЫЧИСЛЕНО / ТРЕБУЕТ ПРОВЕРКИ,
174,2025-10-20,2025-11-19,2025-11-04,360,354,0.98333333333333328,98.333333333333329,6,12,354,354,30,1,354,354,354,2867,2819,14,2869,2821,12,2866,2818,19,ВЫЧИСЛЕНО / ТРЕБУЕТ ПРОВЕРКИ,
175,2025-10-21,2025-11-20,2025-11-05,360,347,0.96388888888888891,96.388888888888886,13,26,347,348,30,1,347,347,347,2866,2762,14,2869,2765,12,2866,2762,18,ВЫЧИСЛЕНО / ТРЕБУЕТ ПРОВЕРКИ,
176,2025-10-22,2025-11-21,2025-11-06,360,347,0.96388888888888891,96.388888888888886,13,26,347,348,30,1,347,347,347,2866,2762,14,2868,2764,12,2866,2762,19,ВЫЧИСЛЕНО / ТРЕБУЕТ ПРОВЕРКИ,
177,2025-10-23,2025-11-22,2025-11-07,360,347,0.96388888888888891,96.388888888888886,13,26,347,348,30,1,347,347,347,2866,2762,14,2868,2764,11,2866,2762,19,ВЫЧИСЛЕНО / ТРЕБУЕТ ПРОВЕРКИ,
178,2025-10-24,2025-11-23,2025-11-08,360,347,0.96388888888888891,96.388888888888886,13,26,347,348,30,1,347,347,347,2865,2761,13,2869,2765,12,2868,2764,19,ВЫЧИСЛЕНО / ТРЕБУЕТ ПРОВЕРКИ,
179,2025-10-25,2025-11-24,2025-11-09,360,347,0.96388888888888891,96.388888888888886,13,26,347,348,30,1,347,347,347,2866,2762,13,2869,2765,12,2867,2763,19,ВЫЧИСЛЕНО / ТРЕБУЕТ ПРОВЕРКИ,
180,2025-10-26,2025-11-25,2025-11-10,360,347,0.96388888888888891,96.388888888888886,13,26,347,348,30,1,347,347,347,2866,2762,13,2869,2765,11,2867,2763,19,ВЫЧИСЛЕНО / ТРЕБУЕТ ПРОВЕРКИ,
181,2025-10-27,2025-11-26,2025-11-11,360,347,0.96388888888888891,96.388888888888886,13,26,347,348,30,1,347,347,347,2866,2762,14,2869,2765,12,2867,2763,20,ВЫЧИСЛЕНО / ТРЕБУЕТ ПРОВЕРКИ,
182,2025-10-28,2025-11-27,2025-11-12,360,347,0.96388888888888891,96.388888888888886,13,26,347,348,30,1,347,347,347,2868,2764,12,2869,2765,11,2868,2764,19,ВЫЧИСЛЕНО / ТРЕБУЕТ ПРОВЕРКИ,
183,2025-10-29,2025-11-28,2025-11-13,360,347,0.96388888888888891,96.388888888888886,13,26,347,348,30,1,347,347,347,2868,2764,12,2869,2765,10,2866,2762,20,ВЫЧИСЛЕНО / ТРЕБУЕТ ПРОВЕРКИ,
184,2025-10-30,2025-11-29,2025-11-14,360,347,0.96388888888888891,96.388888888888886,13,26,347,348,30,1,347,347,347,2868,2764,11,2868,2764,10,2868,2764,20,ВЫЧИСЛЕНО / ТРЕБУЕТ ПРОВЕРКИ,
185,2025-10-31,2025-11-30,2025-11-15,360,347,0.96388888888888891,96.388888888888886,13,26,347,348,30,1,347,347,347,2868,2764,11,2868,2764,10,2867,2763,20,ВЫЧИСЛЕНО / ТРЕБУЕТ ПРОВЕРКИ,
186,2025-11-01,2025-12-01,2025-11-16,360,347,0.96388888888888891,96.388888888888886,13,26,347,348,30,1,347,347,347,2868,2764,10,2870,2766,10,2866,2762,20,ВЫЧИСЛЕНО / ТРЕБУЕТ ПРОВЕРКИ,
187,2025-11-02,2025-12-02,2025-11-17,360,347,0.96388888888888891,96.388888888888886,13,26,347,348,30,1,347,347,347,2868,2764,11,2870,2766,10,2867,2763,19,ВЫЧИСЛЕНО / ТРЕБУЕТ ПРОВЕРКИ,
188,2025-11-03,2025-12-03,2025-11-18,360,347,0.96388888888888891,96.388888888888886,13,26,347,348,30,1,347,347,347,2870,2766,11,2870,2766,10,2867,2763,17,ВЫЧИСЛЕНО / ТРЕБУЕТ ПРОВЕРКИ,
189,2025-11-04,2025-12-04,2025-11-19,360,347,0.96388888888888891,96.388888888888886,13,26,347,348,30,1,347,347,347,2871,2767,11,2869,2765,12,2867,2763,18,ВЫЧИСЛЕНО / ТРЕБУЕТ ПРОВЕРКИ,
190,2025-11-05,2025-12-05,2025-11-20,360,347,0.96388888888888891,96.388888888888886,13,26,347,348,30,1,347,347,347,2870,2766,10,2870,2766,12,2866,2762,19,ВЫЧИСЛЕНО / ТРЕБУЕТ ПРОВЕРКИ,
191,2025-11-06,2025-12-06,2025-11-21,360,347,0.96388888888888891,96.388888888888886,13,26,347,348,30,1,347,347,347,2870,2766,10,2869,2765,13,2865,2761,20,ВЫЧИСЛЕНО / ТРЕБУЕТ ПРОВЕРКИ,
192,2025-11-07,2025-12-07,2025-11-22,360,347,0.96388888888888891,96.388888888888886,13,26,347,348,30,1,347,347,347,2869,2765,9,2869,2765,13,2865,2761,20,ВЫЧИСЛЕНО / ТРЕБУЕТ ПРОВЕРКИ,
193,2025-11-08,2025-12-08,2025-11-23,360,347,0.96388888888888891,96.388888888888886,13,26,347,348,30,1,347,347,347,2869,2765,9,2869,2765,12,2866,2762,20,ВЫЧИСЛЕНО / ТРЕБУЕТ ПРОВЕРКИ,
194,2025-11-09,2025-12-09,2025-11-24,360,347,0.96388888888888891,96.388888888888886,13,26,347,348,30,1,347,347,347,2869,2765,9,2869,2765,11,2867,2763,20,ВЫЧИСЛЕНО / ТРЕБУЕТ ПРОВЕРКИ,
195,2025-11-10,2025-12-10,2025-11-25,360,347,0.96388888888888891,96.388888888888886,13,26,347,348,30,1,347,347,347,2870,2766,10,2869,2765,9,2867,2763,20,ВЫЧИСЛЕНО / ТРЕБУЕТ ПРОВЕРКИ,
196,2025-11-11,2025-12-11,2025-11-26,360,347,0.96388888888888891,96.388888888888886,13,26,347,348,30,1,347,347,347,2871,2767,10,2867,2763,9,2866,2762,19,ВЫЧИСЛЕНО / ТРЕБУЕТ ПРОВЕРКИ,
197,2025-11-12,2025-12-12,2025-11-27,360,347,0.96388888888888891,96.388888888888886,13,26,347,348,30,1,347,347,347,2871,2767,10,2868,2764,8,2867,2763,19,ВЫЧИСЛЕНО / ТРЕБУЕТ ПРОВЕРКИ,
198,2025-11-13,2025-12-13,2025-11-28,360,347,0.96388888888888891,96.388888888888886,13,26,347,348,30,1,347,347,347,2871,2767,9,2869,2765,9,2867,2763,18,ВЫЧИСЛЕНО / ТРЕБУЕТ ПРОВЕРКИ,
199,2025-11-14,2025-12-14,2025-11-29,360,347,0.96388888888888891,96.388888888888886,13,26,347,348,30,1,347,347,347,2872,2768,9,2868,2764,10,2867,2763,18,ВЫЧИСЛЕНО / ТРЕБУЕТ ПРОВЕРКИ,
200,2025-11-15,2025-12-15,2025-11-30,360,347,0.96388888888888891,96.388888888888886,13,26,347,348,30,1,347,347,347,2871,2767,9,2868,2764,10,2867,2763,17,ВЫЧИСЛЕНО / ТРЕБУЕТ ПРОВЕРКИ,
201,2025-11-16,2025-12-16,2025-12-01,360,347,0.96388888888888891,96.388888888888886,13,26,347,348,30,1,347,347,347,2870,2766,10,2868,2764,9,2867,2763,16,ВЫЧИСЛЕНО / ТРЕБУЕТ ПРОВЕРКИ,
202,2025-11-17,2025-12-17,2025-12-02,360,347,0.96388888888888891,96.388888888888886,13,26,347,348,30,1,347,347,347,2871,2767,9,2867,2763,8,2867,2763,15,ВЫЧИСЛЕНО / ТРЕБУЕТ ПРОВЕРКИ,
203,2025-11-18,2025-12-18,2025-12-03,360,347,0.96388888888888891,96.388888888888886,13,26,347,348,30,1,347,347,347,2872,2768,9,2869,2765,9,2867,2763,14,ВЫЧИСЛЕНО / ТРЕБУЕТ ПРОВЕРКИ,
204,2025-11-19,2025-12-19,2025-12-04,360,353,0.98055555555555551,98.055555555555557,7,14,353,354,30,1,353,353,353,2872,2816,8,2869,2813,10,2865,2809,14,ВЫЧИСЛЕНО / ТРЕБУЕТ ПРОВЕРКИ,
205,2025-11-20,2025-12-20,2025-12-05,360,360,1,100,0,0,360,360,30,1,360,360,360,2870,2870,8,2868,2868,10,2863,2863,14,ВЫЧИСЛЕНО / ТРЕБУЕТ ПРОВЕРКИ,
206,2025-11-21,2025-12-21,2025-12-06,360,360,1,100,0,0,360,360,30,1,360,360,360,2870,2870,8,2868,2868,10,2863,2863,12,ВЫЧИСЛЕНО / ТРЕБУЕТ ПРОВЕРКИ,
207,2025-11-22,2025-12-22,2025-12-07,360,360,1,100,0,0,360,360,30,1,360,360,360,2870,2870,7,2867,2867,9,2862,2862,12,ВЫЧИСЛЕНО / ТРЕБУЕТ ПРОВЕРКИ,
208,2025-11-23,2025-12-23,2025-12-08,360,360,1,100,0,0,360,360,30,1,360,360,360,2870,2870,7,2867,2867,8,2862,2862,12,ВЫЧИСЛЕНО / ТРЕБУЕТ ПРОВЕРКИ,
209,2025-11-24,2025-12-24,2025-12-09,360,360,1,100,0,0,360,360,30,1,360,360,360,2868,2868,7,2867,2867,9,2863,2863,13,ВЫЧИСЛЕНО / ТРЕБУЕТ ПРОВЕРКИ,
210,2025-11-25,2025-12-25,2025-12-10,360,360,1,100,0,0,360,360,30,1,360,360,360,2867,2867,8,2868,2868,10,2863,2863,13,ВЫЧИСЛЕНО / ТРЕБУЕТ ПРОВЕРКИ,
211,2025-11-26,2025-12-26,2025-12-11,360,360,1,100,0,0,360,360,30,1,360,360,360,2865,2865,7,2868,2868,9,2862,2862,13,ВЫЧИСЛЕНО / ТРЕБУЕТ ПРОВЕРКИ,
212,2025-11-27,2025-12-27,2025-12-12,360,360,1,100,0,0,360,360,30,1,360,360,360,2865,2865,8,2867,2867,9,2861,2861,13,ВЫЧИСЛЕНО / ТРЕБУЕТ ПРОВЕРКИ,
213,2025-11-28,2025-12-28,2025-12-13,360,360,1,100,0,0,360,360,30,1,360,360,360,2866,2866,8,2866,2866,9,2862,2862,14,ВЫЧИСЛЕНО / ТРЕБУЕТ ПРОВЕРКИ,
214,2025-11-29,2025-12-29,2025-12-14,360,360,1,100,0,0,360,360,30,1,360,360,360,2865,2865,7,2866,2866,9,2862,2862,14,ВЫЧИСЛЕНО / ТРЕБУЕТ ПРОВЕРКИ,
215,2025-11-30,2025-12-30,2025-12-15,360,360,1,100,0,0,360,360,30,1,360,360,360,2865,2865,7,2867,2867,9,2862,2862,13,ВЫЧИСЛЕНО / ТРЕБУЕТ ПРОВЕРКИ,
216,2025-12-01,2025-12-31,2025-12-16,360,360,1,100,0,0,360,360,30,1,360,360,360,2864,2864,8,2867,2867,9,2862,2862,13,ВЫЧИСЛЕНО / ТРЕБУЕТ ПРОВЕРКИ,
217,2025-12-02,2026-01-01,2025-12-17,360,360,1,100,0,0,360,360,30,1,360,360,360,2864,2864,7,2867,2867,9,2862,2862,15,ВЫЧИСЛЕНО / ТРЕБУЕТ ПРОВЕРКИ,
218,2025-12-03,2026-01-02,2025-12-18,360,360,1,100,0,0,360,360,30,1,360,360,360,2862,2862,7,2867,2867,10,2863,2863,16,ВЫЧИСЛЕНО / ТРЕБУЕТ ПРОВЕРКИ,
219,2025-12-04,2026-01-03,2025-12-19,360,360,1,100,0,0,360,360,30,1,360,360,360,2862,2862,6,2868,2868,8,2863,2863,15,ВЫЧИСЛЕНО / ТРЕБУЕТ ПРОВЕРКИ,
220,2025-12-05,2026-01-04,2025-12-20,360,360,1,100,0,0,360,360,30,1,360,360,360,2863,2863,6,2868,2868,8,2864,2864,15,ВЫЧИСЛЕНО / ТРЕБУЕТ ПРОВЕРКИ,
221,2025-12-06,2026-01-05,2025-12-21,360,360,1,100,0,0,360,360,30,1,360,360,360,2862,2862,5,2869,2869,7,2865,2865,13,ВЫЧИСЛЕНО / ТРЕБУЕТ ПРОВЕРКИ,
222,2025-12-07,2026-01-06,2025-12-22,360,360,1,100,0,0,360,360,30,1,360,360,360,2863,2863,5,2869,2869,7,2865,2865,14,ВЫЧИСЛЕНО / ТРЕБУЕТ ПРОВЕРКИ,
223,2025-12-08,2026-01-07,2025-12-23,360,360,1,100,0,0,360,360,30,1,360,360,360,2862,2862,7,2869,2869,7,2865,2865,13,ВЫЧИСЛЕНО / ТРЕБУЕТ ПРОВЕРКИ,
224,2025-12-09,2026-01-08,2025-12-24,360,360,1,100,0,0,360,360,30,1,360,360,360,2858,2858,7,2869,2869,7,2864,2864,13,ВЫЧИСЛЕНО / ТРЕБУЕТ ПРОВЕРКИ,
225,2025-12-10,2026-01-09,2025-12-25,360,360,1,100,0,0,360,360,30,1,360,360,360,2859,2859,7,2868,2868,8,2864,2864,12,ВЫЧИСЛЕНО / ТРЕБУЕТ ПРОВЕРКИ,
226,2025-12-11,2026-01-10,2025-12-26,360,360,1,100,0,0,360,360,30,1,360,360,360,2858,2858,8,2869,2869,8,2864,2864,12,ВЫЧИСЛЕНО / ТРЕБУЕТ ПРОВЕРКИ,
227,2025-12-12,2026-01-11,2025-12-27,360,360,1,100,0,0,360,360,30,1,360,360,360,2857,2857,8,2869,2869,8,2863,2863,12,ВЫЧИСЛЕНО / ТРЕБУЕТ ПРОВЕРКИ,
228,2025-12-13,2026-01-12,2025-12-28,360,360,1,100,0,0,360,360,30,1,360,360,360,2856,2856,10,2868,2868,7,2864,2864,11,ВЫЧИСЛЕНО / ТРЕБУЕТ ПРОВЕРКИ,
229,2025-12-14,2026-01-13,2025-12-29,360,360,1,100,0,0,360,360,30,1,360,360,360,2856,2856,10,2869,2869,7,2864,2864,11,ВЫЧИСЛЕНО / ТРЕБУЕТ ПРОВЕРКИ,
230,2025-12-15,2026-01-14,2025-12-30,360,360,1,100,0,0,360,360,30,1,360,360,360,2856,2856,14,2868,2868,7,2864,2864,11,ВЫЧИСЛЕНО / ТРЕБУЕТ ПРОВЕРКИ,
231,2025-12-16,2026-01-15,2025-12-31,360,360,1,100,0,0,360,360,30,1,360,360,360,2857,2857,13,2868,2868,7,2864,2864,11,ВЫЧИСЛЕНО / ТРЕБУЕТ ПРОВЕРКИ,
232,2025-12-17,2026-01-16,2026-01-01,360,360,1,100,0,0,360,360,30,1,360,360,360,2857,2857,13,2867,2867,7,2863,2863,12,ВЫЧИСЛЕНО / ТРЕБУЕТ ПРОВЕРКИ,
233,2025-12-18,2026-01-17,2026-01-02,360,360,1,100,0,0,360,360,30,1,360,360,360,2857,2857,14,2866,2866,6,2862,2862,16,ВЫЧИСЛЕНО / ТРЕБУЕТ ПРОВЕРКИ,
234,2025-12-19,2026-01-18,2026-01-03,360,360,1,100,0,0,360,360,30,1,360,360,360,2857,2857,14,2866,2866,6,2863,2863,16,ВЫЧИСЛЕНО / ТРЕБУЕТ ПРОВЕРКИ,
235,2025-12-20,2026-01-19,2026-01-04,360,360,1,100,0,0,360,360,30,1,360,360,360,2860,2860,16,2867,2867,9,2864,2864,18,ВЫЧИСЛЕНО / ТРЕБУЕТ ПРОВЕРКИ,
236,2025-12-21,2026-01-20,2026-01-05,360,360,1,100,0,0,360,360,30,1,360,360,360,2860,2860,16,2867,2867,9,2863,2863,19,ВЫЧИСЛЕНО / ТРЕБУЕТ ПРОВЕРКИ,
237,2025-12-22,2026-01-21,2026-01-06,360,360,1,100,0,0,360,360,30,1,360,360,360,2860,2860,16,2868,2868,10,2864,2864,19,ВЫЧИСЛЕНО / ТРЕБУЕТ ПРОВЕРКИ,
238,2025-12-23,2026-01-22,2026-01-07,360,360,1,100,0,0,360,360,30,1,360,360,360,2860,2860,20,2866,2866,10,2864,2864,20,ВЫЧИСЛЕНО / ТРЕБУЕТ ПРОВЕРКИ,
239,2025-12-24,2026-01-23,2026-01-08,360,360,1,100,0,0,360,360,30,1,360,360,360,2862,2862,20,2865,2865,9,2864,2864,20,ВЫЧИСЛЕНО / ТРЕБУЕТ ПРОВЕРКИ,
240,2025-12-25,2026-01-24,2026-01-09,360,360,1,100,0,0,360,360,30,1,360,360,360,2863,2863,19,2864,2864,8,2862,2862,21,ВЫЧИСЛЕНО / ТРЕБУЕТ ПРОВЕРКИ,
241,2025-12-26,2026-01-25,2026-01-10,360,360,1,100,0,0,360,360,30,1,360,360,360,2865,2865,19,2864,2864,9,2863,2863,20,ВЫЧИСЛЕНО / ТРЕБУЕТ ПРОВЕРКИ,
242,2025-12-27,2026-01-26,2026-01-11,360,360,1,100,0,0,360,360,30,1,360,360,360,2865,2865,18,2865,2865,10,2864,2864,20,ВЫЧИСЛЕНО / ТРЕБУЕТ ПРОВЕРКИ,
243,2025-12-28,2026-01-27,2026-01-12,360,360,1,100,0,0,360,360,30,1,360,360,360,2863,2863,18,2866,2866,10,2866,2866,18,ВЫЧИСЛЕНО / ТРЕБУЕТ ПРОВЕРКИ,
244,2025-12-29,2026-01-28,2026-01-13,360,360,1,100,0,0,360,360,30,1,360,360,360,2864,2864,18,2867,2867,11,2866,2866,18,ВЫЧИСЛЕНО / ТРЕБУЕТ ПРОВЕРКИ,
245,2025-12-30,2026-01-29,2026-01-14,360,360,1,100,0,0,360,360,30,1,360,360,360,2863,2863,19,2867,2867,11,2867,2867,18,ВЫЧИСЛЕНО / ТРЕБУЕТ ПРОВЕРКИ,
246,2025-12-31,2026-01-30,2026-01-15,360,360,1,100,0,0,360,360,30,1,360,360,360,2864,2864,18,2867,2867,12,2868,2868,18,ВЫЧИСЛЕНО / ТРЕБУЕТ ПРОВЕРКИ,
247,2026-01-01,2026-01-31,2026-01-16,360,360,1,100,0,0,360,360,30,1,360,360,360,2864,2864,18,2866,2866,12,2868,2868,16,ВЫЧИСЛЕНО / ТРЕБУЕТ ПРОВЕРКИ,
248,2026-01-02,2026-02-01,2026-01-17,360,360,1,100,0,0,360,360,30,1,360,360,360,2866,2866,18,2865,2865,11,2868,2868,16,ВЫЧИСЛЕНО / ТРЕБУЕТ ПРОВЕРКИ,
249,2026-01-03,2026-02-02,2026-01-18,360,360,1,100,0,0,360,360,30,1,360,360,360,2865,2865,18,2865,2865,13,2868,2868,16,ВЫЧИСЛЕНО / ТРЕБУЕТ ПРОВЕРКИ,
250,2026-01-04,2026-02-03,2026-01-19,360,360,1,100,0,0,360,360,30,1,360,360,360,2865,2865,18,2864,2864,13,2866,2866,15,ВЫЧИСЛЕНО / ТРЕБУЕТ ПРОВЕРКИ,
251,2026-01-05,2026-02-04,2026-01-20,360,360,1,100,0,0,360,360,30,1,360,360,360,2865,2865,19,2865,2865,13,2866,2866,16,ВЫЧИСЛЕНО / ТРЕБУЕТ ПРОВЕРКИ,
252,2026-01-06,2026-02-05,2026-01-21,360,360,1,100,0,0,360,360,30,1,360,360,360,2863,2863,19,2863,2863,13,2864,2864,15,ВЫЧИСЛЕНО / ТРЕБУЕТ ПРОВЕРКИ,
253,2026-01-07,2026-02-06,2026-01-22,360,360,1,100,0,0,360,360,30,1,360,360,360,2864,2864,18,2863,2863,13,2863,2863,16,ВЫЧИСЛЕНО / ТРЕБУЕТ ПРОВЕРКИ,
254,2026-01-08,2026-02-07,2026-01-23,360,360,1,100,0,0,360,360,30,1,360,360,360,2868,2868,19,2863,2863,14,2864,2864,15,ВЫЧИСЛЕНО / ТРЕБУЕТ ПРОВЕРКИ,
255,2026-01-09,2026-02-08,2026-01-24,360,360,1,100,0,0,360,360,30,1,360,360,360,2867,2867,18,2863,2863,13,2862,2862,16,ВЫЧИСЛЕНО / ТРЕБУЕТ ПРОВЕРКИ,
256,2026-01-10,2026-02-09,2026-01-25,360,360,1,100,0,0,360,360,30,1,360,360,360,2868,2868,17,2864,2864,13,2862,2862,17,ВЫЧИСЛЕНО / ТРЕБУЕТ ПРОВЕРКИ,
257,2026-01-11,2026-02-10,2026-01-26,360,360,1,100,0,0,360,360,30,1,360,360,360,2868,2868,19,2864,2864,13,2863,2863,17,ВЫЧИСЛЕНО / ТРЕБУЕТ ПРОВЕРКИ,
258,2026-01-12,2026-02-11,2026-01-27,360,360,1,100,0,0,360,360,30,1,360,360,360,2869,2869,18,2864,2864,13,2862,2862,17,ВЫЧИСЛЕНО / ТРЕБУЕТ ПРОВЕРКИ,
259,2026-01-13,2026-02-12,2026-01-28,360,360,1,100,0,0,360,360,30,1,360,360,360,2868,2868,19,2864,2864,12,2863,2863,17,ВЫЧИСЛЕНО / ТРЕБУЕТ ПРОВЕРКИ,
260,2026-01-14,2026-02-13,2026-01-29,360,360,1,100,0,0,360,360,30,1,360,360,360,2869,2869,16,2865,2865,12,2863,2863,18,ВЫЧИСЛЕНО / ТРЕБУЕТ ПРОВЕРКИ,
261,2026-01-15,2026-02-14,2026-01-30,360,360,1,100,0,0,360,360,30,1,360,360,360,2867,2867,16,2864,2864,12,2862,2862,18,ВЫЧИСЛЕНО / ТРЕБУЕТ ПРОВЕРКИ,
262,2026-01-16,2026-02-15,2026-01-31,360,360,1,100,0,0,360,360,30,1,360,360,360,2867,2867,16,2865,2865,12,2863,2863,17,ВЫЧИСЛЕНО / ТРЕБУЕТ ПРОВЕРКИ,
263,2026-01-17,2026-02-16,2026-02-01,360,360,1,100,0,0,360,360,30,1,360,360,360,2867,2867,15,2865,2865,12,2863,2863,15,ВЫЧИСЛЕНО / ТРЕБУЕТ ПРОВЕРКИ,
264,2026-01-18,2026-02-17,2026-02-02,360,360,1,100,0,0,360,360,30,1,360,360,360,2867,2867,16,2865,2865,13,2864,2864,17,ВЫЧИСЛЕНО / ТРЕБУЕТ ПРОВЕРКИ,
265,2026-01-19,2026-02-18,2026-02-03,360,360,1,100,0,0,360,360,30,1,360,360,360,2867,2867,14,2864,2864,10,2865,2865,15,ВЫЧИСЛЕНО / ТРЕБУЕТ ПРОВЕРКИ,
266,2026-01-20,2026-02-19,2026-02-04,360,360,1,100,0,0,360,360,30,1,360,360,360,2867,2867,14,2864,2864,10,2865,2865,14,ВЫЧИСЛЕНО / ТРЕБУЕТ ПРОВЕРКИ,
267,2026-01-21,2026-02-20,2026-02-05,360,360,1,100,0,0,360,360,30,1,360,360,360,2867,2867,14,2863,2863,9,2865,2865,16,ВЫЧИСЛЕНО / ТРЕБУЕТ ПРОВЕРКИ,
268,2026-01-22,2026-02-21,2026-02-06,360,360,1,100,0,0,360,360,30,1,360,360,360,2868,2868,10,2865,2865,11,2865,2865,16,ВЫЧИСЛЕНО / ТРЕБУЕТ ПРОВЕРКИ,
269,2026-01-23,2026-02-22,2026-02-07,360,360,1,100,0,0,360,360,30,1,360,360,360,2868,2868,11,2866,2866,11,2865,2865,15,ВЫЧИСЛЕНО / ТРЕБУЕТ ПРОВЕРКИ,
270,2026-01-24,2026-02-23,2026-02-08,360,360,1,100,0,0,360,360,30,1,360,360,360,2868,2868,11,2867,2867,12,2866,2866,14,ВЫЧИСЛЕНО / ТРЕБУЕТ ПРОВЕРКИ,
271,2026-01-25,2026-02-24,2026-02-09,360,360,1,100,0,0,360,360,30,1,360,360,360,2868,2868,11,2866,2866,11,2866,2866,14,ВЫЧИСЛЕНО / ТРЕБУЕТ ПРОВЕРКИ,
272,2026-01-26,2026-02-25,2026-02-10,360,360,1,100,0,0,360,360,30,1,360,360,360,2867,2867,11,2866,2866,10,2863,2863,14,ВЫЧИСЛЕНО / ТРЕБУЕТ ПРОВЕРКИ,
273,2026-01-27,2026-02-26,2026-02-11,360,360,1,100,0,0,360,360,30,1,360,360,360,2869,2869,11,2866,2866,11,2863,2863,14,ВЫЧИСЛЕНО / ТРЕБУЕТ ПРОВЕРКИ,
274,2026-01-28,2026-02-27,2026-02-12,360,360,1,100,0,0,360,360,30,1,360,360,360,2868,2868,12,2866,2866,11,2862,2862,14,ВЫЧИСЛЕНО / ТРЕБУЕТ ПРОВЕРКИ,
275,2026-01-29,2026-02-28,2026-02-13,360,360,1,100,0,0,360,360,30,1,360,360,360,2867,2867,11,2866,2866,11,2862,2862,14,ВЫЧИСЛЕНО / ТРЕБУЕТ ПРОВЕРКИ,
276,2026-01-30,2026-03-01,2026-02-14,360,360,1,100,0,0,360,360,30,1,360,360,360,2867,2867,11,2866,2866,10,2862,2862,14,ВЫЧИСЛЕНО / ТРЕБУЕТ ПРОВЕРКИ,
277,2026-01-31,2026-03-02,2026-02-15,360,360,1,100,0,0,360,360,30,1,360,360,360,2867,2867,13,2867,2867,11,2861,2861,15,ВЫЧИСЛЕНО / ТРЕБУЕТ ПРОВЕРКИ,
278,2026-02-01,2026-03-03,2026-02-16,360,360,1,100,0,0,360,360,30,1,360,360,360,2866,2866,13,2868,2868,11,2861,2861,14,ВЫЧИСЛЕНО / ТРЕБУЕТ ПРОВЕРКИ,
279,2026-02-02,2026-03-04,2026-02-17,360,360,1,100,0,0,360,360,30,1,360,360,360,2867,2867,13,2867,2867,9,2861,2861,14,ВЫЧИСЛЕНО / ТРЕБУЕТ ПРОВЕРКИ,
280,2026-02-03,2026-03-05,2026-02-18,360,360,1,100,0,0,360,360,30,1,360,360,360,2867,2867,13,2867,2867,9,2862,2862,15,ВЫЧИСЛЕНО / ТРЕБУЕТ ПРОВЕРКИ,
281,2026-02-04,2026-03-06,2026-02-19,360,360,1,100,0,0,360,360,30,1,360,360,360,2868,2868,12,2867,2867,10,2861,2861,15,ВЫЧИСЛЕНО / ТРЕБУЕТ ПРОВЕРКИ,
282,2026-02-05,2026-03-07,2026-02-20,360,360,1,100,0,0,360,360,30,1,360,360,360,2869,2869,12,2869,2869,10,2864,2864,15,ВЫЧИСЛЕНО / ТРЕБУЕТ ПРОВЕРКИ,
283,2026-02-06,2026-03-08,2026-02-21,360,360,1,100,0,0,360,360,30,1,360,360,360,2869,2869,11,2869,2869,10,2865,2865,14,ВЫЧИСЛЕНО / ТРЕБУЕТ ПРОВЕРКИ,
284,2026-02-07,2026-03-09,2026-02-22,360,360,1,100,0,0,360,360,30,1,360,360,360,2869,2869,10,2869,2869,9,2864,2864,13,ВЫЧИСЛЕНО / ТРЕБУЕТ ПРОВЕРКИ,
285,2026-02-08,2026-03-10,2026-02-23,360,360,1,100,0,0,360,360,30,1,360,360,360,2870,2870,10,2870,2870,9,2866,2866,12,ВЫЧИСЛЕНО / ТРЕБУЕТ ПРОВЕРКИ,
286,2026-02-09,2026-03-11,2026-02-24,360,360,1,100,0,0,360,360,30,1,360,360,360,2870,2870,10,2870,2870,9,2865,2865,11,ВЫЧИСЛЕНО / ТРЕБУЕТ ПРОВЕРКИ,
287,2026-02-10,2026-03-12,2026-02-25,360,360,1,100,0,0,360,360,30,1,360,360,360,2866,2866,8,2866,2866,10,2861,2861,11,ВЫЧИСЛЕНО / ТРЕБУЕТ ПРОВЕРКИ,
288,2026-02-11,2026-03-13,2026-02-26,360,360,1,100,0,0,360,360,30,1,360,360,360,2866,2866,8,2866,2866,10,2862,2862,11,ВЫЧИСЛЕНО / ТРЕБУЕТ ПРОВЕРКИ,
289,2026-02-12,2026-03-14,2026-02-27,360,360,1,100,0,0,360,360,30,1,360,360,360,2866,2866,9,2866,2866,10,2861,2861,12,ВЫЧИСЛЕНО / ТРЕБУЕТ ПРОВЕРКИ,
290,2026-02-13,2026-03-15,2026-02-28,360,360,1,100,0,0,360,360,30,1,360,360,360,2866,2866,9,2864,2864,10,2861,2861,11,ВЫЧИСЛЕНО / ТРЕБУЕТ ПРОВЕРКИ,
291,2026-02-14,2026-03-16,2026-03-01,360,360,1,100,0,0,360,360,30,1,360,360,360,2868,2868,10,2865,2865,11,2862,2862,11,ВЫЧИСЛЕНО / ТРЕБУЕТ ПРОВЕРКИ,
292,2026-02-15,2026-03-17,2026-03-02,360,360,1,100,0,0,360,360,30,1,360,360,360,2868,2868,10,2866,2866,12,2859,2859,11,ВЫЧИСЛЕНО / ТРЕБУЕТ ПРОВЕРКИ,
293,2026-02-16,2026-03-18,2026-03-03,360,360,1,100,0,0,360,360,30,1,360,360,360,2868,2868,10,2867,2867,12,2860,2860,9,ВЫЧИСЛЕНО / ТРЕБУЕТ ПРОВЕРКИ,
294,2026-02-17,2026-03-19,2026-03-04,360,360,1,100,0,0,360,360,30,1,360,360,360,2867,2867,9,2867,2867,10,2858,2858,7,ВЫЧИСЛЕНО / ТРЕБУЕТ ПРОВЕРКИ,
295,2026-02-18,2026-03-20,2026-03-05,360,360,1,100,0,0,360,360,30,1,360,360,360,2867,2867,9,2868,2868,11,2858,2858,9,ВЫЧИСЛЕНО / ТРЕБУЕТ ПРОВЕРКИ,
296,2026-02-19,2026-03-21,2026-03-06,360,360,1,100,0,0,360,360,30,1,360,360,360,2867,2867,9,2869,2869,12,2859,2859,10,ВЫЧИСЛЕНО / ТРЕБУЕТ ПРОВЕРКИ,
297,2026-02-20,2026-03-22,2026-03-07,360,360,1,100,0,0,360,360,30,1,360,360,360,2867,2867,9,2870,2870,13,2857,2857,8,ВЫЧИСЛЕНО / ТРЕБУЕТ ПРОВЕРКИ,
298,2026-02-21,2026-03-23,2026-03-08,360,360,1,100,0,0,360,360,30,1,360,360,360,2867,2867,9,2870,2870,11,2857,2857,7,ВЫЧИСЛЕНО / ТРЕБУЕТ ПРОВЕРКИ,
299,2026-02-22,2026-03-24,2026-03-09,360,360,1,100,0,0,360,360,30,1,360,360,360,2866,2866,8,2870,2870,11,2856,2856,7,ВЫЧИСЛЕНО / ТРЕБУЕТ ПРОВЕРКИ,
300,2026-02-23,2026-03-25,2026-03-10,360,360,1,100,0,0,360,360,30,1,360,360,360,2864,2864,8,2870,2870,10,2857,2857,7,ВЫЧИСЛЕНО / ТРЕБУЕТ ПРОВЕРКИ,
301,2026-02-24,2026-03-26,2026-03-11,360,360,1,100,0,0,360,360,30,1,360,360,360,2863,2863,9,2868,2868,10,2856,2856,7,ВЫЧИСЛЕНО / ТРЕБУЕТ ПРОВЕРКИ,
302,2026-02-25,2026-03-27,2026-03-12,360,360,1,100,0,0,360,360,30,1,360,360,360,2864,2864,9,2867,2867,10,2858,2858,7,ВЫЧИСЛЕНО / ТРЕБУЕТ ПРОВЕРКИ,
303,2026-02-26,2026-03-28,2026-03-13,360,360,1,100,0,0,360,360,30,1,360,360,360,2864,2864,9,2867,2867,9,2858,2858,7,ВЫЧИСЛЕНО / ТРЕБУЕТ ПРОВЕРКИ,
304,2026-02-27,2026-03-29,2026-03-14,360,360,1,100,0,0,360,360,30,1,360,360,360,2865,2865,8,2867,2867,8,2859,2859,8,ВЫЧИСЛЕНО / ТРЕБУЕТ ПРОВЕРКИ,
305,2026-02-28,2026-03-30,2026-03-15,360,360,1,100,0,0,360,360,30,1,360,360,360,2867,2867,8,2867,2867,8,2859,2859,8,ВЫЧИСЛЕНО / ТРЕБУЕТ ПРОВЕРКИ,
306,2026-03-01,2026-03-31,2026-03-16,360,360,1,100,0,0,360,360,30,1,360,360,360,2867,2867,8,2867,2867,8,2859,2859,9,ВЫЧИСЛЕНО / ТРЕБУЕТ ПРОВЕРКИ,
307,2026-03-02,2026-04-01,2026-03-17,360,360,1,100,0,0,360,360,30,1,360,360,360,2866,2866,6,2865,2865,7,2859,2859,9,ВЫЧИСЛЕНО / ТРЕБУЕТ ПРОВЕРКИ,
308,2026-03-03,2026-04-02,2026-03-18,360,360,1,100,0,0,360,360,30,1,360,360,360,2866,2866,6,2864,2864,7,2858,2858,9,ВЫЧИСЛЕНО / ТРЕБУЕТ ПРОВЕРКИ,
309,2026-03-04,2026-04-03,2026-03-19,360,360,1,100,0,0,360,360,30,1,360,360,360,2866,2866,7,2865,2865,7,2858,2858,9,ВЫЧИСЛЕНО / ТРЕБУЕТ ПРОВЕРКИ,
310,2026-03-05,2026-04-04,2026-03-20,360,360,1,100,0,0,360,360,30,1,360,360,360,2866,2866,7,2866,2866,7,2859,2859,8,ВЫЧИСЛЕНО / ТРЕБУЕТ ПРОВЕРКИ,
311,2026-03-06,2026-04-05,2026-03-21,360,360,1,100,0,0,360,360,30,1,360,360,360,2866,2866,8,2865,2865,6,2860,2860,8,ВЫЧИСЛЕНО / ТРЕБУЕТ ПРОВЕРКИ,
312,2026-03-07,2026-04-06,2026-03-22,360,360,1,100,0,0,360,360,30,1,360,360,360,2866,2866,8,2865,2865,7,2858,2858,8,ВЫЧИСЛЕНО / ТРЕБУЕТ ПРОВЕРКИ,
313,2026-03-08,2026-04-07,2026-03-23,360,360,1,100,0,0,360,360,30,1,360,360,360,2866,2866,8,2865,2865,7,2858,2858,9,ВЫЧИСЛЕНО / ТРЕБУЕТ ПРОВЕРКИ,
314,2026-03-09,2026-04-08,2026-03-24,360,360,1,100,0,0,360,360,30,1,360,360,360,2865,2865,8,2865,2865,8,2859,2859,9,ВЫЧИСЛЕНО / ТРЕБУЕТ ПРОВЕРКИ,
315,2026-03-10,2026-04-09,2026-03-25,360,360,1,100,0,0,360,360,30,1,360,360,360,2864,2864,8,2864,2864,9,2858,2858,9,ВЫЧИСЛЕНО / ТРЕБУЕТ ПРОВЕРКИ,
316,2026-03-11,2026-04-10,2026-03-26,360,360,1,100,0,0,360,360,30,1,360,360,360,2862,2862,8,2864,2864,9,2860,2860,10,ВЫЧИСЛЕНО / ТРЕБУЕТ ПРОВЕРКИ,
317,2026-03-12,2026-04-11,2026-03-27,360,360,1,100,0,0,360,360,30,1,360,360,360,2867,2867,8,2866,2866,8,2863,2863,11,ВЫЧИСЛЕНО / ТРЕБУЕТ ПРОВЕРКИ,
318,2026-03-13,2026-04-12,2026-03-28,360,360,1,100,0,0,360,360,30,1,360,360,360,2867,2867,7,2867,2867,8,2863,2863,11,ВЫЧИСЛЕНО / ТРЕБУЕТ ПРОВЕРКИ,
319,2026-03-14,2026-04-13,2026-03-29,360,360,1,100,0,0,360,360,30,1,360,360,360,2868,2868,5,2866,2866,8,2864,2864,10,ВЫЧИСЛЕНО / ТРЕБУЕТ ПРОВЕРКИ,
320,2026-03-15,2026-04-14,2026-03-30,360,360,1,100,0,0,360,360,30,1,360,360,360,2866,2866,5,2868,2868,10,2864,2864,10,ВЫЧИСЛЕНО / ТРЕБУЕТ ПРОВЕРКИ,
321,2026-03-16,2026-04-15,2026-03-31,360,360,1,100,0,0,360,360,30,1,360,360,360,2866,2866,4,2868,2868,9,2864,2864,10,ВЫЧИСЛЕНО / ТРЕБУЕТ ПРОВЕРКИ,
322,2026-03-17,2026-04-16,2026-04-01,360,360,1,100,0,0,360,360,30,1,360,360,360,2866,2866,4,2867,2867,9,2867,2867,10,ВЫЧИСЛЕНО / ТРЕБУЕТ ПРОВЕРКИ,
323,2026-03-18,2026-04-17,2026-04-02,360,360,1,100,0,0,360,360,30,1,360,360,360,2866,2866,5,2867,2867,9,2866,2866,11,ВЫЧИСЛЕНО / ТРЕБУЕТ ПРОВЕРКИ,
324,2026-03-19,2026-04-18,2026-04-03,360,360,1,100,0,0,360,360,30,1,360,360,360,2866,2866,5,2867,2867,11,2868,2868,11,ВЫЧИСЛЕНО / ТРЕБУЕТ ПРОВЕРКИ,
325,2026-03-20,2026-04-19,2026-04-04,360,360,1,100,0,0,360,360,30,1,360,360,360,2866,2866,5,2866,2866,10,2867,2867,9,ВЫЧИСЛЕНО / ТРЕБУЕТ ПРОВЕРКИ,
326,2026-03-21,2026-04-20,2026-04-05,360,360,1,100,0,0,360,360,30,1,360,360,360,2866,2866,5,2865,2865,11,2867,2867,8,ВЫЧИСЛЕНО / ТРЕБУЕТ ПРОВЕРКИ,
327,2026-03-22,2026-04-21,2026-04-06,360,360,1,100,0,0,360,360,30,1,360,360,360,2866,2866,5,2864,2864,10,2869,2869,9,ВЫЧИСЛЕНО / ТРЕБУЕТ ПРОВЕРКИ,
328,2026-03-23,2026-04-22,2026-04-07,360,360,1,100,0,0,360,360,30,1,360,360,360,2866,2866,5,2863,2863,10,2869,2869,9,ВЫЧИСЛЕНО / ТРЕБУЕТ ПРОВЕРКИ,
329,2026-03-24,2026-04-23,2026-04-08,360,360,1,100,0,0,360,360,30,1,360,360,360,2866,2866,5,2863,2863,11,2870,2870,9,ВЫЧИСЛЕНО / ТРЕБУЕТ ПРОВЕРКИ,
330,2026-03-25,2026-04-24,2026-04-09,360,360,1,100,0,0,360,360,30,1,360,360,360,2867,2867,5,2862,2862,11,2870,2870,9,ВЫЧИСЛЕНО / ТРЕБУЕТ ПРОВЕРКИ,
331,2026-03-26,2026-04-25,2026-04-10,360,360,1,100,0,0,360,360,30,1,360,360,360,2868,2868,4,2865,2865,12,2869,2869,9,ВЫЧИСЛЕНО / ТРЕБУЕТ ПРОВЕРКИ,
332,2026-03-27,2026-04-26,2026-04-11,360,360,1,100,0,0,360,360,30,1,360,360,360,2867,2867,4,2866,2866,12,2869,2869,9,ВЫЧИСЛЕНО / ТРЕБУЕТ ПРОВЕРКИ,
333,2026-03-28,2026-04-27,2026-04-12,360,360,1,100,0,0,360,360,30,1,360,360,360,2866,2866,5,2866,2866,13,2868,2868,9,ВЫЧИСЛЕНО / ТРЕБУЕТ ПРОВЕРКИ,
334,2026-03-29,2026-04-28,2026-04-13,360,360,1,100,0,0,360,360,30,1,360,360,360,2866,2866,6,2866,2866,13,2868,2868,9,ВЫЧИСЛЕНО / ТРЕБУЕТ ПРОВЕРКИ,
335,2026-03-30,2026-04-29,2026-04-14,360,360,1,100,0,0,360,360,30,1,360,360,360,2866,2866,6,2865,2865,13,2868,2868,9,ВЫЧИСЛЕНО / ТРЕБУЕТ ПРОВЕРКИ,
336,2026-03-31,2026-04-30,2026-04-15,360,360,1,100,0,0,360,360,30,1,360,360,360,2863,2863,6,2864,2864,13,2867,2867,8,ВЫЧИСЛЕНО / ТРЕБУЕТ ПРОВЕРКИ,
337,2026-04-01,2026-05-01,2026-04-16,360,360,1,100,0,0,360,360,30,1,360,360,360,2864,2864,6,2866,2866,14,2868,2868,7,ВЫЧИСЛЕНО / ТРЕБУЕТ ПРОВЕРКИ,
338,2026-04-02,2026-05-02,2026-04-17,360,360,1,100,0,0,360,360,30,1,360,360,360,2865,2865,6,2867,2867,14,2868,2868,7,ВЫЧИСЛЕНО / ТРЕБУЕТ ПРОВЕРКИ,
339,2026-04-03,2026-05-03,2026-04-18,360,360,1,100,0,0,360,360,30,1,360,360,360,2865,2865,6,2866,2866,14,2867,2867,9,ВЫЧИСЛЕНО / ТРЕБУЕТ ПРОВЕРКИ,
340,2026-04-04,2026-05-04,2026-04-19,360,360,1,100,0,0,360,360,30,1,360,360,360,2865,2865,6,2866,2866,15,2867,2867,10,ВЫЧИСЛЕНО / ТРЕБУЕТ ПРОВЕРКИ,
341,2026-04-05,2026-05-05,2026-04-20,360,360,1,100,0,0,360,360,30,1,360,360,360,2864,2864,5,2867,2867,15,2865,2865,9,ВЫЧИСЛЕНО / ТРЕБУЕТ ПРОВЕРКИ,
342,2026-04-06,2026-05-06,2026-04-21,360,360,1,100,0,0,360,360,30,1,360,360,360,2865,2865,5,2867,2867,15,2866,2866,9,ВЫЧИСЛЕНО / ТРЕБУЕТ ПРОВЕРКИ,
343,2026-04-07,2026-05-07,2026-04-22,360,360,1,100,0,0,360,360,30,1,360,360,360,2865,2865,5,2864,2864,15,2865,2865,8,ВЫЧИСЛЕНО / ТРЕБУЕТ ПРОВЕРКИ,
344,2026-04-08,2026-05-08,2026-04-23,360,360,1,100,0,0,360,360,30,1,360,360,360,2866,2866,6,2864,2864,15,2862,2862,8,ВЫЧИСЛЕНО / ТРЕБУЕТ ПРОВЕРКИ,
345,2026-04-09,2026-05-09,2026-04-24,360,360,1,100,0,0,360,360,30,1,360,360,360,2866,2866,6,2865,2865,14,2862,2862,10,ВЫЧИСЛЕНО / ТРЕБУЕТ ПРОВЕРКИ,
346,2026-04-10,2026-05-10,2026-04-25,360,360,1,100,0,0,360,360,30,1,360,360,360,2868,2868,6,2864,2864,14,2861,2861,10,ВЫЧИСЛЕНО / ТРЕБУЕТ ПРОВЕРКИ,
347,2026-04-11,2026-05-11,2026-04-26,360,360,1,100,0,0,360,360,30,1,360,360,360,2867,2867,6,2866,2866,14,2862,2862,9,ВЫЧИСЛЕНО / ТРЕБУЕТ ПРОВЕРКИ,
348,2026-04-12,2026-05-12,2026-04-27,360,358,0.99444444444444446,99.444444444444443,2,4,358,358,30,1,358,358,358,2867,2851,6,2866,2850,14,2862,2846,9,ВЫЧИСЛЕНО / ТРЕБУЕТ ПРОВЕРКИ,
349,2026-04-13,2026-05-13,2026-04-28,360,358,0.99444444444444446,99.444444444444443,2,4,358,358,30,1,358,358,358,2866,2850,6,2867,2851,14,2862,2846,9,ВЫЧИСЛЕНО / ТРЕБУЕТ ПРОВЕРКИ,
350,2026-04-14,2026-05-14,2026-04-29,360,358,0.99444444444444446,99.444444444444443,2,4,358,358,30,1,358,358,358,2867,2851,5,2866,2850,13,2861,2845,9,ВЫЧИСЛЕНО / ТРЕБУЕТ ПРОВЕРКИ,
351,2026-04-15,2026-05-15,2026-04-30,360,358,0.99444444444444446,99.444444444444443,2,4,358,358,30,1,358,358,358,2867,2851,5,2866,2850,13,2860,2844,9,ВЫЧИСЛЕНО / ТРЕБУЕТ ПРОВЕРКИ,
352,2026-04-16,2026-05-16,2026-05-01,360,358,0.99444444444444446,99.444444444444443,2,4,358,358,30,1,358,358,358,2867,2851,5,2866,2850,12,2859,2843,9,ВЫЧИСЛЕНО / ТРЕБУЕТ ПРОВЕРКИ,
353,2026-04-17,2026-05-17,2026-05-02,360,358,0.99444444444444446,99.444444444444443,2,4,358,358,30,1,358,358,358,2866,2850,4,2866,2850,12,2859,2843,8,ВЫЧИСЛЕНО / ТРЕБУЕТ ПРОВЕРКИ,
354,2026-04-18,2026-05-18,2026-05-03,360,358,0.99444444444444446,99.444444444444443,2,4,358,358,30,1,358,358,358,2865,2849,4,2866,2850,10,2859,2843,8,ВЫЧИСЛЕНО / ТРЕБУЕТ ПРОВЕРКИ,
355,2026-04-19,2026-05-19,2026-05-04,360,358,0.99444444444444446,99.444444444444443,2,4,358,358,30,1,358,358,358,2864,2848,4,2866,2850,11,2860,2844,8,ВЫЧИСЛЕНО / ТРЕБУЕТ ПРОВЕРКИ,
356,2026-04-20,2026-05-20,2026-05-05,360,358,0.99444444444444446,99.444444444444443,2,4,358,358,30,1,358,358,358,2864,2848,5,2866,2850,10,2860,2844,9,ВЫЧИСЛЕНО / ТРЕБУЕТ ПРОВЕРКИ,
357,2026-04-21,2026-05-21,2026-05-06,360,358,0.99444444444444446,99.444444444444443,2,4,358,358,30,1,358,358,358,2863,2847,5,2866,2850,10,2859,2843,8,ВЫЧИСЛЕНО / ТРЕБУЕТ ПРОВЕРКИ,
358,2026-04-22,2026-05-22,2026-05-07,360,358,0.99444444444444446,99.444444444444443,2,4,358,358,30,1,358,358,358,2863,2847,5,2867,2851,10,2858,2842,8,ВЫЧИСЛЕНО / ТРЕБУЕТ ПРОВЕРКИ,
359,2026-04-23,2026-05-23,2026-05-08,360,358,0.99444444444444446,99.444444444444443,2,4,358,358,30,1,358,358,358,2864,2848,6,2867,2851,9,2858,2842,8,ВЫЧИСЛЕНО / ТРЕБУЕТ ПРОВЕРКИ,
360,2026-04-24,2026-05-24,2026-05-09,360,358,0.99444444444444446,99.444444444444443,2,4,358,358,30,1,358,358,358,2864,2848,7,2868,2852,9,2858,2842,9,ВЫЧИСЛЕНО / ТРЕБУЕТ ПРОВЕРКИ,
361,2026-04-25,2026-05-25,2026-05-10,360,358,0.99444444444444446,99.444444444444443,2,4,358,358,30,1,358,358,358,2864,2848,7,2868,2852,8,2858,2842,9,ВЫЧИСЛЕНО / ТРЕБУЕТ ПРОВЕРКИ,
362,2026-04-26,2026-05-26,2026-05-11,360,358,0.99444444444444446,99.444444444444443,2,4,358,358,30,1,358,358,358,2865,2849,7,2867,2851,9,2859,2843,9,ВЫЧИСЛЕНО / ТРЕБУЕТ ПРОВЕРКИ,
363,2026-04-27,2026-05-27,2026-05-12,360,358,0.99444444444444446,99.444444444444443,2,4,358,358,30,1,358,358,358,2866,2850,6,2866,2850,8,2860,2844,10,ВЫЧИСЛЕНО / ТРЕБУЕТ ПРОВЕРКИ,
364,2026-04-28,2026-05-28,2026-05-13,360,358,0.99444444444444446,99.444444444444443,2,4,358,358,30,1,358,358,358,2866,2850,5,2866,2850,8,2858,2842,9,ВЫЧИСЛЕНО / ТРЕБУЕТ ПРОВЕРКИ,
365,2026-04-29,2026-05-29,2026-05-14,360,358,0.99444444444444446,99.444444444444443,2,4,358,358,30,1,358,358,358,2866,2850,5,2867,2851,9,2857,2841,9,ВЫЧИСЛЕНО / ТРЕБУЕТ ПРОВЕРКИ,
366,2026-04-30,2026-05-30,2026-05-15,360,358,0.99444444444444446,99.444444444444443,2,4,358,358,30,1,358,358,358,2869,2853,5,2868,2852,10,2857,2841,10,ВЫЧИСЛЕНО / ТРЕБУЕТ ПРОВЕРКИ,
367,2026-05-01,2026-05-31,2026-05-16,360,358,0.99444444444444446,99.444444444444443,2,4,358,358,30,1,358,358,358,2869,2853,5,2866,2850,9,2857,2841,10,ВЫЧИСЛЕНО / ТРЕБУЕТ ПРОВЕРКИ,
368,2026-05-02,2026-06-01,2026-05-17,360,358,0.99444444444444446,99.444444444444443,2,4,358,358,30,1,358,358,358,2869,2853,5,2866,2850,10,2858,2842,11,ВЫЧИСЛЕНО / ТРЕБУЕТ ПРОВЕРКИ,
369,2026-05-03,2026-06-02,2026-05-18,360,358,0.99444444444444446,99.444444444444443,2,4,358,358,30,1,358,358,358,2869,2853,4,2865,2849,10,2859,2843,9,ВЫЧИСЛЕНО / ТРЕБУЕТ ПРОВЕРКИ,
370,2026-05-04,2026-06-03,2026-05-19,360,358,0.99444444444444446,99.444444444444443,2,4,358,358,30,1,358,358,358,2868,2852,4,2864,2848,9,2859,2843,9,ВЫЧИСЛЕНО / ТРЕБУЕТ ПРОВЕРКИ,
371,2026-05-05,2026-06-04,2026-05-20,360,358,0.99444444444444446,99.444444444444443,2,4,358,358,30,1,358,358,358,2867,2851,4,2863,2847,9,2859,2843,9,ВЫЧИСЛЕНО / ТРЕБУЕТ ПРОВЕРКИ,
372,2026-05-06,2026-06-05,2026-05-21,360,358,0.99444444444444446,99.444444444444443,2,4,358,358,30,1,358,358,358,2867,2851,4,2862,2846,8,2859,2843,9,ВЫЧИСЛЕНО / ТРЕБУЕТ ПРОВЕРКИ,
373,2026-05-07,2026-06-06,2026-05-22,360,358,0.99444444444444446,99.444444444444443,2,4,358,358,30,1,358,358,358,2867,2851,4,2864,2848,8,2860,2844,9,ВЫЧИСЛЕНО / ТРЕБУЕТ ПРОВЕРКИ,
374,2026-05-08,2026-06-07,2026-05-23,360,358,0.99444444444444446,99.444444444444443,2,4,358,358,30,1,358,358,358,2866,2850,3,2864,2848,8,2863,2847,9,ВЫЧИСЛЕНО / ТРЕБУЕТ ПРОВЕРКИ,
375,2026-05-09,2026-06-08,2026-05-24,360,358,0.99444444444444446,99.444444444444443,2,4,358,358,30,1,358,358,358,2867,2851,4,2863,2847,9,2864,2848,7,ВЫЧИСЛЕНО / ТРЕБУЕТ ПРОВЕРКИ,
376,2026-05-10,2026-06-09,2026-05-25,360,358,0.99444444444444446,99.444444444444443,2,4,358,358,30,1,358,358,358,2866,2850,6,2864,2848,9,2865,2849,6,ВЫЧИСЛЕНО / ТРЕБУЕТ ПРОВЕРКИ,
377,2026-05-11,2026-06-10,2026-05-26,360,358,0.99444444444444446,99.444444444444443,2,4,358,358,30,1,358,358,358,2867,2851,6,2864,2848,9,2864,2848,6,ВЫЧИСЛЕНО / ТРЕБУЕТ ПРОВЕРКИ,
378,2026-05-12,2026-06-11,2026-05-27,360,360,1,100,0,0,360,360,30,1,360,360,360,2866,2866,6,2862,2862,10,2862,2862,6,ВЫЧИСЛЕНО / ТРЕБУЕТ ПРОВЕРКИ,
379,2026-05-13,2026-06-12,2026-05-28,360,360,1,100,0,0,360,360,30,1,360,360,360,2867,2867,6,2862,2862,10,2862,2862,7,ВЫЧИСЛЕНО / ТРЕБУЕТ ПРОВЕРКИ,
380,2026-05-14,2026-06-13,2026-05-29,360,360,1,100,0,0,360,360,30,1,360,360,360,2868,2868,7,2861,2861,9,2863,2863,7,ВЫЧИСЛЕНО / ТРЕБУЕТ ПРОВЕРКИ,
381,2026-05-15,2026-06-14,2026-05-30,360,360,1,100,0,0,360,360,30,1,360,360,360,2868,2868,7,2861,2861,11,2864,2864,7,ВЫЧИСЛЕНО / ТРЕБУЕТ ПРОВЕРКИ,
382,2026-05-16,2026-06-15,2026-05-31,360,360,1,100,0,0,360,360,30,1,360,360,360,2867,2867,7,2860,2860,11,2865,2865,8,ВЫЧИСЛЕНО / ТРЕБУЕТ ПРОВЕРКИ,
383,2026-05-17,2026-06-16,2026-06-01,360,360,1,100,0,0,360,360,30,1,360,360,360,2867,2867,8,2859,2859,13,2866,2866,9,ВЫЧИСЛЕНО / ТРЕБУЕТ ПРОВЕРКИ,
384,2026-05-18,2026-06-17,2026-06-02,360,360,1,100,0,0,360,360,30,1,360,360,360,2868,2868,9,2858,2858,14,2866,2866,9,ВЫЧИСЛЕНО / ТРЕБУЕТ ПРОВЕРКИ,
385,2026-05-19,2026-06-18,2026-06-03,360,360,1,100,0,0,360,360,30,1,360,360,360,2868,2868,10,2859,2859,13,2866,2866,9,ВЫЧИСЛЕНО / ТРЕБУЕТ ПРОВЕРКИ,
386,2026-05-20,2026-06-19,2026-06-04,360,360,1,100,0,0,360,360,30,1,360,360,360,2867,2867,9,2860,2860,12,2866,2866,8,ВЫЧИСЛЕНО / ТРЕБУЕТ ПРОВЕРКИ,
387,2026-05-21,2026-06-20,2026-06-05,360,360,1,100,0,0,360,360,30,1,360,360,360,2868,2868,9,2861,2861,12,2867,2867,8,ВЫЧИСЛЕНО / ТРЕБУЕТ ПРОВЕРКИ,
388,2026-05-22,2026-06-21,2026-06-06,360,360,1,100,0,0,360,360,30,1,360,360,360,2868,2868,9,2860,2860,12,2867,2867,8,ВЫЧИСЛЕНО / ТРЕБУЕТ ПРОВЕРКИ,
389,2026-05-23,2026-06-22,2026-06-07,360,360,1,100,0,0,360,360,30,1,360,360,360,2867,2867,8,2859,2859,12,2866,2866,8,ВЫЧИСЛЕНО / ТРЕБУЕТ ПРОВЕРКИ,
390,2026-05-24,2026-06-23,2026-06-08,360,360,1,100,0,0,360,360,30,1,360,360,360,2868,2868,7,2858,2858,12,2866,2866,7,ВЫЧИСЛЕНО / ТРЕБУЕТ ПРОВЕРКИ,
391,2026-05-25,2026-06-24,2026-06-09,360,360,1,100,0,0,360,360,30,1,360,360,360,2868,2868,8,2858,2858,12,2868,2868,7,ВЫЧИСЛЕНО / ТРЕБУЕТ ПРОВЕРКИ,
392,2026-05-26,2026-06-25,2026-06-10,360,360,1,100,0,0,360,360,30,1,360,360,360,2867,2867,11,2859,2859,12,2868,2868,7,ВЫЧИСЛЕНО / ТРЕБУЕТ ПРОВЕРКИ,
393,2026-05-27,2026-06-26,2026-06-11,360,360,1,100,0,0,360,360,30,1,360,360,360,2867,2867,11,2860,2860,13,2868,2868,8,ВЫЧИСЛЕНО / ТРЕБУЕТ ПРОВЕРКИ,
394,2026-05-28,2026-06-27,2026-06-12,360,360,1,100,0,0,360,360,30,1,361,361,360,2867,2867,11,2858,2858,14,2869,2869,8,ВЫЧИСЛЕНО / ТРЕБУЕТ ПРОВЕРКИ,
395,2026-05-29,2026-06-28,2026-06-13,360,360,1,100,0,0,360,360,30,1,361,361,360,2867,2867,12,2858,2858,13,2870,2870,10,ВЫЧИСЛЕНО / ТРЕБУЕТ ПРОВЕРКИ,
396,2026-05-30,2026-06-29,2026-06-14,360,360,1,100,0,0,360,360,30,1,361,361,360,2866,2866,12,2857,2857,13,2871,2871,9,ВЫЧИСЛЕНО / ТРЕБУЕТ ПРОВЕРКИ,
397,2026-05-31,2026-06-30,2026-06-15,360,360,1,100,0,0,360,360,30,1,361,361,360,2866,2866,13,2858,2858,14,2871,2871,9,ВЫЧИСЛЕНО / ТРЕБУЕТ ПРОВЕРКИ,
398,2026-06-01,2026-07-01,2026-06-16,360,360,1,100,0,0,360,360,30,1,361,361,360,2866,2866,13,2857,2857,13,2870,2870,8,ВЫЧИСЛЕНО / ТРЕБУЕТ ПРОВЕРКИ,
399,2026-06-02,2026-07-02,2026-06-17,360,360,1,100,0,0,360,360,30,1,361,361,360,2865,2865,13,2859,2859,14,2870,2870,9,ВЫЧИСЛЕНО / ТРЕБУЕТ ПРОВЕРКИ,
400,2026-06-03,2026-07-03,2026-06-18,360,360,1,100,0,0,360,360,30,1,361,361,360,2866,2866,13,2860,2860,14,2870,2870,8,ВЫЧИСЛЕНО / ТРЕБУЕТ ПРОВЕРКИ,
401,2026-06-04,2026-07-04,2026-06-19,360,360,1,100,0,0,360,360,30,1,361,361,360,2868,2868,13,2860,2860,14,2872,2872,8,ВЫЧИСЛЕНО / ТРЕБУЕТ ПРОВЕРКИ,
402,2026-06-05,2026-07-05,2026-06-20,360,360,1,100,0,0,360,360,30,1,361,361,360,2868,2868,15,2861,2861,14,2873,2873,8,ВЫЧИСЛЕНО / ТРЕБУЕТ ПРОВЕРКИ,
403,2026-06-06,2026-07-06,2026-06-21,360,360,1,100,0,0,360,360,30,1,361,361,360,2865,2865,15,2862,2862,14,2873,2873,9,ВЫЧИСЛЕНО / ТРЕБУЕТ ПРОВЕРКИ,
404,2026-06-07,2026-07-07,2026-06-22,360,360,1,100,0,0,360,360,30,1,361,361,360,2866,2866,16,2862,2862,13,2873,2873,9,ВЫЧИСЛЕНО / ТРЕБУЕТ ПРОВЕРКИ,
405,2026-06-08,2026-07-08,2026-06-23,360,360,1,100,0,0,360,360,30,1,361,361,360,2866,2866,15,2862,2862,12,2872,2872,10,ВЫЧИСЛЕНО / ТРЕБУЕТ ПРОВЕРКИ,
406,2026-06-09,2026-07-09,2026-06-24,360,360,1,100,0,0,360,360,30,1,361,361,360,2867,2867,14,2862,2862,12,2872,2872,10,ВЫЧИСЛЕНО / ТРЕБУЕТ ПРОВЕРКИ,
407,2026-06-10,2026-07-10,2026-06-25,360,360,1,100,0,0,360,360,30,1,361,361,360,2867,2867,14,2862,2862,12,2872,2872,12,ВЫЧИСЛЕНО / ТРЕБУЕТ ПРОВЕРКИ,
408,2026-06-11,2026-07-11,2026-06-26,360,360,1,100,0,0,360,360,30,1,361,361,360,2868,2868,14,2863,2863,11,2874,2874,13,ВЫЧИСЛЕНО / ТРЕБУЕТ ПРОВЕРКИ,
409,2026-06-12,2026-07-12,2026-06-27,360,360,1,100,0,0,360,360,30,1,361,361,360,2867,2867,14,2863,2863,11,2874,2874,13,ВЫЧИСЛЕНО / ТРЕБУЕТ ПРОВЕРКИ,
410,2026-06-13,2026-07-13,2026-06-28,360,360,1,100,0,0,360,360,30,1,361,361,360,2867,2867,13,2864,2864,14,2873,2873,13,ВЫЧИСЛЕНО / ТРЕБУЕТ ПРОВЕРКИ,
411,2026-06-14,2026-07-14,2026-06-29,360,360,1,100,0,0,360,360,30,1,361,361,360,2866,2866,14,2864,2864,13,2873,2873,13,ВЫЧИСЛЕНО / ТРЕБУЕТ ПРОВЕРКИ,
412,2026-06-15,2026-07-15,2026-06-30,360,360,1,100,0,0,360,360,30,1,361,361,360,2867,2867,14,2866,2866,13,2870,2870,12,ВЫЧИСЛЕНО / ТРЕБУЕТ ПРОВЕРКИ,
413,2026-06-16,2026-07-16,2026-07-01,360,360,1,100,0,0,360,360,30,1,361,361,360,2867,2867,13,2866,2866,12,2868,2868,13,ВЫЧИСЛЕНО / ТРЕБУЕТ ПРОВЕРКИ,
414,2026-06-17,2026-07-17,2026-07-02,360,360,1,100,0,0,360,360,30,1,361,361,360,2868,2868,12,2866,2866,11,2865,2865,13,ВЫЧИСЛЕНО / ТРЕБУЕТ ПРОВЕРКИ,
415,2026-06-18,2026-07-18,2026-07-03,360,360,1,100,0,0,360,360,30,1,361,361,360,2868,2868,11,2865,2865,11,2864,2864,13,ВЫЧИСЛЕНО / ТРЕБУЕТ ПРОВЕРКИ,
416,2026-06-19,2026-07-19,2026-07-04,360,360,1,100,0,0,360,360,30,1,361,361,360,2869,2869,11,2865,2865,11,2864,2864,14,ВЫЧИСЛЕНО / ТРЕБУЕТ ПРОВЕРКИ,
417,2026-06-20,2026-07-20,2026-07-05,360,360,1,100,0,0,360,360,30,1,361,361,360,2869,2869,12,2864,2864,12,2864,2864,15,ВЫЧИСЛЕНО / ТРЕБУЕТ ПРОВЕРКИ,
418,2026-06-21,2026-07-21,2026-07-06,360,360,1,100,0,0,360,360,30,1,361,361,360,2869,2869,13,2864,2864,14,2865,2865,15,ВЫЧИСЛЕНО / ТРЕБУЕТ ПРОВЕРКИ,
419,2026-06-22,2026-07-22,2026-07-07,360,360,1,100,0,0,360,360,30,1,361,361,360,2868,2868,13,2865,2865,14,2866,2866,15,ВЫЧИСЛЕНО / ТРЕБУЕТ ПРОВЕРКИ,
420,2026-06-23,2026-07-23,2026-07-08,360,360,1,100,0,0,360,360,30,1,361,361,360,2867,2867,13,2864,2864,15,2864,2864,15,ВЫЧИСЛЕНО / ТРЕБУЕТ ПРОВЕРКИ,
421,2026-06-24,2026-07-24,2026-07-09,360,360,1,100,0,0,360,360,30,1,361,361,360,2867,2867,13,2864,2864,16,2864,2864,16,ВЫЧИСЛЕНО / ТРЕБУЕТ ПРОВЕРКИ,
422,2026-06-25,2026-07-25,2026-07-10,360,360,1,100,0,0,360,360,30,1,361,361,360,2868,2868,10,2864,2864,16,2864,2864,16,ВЫЧИСЛЕНО / ТРЕБУЕТ ПРОВЕРКИ,
423,2026-06-26,2026-07-26,2026-07-11,360,360,1,100,0,0,360,360,30,1,361,361,360,2868,2868,10,2863,2863,15,2864,2864,14,ВЫЧИСЛЕНО / ТРЕБУЕТ ПРОВЕРКИ,
424,2026-06-27,2026-07-27,2026-07-12,360,360,1,100,0,0,360,360,30,1,360,360,360,2868,2868,10,2865,2865,14,2865,2865,14,ВЫЧИСЛЕНО / ТРЕБУЕТ ПРОВЕРКИ,
425,2026-06-28,2026-07-28,2026-07-13,360,360,1,100,0,0,360,360,30,1,360,360,360,2867,2867,10,2865,2865,14,2864,2864,12,ВЫЧИСЛЕНО / ТРЕБУЕТ ПРОВЕРКИ,
426,2026-06-29,2026-07-29,2026-07-14,360,360,1,100,0,0,360,360,30,1,360,360,360,2867,2867,10,2866,2866,14,2863,2863,12,ВЫЧИСЛЕНО / ТРЕБУЕТ ПРОВЕРКИ,
427,2026-06-30,2026-07-30,2026-07-15,360,360,1,100,0,0,360,360,30,1,360,360,360,2866,2866,9,2866,2866,13,2863,2863,12,ВЫЧИСЛЕНО / ТРЕБУЕТ ПРОВЕРКИ,
428,2026-07-01,2026-07-31,2026-07-16,360,360,1,100,0,0,360,360,30,1,360,360,360,2866,2866,9,2867,2867,13,2864,2864,12,ВЫЧИСЛЕНО / ТРЕБУЕТ ПРОВЕРКИ,
429,2026-07-02,2026-08-01,2026-07-17,360,360,1,100,0,0,360,360,30,1,360,360,360,2867,2867,9,2866,2866,12,2864,2864,11,ВЫЧИСЛЕНО / ТРЕБУЕТ ПРОВЕРКИ,
430,2026-07-03,2026-08-02,2026-07-18,360,360,1,100,0,0,360,360,30,1,360,360,360,2867,2867,9,2865,2865,13,2864,2864,14,ВЫЧИСЛЕНО / ТРЕБУЕТ ПРОВЕРКИ,
431,2026-07-04,2026-08-03,2026-07-19,360,360,1,100,0,0,360,360,30,1,360,360,360,2867,2867,9,2865,2865,13,2863,2863,14,ВЫЧИСЛЕНО / ТРЕБУЕТ ПРОВЕРКИ,
432,2026-07-05,2026-08-04,2026-07-20,360,360,1,100,0,0,360,360,30,1,360,360,360,2866,2866,8,2864,2864,13,2862,2862,14,ВЫЧИСЛЕНО / ТРЕБУЕТ ПРОВЕРКИ,
433,2026-07-06,2026-08-05,2026-07-21,360,360,1,100,0,0,360,360,30,1,360,360,360,2869,2869,8,2863,2863,14,2861,2861,13,ВЫЧИСЛЕНО / ТРЕБУЕТ ПРОВЕРКИ,
434,2026-07-07,2026-08-06,2026-07-22,360,360,1,100,0,0,360,360,30,1,360,360,360,2869,2869,8,2863,2863,15,2860,2860,13,ВЫЧИСЛЕНО / ТРЕБУЕТ ПРОВЕРКИ,
435,2026-07-08,2026-08-07,2026-07-23,360,360,1,100,0,0,360,360,30,1,360,360,360,2869,2869,8,2863,2863,15,2861,2861,12,ВЫЧИСЛЕНО / ТРЕБУЕТ ПРОВЕРКИ,
436,2026-07-09,2026-08-08,2026-07-24,360,360,1,100,0,0,360,360,30,1,360,360,360,2869,2869,7,2861,2861,16,2861,2861,12,ВЫЧИСЛЕНО / ТРЕБУЕТ ПРОВЕРКИ,
437,2026-07-10,2026-08-09,2026-07-25,360,360,1,100,0,0,360,360,30,1,360,360,360,2866,2866,7,2860,2860,16,2862,2862,11,ВЫЧИСЛЕНО / ТРЕБУЕТ ПРОВЕРКИ,
438,2026-07-11,2026-08-10,2026-07-26,360,360,1,100,0,0,360,360,30,1,360,360,360,2866,2866,7,2861,2861,16,2862,2862,11,ВЫЧИСЛЕНО / ТРЕБУЕТ ПРОВЕРКИ,
439,2026-07-12,2026-08-11,2026-07-27,360,360,1,100,0,0,360,360,30,1,360,360,360,2867,2867,7,2861,2861,16,2862,2862,10,ВЫЧИСЛЕНО / ТРЕБУЕТ ПРОВЕРКИ,
440,2026-07-13,2026-08-12,2026-07-28,360,360,1,100,0,0,360,360,30,1,360,360,360,2867,2867,7,2862,2862,13,2863,2863,10,ВЫЧИСЛЕНО / ТРЕБУЕТ ПРОВЕРКИ,
441,2026-07-14,2026-08-13,2026-07-29,360,360,1,100,0,0,360,360,30,1,360,360,360,2867,2867,6,2861,2861,12,2862,2862,10,ВЫЧИСЛЕНО / ТРЕБУЕТ ПРОВЕРКИ,
442,2026-07-15,2026-08-14,2026-07-30,360,360,1,100,0,0,360,360,30,1,360,360,360,2866,2866,7,2860,2860,13,2863,2863,10,ВЫЧИСЛЕНО / ТРЕБУЕТ ПРОВЕРКИ,
443,2026-07-16,2026-08-15,2026-07-31,360,360,1,100,0,0,360,360,30,1,360,360,360,2867,2867,8,2861,2861,12,2865,2865,8,ВЫЧИСЛЕНО / ТРЕБУЕТ ПРОВЕРКИ,
444,2026-07-17,2026-08-16,2026-08-01,360,360,1,100,0,0,360,360,30,1,360,360,360,2867,2867,8,2861,2861,13,2868,2868,8,ВЫЧИСЛЕНО / ТРЕБУЕТ ПРОВЕРКИ,
445,2026-07-18,2026-08-17,2026-08-02,360,360,1,100,0,0,360,360,30,1,360,360,360,2868,2868,9,2862,2862,13,2869,2869,8,ВЫЧИСЛЕНО / ТРЕБУЕТ ПРОВЕРКИ,
446,2026-07-19,2026-08-18,2026-08-03,360,360,1,100,0,0,360,360,30,1,360,360,360,2868,2868,10,2862,2862,13,2869,2869,7,ВЫЧИСЛЕНО / ТРЕБУЕТ ПРОВЕРКИ,
447,2026-07-20,2026-08-19,2026-08-04,360,360,1,100,0,0,360,360,30,1,360,360,360,2868,2868,9,2862,2862,13,2869,2869,6,ВЫЧИСЛЕНО / ТРЕБУЕТ ПРОВЕРКИ,
448,2026-07-21,2026-08-20,2026-08-05,360,360,1,100,0,0,360,360,30,1,360,360,360,2867,2867,8,2862,2862,12,2868,2868,7,ВЫЧИСЛЕНО / ТРЕБУЕТ ПРОВЕРКИ,
449,2026-07-22,2026-08-21,2026-08-06,360,360,1,100,0,0,360,360,30,1,360,360,360,2869,2869,8,2862,2862,13,2868,2868,7,ВЫЧИСЛЕНО / ТРЕБУЕТ ПРОВЕРКИ,
450,2026-07-23,2026-08-22,2026-08-07,360,360,1,100,0,0,360,360,30,1,360,360,360,2870,2870,8,2864,2864,12,2870,2870,8,ВЫЧИСЛЕНО / ТРЕБУЕТ ПРОВЕРКИ,
451,2026-07-24,2026-08-23,2026-08-08,360,360,1,100,0,0,360,360,30,1,360,360,360,2869,2869,7,2864,2864,11,2870,2870,8,ВЫЧИСЛЕНО / ТРЕБУЕТ ПРОВЕРКИ,
452,2026-07-25,2026-08-24,2026-08-09,360,360,1,100,0,0,360,360,30,1,360,360,360,2869,2869,7,2864,2864,11,2870,2870,8,ВЫЧИСЛЕНО / ТРЕБУЕТ ПРОВЕРКИ,
453,2026-07-26,2026-08-25,2026-08-10,360,360,1,100,0,0,360,360,30,1,360,360,360,2868,2868,8,2865,2865,11,2870,2870,8,ВЫЧИСЛЕНО / ТРЕБУЕТ ПРОВЕРКИ,
454,2026-07-27,2026-08-26,2026-08-11,360,360,1,100,0,0,360,360,30,1,360,360,360,2867,2867,8,2865,2865,11,2866,2866,8,ВЫЧИСЛЕНО / ТРЕБУЕТ ПРОВЕРКИ,
455,2026-07-28,2026-08-27,2026-08-12,360,360,1,100,0,0,360,360,30,1,360,360,360,2866,2866,7,2863,2863,11,2866,2866,9,ВЫЧИСЛЕНО / ТРЕБУЕТ ПРОВЕРКИ,
456,2026-07-29,2026-08-28,2026-08-13,360,360,1,100,0,0,360,360,30,1,360,360,360,2867,2867,7,2863,2863,10,2867,2867,9,ВЫЧИСЛЕНО / ТРЕБУЕТ ПРОВЕРКИ,
457,2026-07-30,2026-08-29,2026-08-14,360,360,1,100,0,0,360,360,30,1,360,360,360,2867,2867,8,2864,2864,12,2866,2866,9,ВЫЧИСЛЕНО / ТРЕБУЕТ ПРОВЕРКИ,
458,2026-07-31,2026-08-30,2026-08-15,360,360,1,100,0,0,360,360,30,1,360,360,360,2867,2867,8,2864,2864,14,2866,2866,9,ВЫЧИСЛЕНО / ТРЕБУЕТ ПРОВЕРКИ,
459,2026-08-01,2026-08-31,2026-08-16,360,360,1,100,0,0,360,360,30,1,360,360,360,2867,2867,8,2863,2863,14,2865,2865,9,ВЫЧИСЛЕНО / ТРЕБУЕТ ПРОВЕРКИ,
460,2026-08-02,2026-09-01,2026-08-17,360,360,1,100,0,0,360,360,30,1,360,360,360,2867,2867,11,2864,2864,13,2865,2865,6,ВЫЧИСЛЕНО / ТРЕБУЕТ ПРОВЕРКИ,
461,2026-08-03,2026-09-02,2026-08-18,360,360,1,100,0,0,360,360,30,1,360,360,360,2867,2867,11,2865,2865,13,2865,2865,6,ВЫЧИСЛЕНО / ТРЕБУЕТ ПРОВЕРКИ,
462,2026-08-04,2026-09-03,2026-08-19,360,360,1,100,0,0,360,360,30,1,360,360,360,2868,2868,10,2866,2866,14,2866,2866,6,ВЫЧИСЛЕНО / ТРЕБУЕТ ПРОВЕРКИ,
463,2026-08-05,2026-09-04,2026-08-20,360,360,1,100,0,0,360,360,30,1,360,360,360,2868,2868,11,2867,2867,13,2866,2866,6,ВЫЧИСЛЕНО / ТРЕБУЕТ ПРОВЕРКИ,
464,2026-08-06,2026-09-05,2026-08-21,360,360,1,100,0,0,360,360,30,1,360,360,360,2868,2868,11,2866,2866,12,2867,2867,6,ВЫЧИСЛЕНО / ТРЕБУЕТ ПРОВЕРКИ,
465,2026-08-07,2026-09-06,2026-08-22,360,360,1,100,0,0,360,360,30,1,360,360,360,2867,2867,11,2867,2867,13,2867,2867,6,ВЫЧИСЛЕНО / ТРЕБУЕТ ПРОВЕРКИ,
466,2026-08-08,2026-09-07,2026-08-23,360,360,1,100,0,0,360,360,30,1,360,360,360,2865,2865,11,2869,2869,12,2867,2867,6,ВЫЧИСЛЕНО / ТРЕБУЕТ ПРОВЕРКИ,
467,2026-08-09,2026-09-08,2026-08-24,360,360,1,100,0,0,360,360,30,1,360,360,360,2867,2867,12,2870,2870,12,2867,2867,6,ВЫЧИСЛЕНО / ТРЕБУЕТ ПРОВЕРКИ,
468,2026-08-10,2026-09-09,2026-08-25,360,360,1,100,0,0,360,360,30,1,360,360,360,2867,2867,13,2870,2870,12,2866,2866,5,ВЫЧИСЛЕНО / ТРЕБУЕТ ПРОВЕРКИ,
469,2026-08-11,2026-09-10,2026-08-26,360,360,1,100,0,0,360,360,30,1,360,360,360,2867,2867,14,2870,2870,12,2866,2866,6,ВЫЧИСЛЕНО / ТРЕБУЕТ ПРОВЕРКИ,
470,2026-08-12,2026-09-11,2026-08-27,360,360,1,100,0,0,360,360,30,1,360,360,360,2866,2866,14,2870,2870,13,2866,2866,6,ВЫЧИСЛЕНО / ТРЕБУЕТ ПРОВЕРКИ,
471,2026-08-13,2026-09-12,2026-08-28,360,360,1,100,0,0,360,360,30,1,360,360,360,2867,2867,15,2871,2871,13,2866,2866,6,ВЫЧИСЛЕНО / ТРЕБУЕТ ПРОВЕРКИ,
472,2026-08-14,2026-09-13,2026-08-29,360,360,1,100,0,0,360,360,30,1,360,360,360,2867,2867,15,2872,2872,12,2868,2868,7,ВЫЧИСЛЕНО / ТРЕБУЕТ ПРОВЕРКИ,
473,2026-08-15,2026-09-14,2026-08-30,360,360,1,100,0,0,360,360,30,1,360,360,360,2867,2867,14,2872,2872,12,2867,2867,10,ВЫЧИСЛЕНО / ТРЕБУЕТ ПРОВЕРКИ,
474,2026-08-16,2026-09-15,2026-08-31,360,360,1,100,0,0,360,360,30,1,360,360,360,2867,2867,15,2872,2872,11,2866,2866,12,ВЫЧИСЛЕНО / ТРЕБУЕТ ПРОВЕРКИ,
475,2026-08-17,2026-09-16,2026-09-01,360,360,1,100,0,0,360,360,30,1,360,360,360,2867,2867,14,2871,2871,11,2866,2866,12,ВЫЧИСЛЕНО / ТРЕБУЕТ ПРОВЕРКИ,
476,2026-08-18,2026-09-17,2026-09-02,360,360,1,100,0,0,360,360,30,1,360,360,360,2866,2866,13,2870,2870,13,2865,2865,12,ВЫЧИСЛЕНО / ТРЕБУЕТ ПРОВЕРКИ,
477,2026-08-19,2026-09-18,2026-09-03,360,360,1,100,0,0,360,360,30,1,360,360,360,2866,2866,13,2871,2871,12,2864,2864,12,ВЫЧИСЛЕНО / ТРЕБУЕТ ПРОВЕРКИ,
478,2026-08-20,2026-09-19,2026-09-04,360,360,1,100,0,0,360,360,30,1,360,360,360,2867,2867,13,2870,2870,11,2865,2865,11,ВЫЧИСЛЕНО / ТРЕБУЕТ ПРОВЕРКИ,
479,2026-08-21,2026-09-20,2026-09-05,360,360,1,100,0,0,360,360,30,1,360,360,360,2865,2865,13,2870,2870,10,2865,2865,11,ВЫЧИСЛЕНО / ТРЕБУЕТ ПРОВЕРКИ,
480,2026-08-22,2026-09-21,2026-09-06,360,360,1,100,0,0,360,360,30,1,360,360,360,2864,2864,13,2870,2870,10,2864,2864,10,ВЫЧИСЛЕНО / ТРЕБУЕТ ПРОВЕРКИ,
481,2026-08-23,2026-09-22,2026-09-07,360,360,1,100,0,0,360,360,30,1,360,360,360,2865,2865,13,2870,2870,10,2864,2864,9,ВЫЧИСЛЕНО / ТРЕБУЕТ ПРОВЕРКИ,
482,2026-08-24,2026-09-23,2026-09-08,360,360,1,100,0,0,360,360,30,1,360,360,360,2865,2865,13,2868,2868,9,2864,2864,10,ВЫЧИСЛЕНО / ТРЕБУЕТ ПРОВЕРКИ,
483,2026-08-25,2026-09-24,2026-09-09,360,360,1,100,0,0,360,360,30,1,360,360,360,2866,2866,12,2868,2868,10,2864,2864,10,ВЫЧИСЛЕНО / ТРЕБУЕТ ПРОВЕРКИ,
484,2026-08-26,2026-09-25,2026-09-10,360,360,1,100,0,0,360,360,30,1,360,360,360,2867,2867,12,2868,2868,10,2867,2867,11,ВЫЧИСЛЕНО / ТРЕБУЕТ ПРОВЕРКИ,
485,2026-08-27,2026-09-26,2026-09-11,360,360,1,100,0,0,360,360,30,1,360,360,360,2866,2866,12,2870,2870,10,2868,2868,10,ВЫЧИСЛЕНО / ТРЕБУЕТ ПРОВЕРКИ,
486,2026-08-28,2026-09-27,2026-09-12,360,360,1,100,0,0,360,360,30,1,360,360,360,2866,2866,12,2868,2868,11,2868,2868,12,ВЫЧИСЛЕНО / ТРЕБУЕТ ПРОВЕРКИ,
487,2026-08-29,2026-09-28,2026-09-13,360,360,1,100,0,0,360,360,30,1,360,360,360,2866,2866,12,2866,2866,10,2869,2869,12,ВЫЧИСЛЕНО / ТРЕБУЕТ ПРОВЕРКИ,
488,2026-08-30,2026-09-29,2026-09-14,360,360,1,100,0,0,360,360,30,1,360,360,360,2866,2866,12,2866,2866,8,2869,2869,12,ВЫЧИСЛЕНО / ТРЕБУЕТ ПРОВЕРКИ,
489,2026-08-31,2026-09-30,2026-09-15,360,360,1,100,0,0,360,360,30,1,360,360,360,2865,2865,13,2867,2867,8,2870,2870,13,ВЫЧИСЛЕНО / ТРЕБУЕТ ПРОВЕРКИ,
490,2026-09-01,2026-10-01,2026-09-16,360,360,1,100,0,0,360,360,30,1,360,360,360,2864,2864,10,2865,2865,8,2869,2869,14,ВЫЧИСЛЕНО / ТРЕБУЕТ ПРОВЕРКИ,
491,2026-09-02,2026-10-02,2026-09-17,360,360,1,100,0,0,360,360,30,1,360,360,360,2861,2861,10,2861,2861,8,2867,2867,14,ВЫЧИСЛЕНО / ТРЕБУЕТ ПРОВЕРКИ,
