month,calendar_days,main_days
2017-10,31,23
2017-11,30,11
2017-12,31,8
2018-01,31,26
2018-02,28,20
2018-03,31,20
2018-04,30,28
2018-05,31,29
2018-06,30,18
2018-07,31,20
2018-08,31,13
2018-09,30,16
2018-10,31,20
2018-11,30,9
2018-12,31,15
2019-01,31,15
2019-02,28,16
2019-03,31,27
2019-04,30,23
2019-05,31,31
2019-06,30,23
2019-07,31,23
2019-08,31,30
2019-09,30,22
2019-10,31,31
2019-11,30,28
2019-12,31,31
2020-01,31,28
2020-02,29,27
2020-03,31,29
2020-04,30,27
2020-05,31,23
2020-06,30,25
2020-07,31,18
2020-08,31,30
