month,sensor,planned_year_pairs,coverage_eligible_pairs,primary_bootstrap_pairs,disjoint_year_comparison_pairs,dependency_note,A_positive,A_negative,A_zero_or_unresolved,A_concordant_primary,phase_positive,phase_negative,phase_zero_or_unresolved,phase_concordant_primary
1,D1,3,3,0,0,shared-year comparisons are dependent,0,0,0,False,0,0,0,False
1,D2,3,3,0,0,shared-year comparisons are dependent,0,0,0,False,0,0,0,False
1,D3,3,3,0,0,shared-year comparisons are dependent,0,0,0,False,0,0,0,False
2,D1,3,3,0,0,shared-year comparisons are dependent,0,0,0,False,0,0,0,False
2,D2,3,3,0,0,shared-year comparisons are dependent,0,0,0,False,0,0,0,False
2,D3,3,3,0,0,shared-year comparisons are dependent,0,0,0,False,0,0,0,False
3,D1,3,3,0,0,shared-year comparisons are dependent,0,0,0,False,0,0,0,False
3,D2,3,3,0,0,shared-year comparisons are dependent,0,0,0,False,0,0,0,False
3,D3,3,3,0,0,shared-year comparisons are dependent,0,0,0,False,0,0,0,False
4,D1,3,3,1,0,shared-year comparisons are dependent,0,0,1,False,0,0,1,False
4,D2,3,3,1,0,shared-year comparisons are dependent,0,0,1,False,0,0,1,False
4,D3,3,3,1,0,shared-year comparisons are dependent,0,0,1,False,0,0,1,False
5,D1,3,3,1,0,shared-year comparisons are dependent,0,0,1,False,0,0,1,False
5,D2,3,3,1,0,shared-year comparisons are dependent,0,1,0,False,0,0,1,False
5,D3,3,3,1,0,shared-year comparisons are dependent,0,0,1,False,1,0,0,False
6,D1,3,3,0,0,shared-year comparisons are dependent,0,0,0,False,0,0,0,False
6,D2,3,3,0,0,shared-year comparisons are dependent,0,0,0,False,0,0,0,False
6,D3,3,3,0,0,shared-year comparisons are dependent,0,0,0,False,0,0,0,False
7,D1,3,3,0,0,shared-year comparisons are dependent,0,0,0,False,0,0,0,False
7,D2,3,3,0,0,shared-year comparisons are dependent,0,0,0,False,0,0,0,False
7,D3,3,3,0,0,shared-year comparisons are dependent,0,0,0,False,0,0,0,False
8,D1,3,3,1,0,shared-year comparisons are dependent,0,0,1,False,0,1,0,False
8,D2,3,3,1,0,shared-year comparisons are dependent,1,0,0,False,0,1,0,False
8,D3,3,3,1,0,shared-year comparisons are dependent,0,0,1,False,0,1,0,False
9,D1,1,1,0,0,shared-year comparisons are dependent,0,0,0,False,0,0,0,False
9,D2,1,1,0,0,shared-year comparisons are dependent,0,0,0,False,0,0,0,False
9,D3,1,1,0,0,shared-year comparisons are dependent,0,0,0,False,0,0,0,False
10,D1,3,3,0,0,shared-year comparisons are dependent,0,0,0,False,0,0,0,False
10,D2,3,3,0,0,shared-year comparisons are dependent,0,0,0,False,0,0,0,False
10,D3,3,3,0,0,shared-year comparisons are dependent,0,0,0,False,0,0,0,False
11,D1,3,1,0,0,shared-year comparisons are dependent,0,0,0,False,0,0,0,False
11,D2,3,1,0,0,shared-year comparisons are dependent,0,0,0,False,0,0,0,False
11,D3,3,1,0,0,shared-year comparisons are dependent,0,0,0,False,0,0,0,False
12,D1,3,1,0,0,shared-year comparisons are dependent,0,0,0,False,0,0,0,False
12,D2,3,1,0,0,shared-year comparisons are dependent,0,0,0,False,0,0,0,False
12,D3,3,1,0,0,shared-year comparisons are dependent,0,0,0,False,0,0,0,False
