date,analysis_group,admission_status,calculation_status,category,context_admission_note,skip_reason,month
2017-10-01,boundary,confirmed,computed,A,Окружение включает соседний месяц без подтверждённого допуска,,2017-10
2017-10-02,main,confirmed,computed,A,,,2017-10
2017-10-03,main,confirmed,computed,A,,,2017-10
2017-10-04,main,confirmed,computed,A,,,2017-10
2017-10-05,not_in_analysis,confirmed,skipped,B,,D1: неполное покрытие суток; D2: неполное покрытие суток; D3: неполное покрытие суток,2017-10
2017-10-06,not_in_analysis,confirmed,skipped,B,,D1: неполное окружение ±12 ч; D2: неполное окружение ±12 ч; D3: неполное окружение ±12 ч,2017-10
2017-10-07,main,confirmed,computed,A,,,2017-10
2017-10-08,main,confirmed,computed,A,,,2017-10
2017-10-09,main,confirmed,computed,A,,,2017-10
2017-10-10,main,confirmed,computed,A,,,2017-10
2017-10-11,main,confirmed,computed,A,,,2017-10
2017-10-12,not_in_analysis,confirmed,skipped,B,,D1: неполное окружение ±12 ч; D2: неполное окружение ±12 ч; D3: неполное окружение ±12 ч,2017-10
2017-10-13,not_in_analysis,confirmed,skipped,B,,D1: неполное покрытие суток; D2: неполное покрытие суток; D3: неполное покрытие суток,2017-10
2017-10-14,not_in_analysis,confirmed,skipped,B,,D1: неполное окружение ±12 ч; D2: неполное окружение ±12 ч; D3: неполное окружение ±12 ч,2017-10
2017-10-15,main,confirmed,computed,A,,,2017-10
2017-10-16,main,confirmed,computed,A,,,2017-10
2017-10-17,main,confirmed,computed,A,,,2017-10
2017-10-18,main,confirmed,computed,A,,,2017-10
2017-10-19,main,confirmed,computed,A,,,2017-10
2017-10-20,main,confirmed,computed,A,,,2017-10
2017-10-21,main,confirmed,computed,A,,,2017-10
2017-10-22,main,confirmed,computed,A,,,2017-10
2017-10-23,not_in_analysis,confirmed,skipped,B,,D1: неполное покрытие суток; D2: неполное покрытие суток; D3: неполное покрытие суток,2017-10
2017-10-24,not_in_analysis,confirmed,skipped,B,,D1: неполное окружение ±12 ч; D2: неполное окружение ±12 ч; D3: неполное окружение ±12 ч,2017-10
2017-10-25,main,confirmed,computed,A,,,2017-10
2017-10-26,main,confirmed,computed,A,,,2017-10
2017-10-27,main,confirmed,computed,A,,,2017-10
2017-10-28,main,confirmed,computed,A,,,2017-10
2017-10-29,main,confirmed,computed,A,,,2017-10
2017-10-30,main,confirmed,computed,A,,,2017-10
2017-10-31,main,confirmed,computed,A,,,2017-10
2017-11-01,main,confirmed,computed,A,,,2017-11
2017-11-02,not_in_analysis,confirmed,skipped,B,,D1: неполное покрытие суток; D2: неполное покрытие суток; D3: неполное покрытие суток,2017-11
2017-11-03,not_in_analysis,confirmed,skipped,B,,D1: неполное покрытие суток; D2: неполное покрытие суток; D3: неполное покрытие суток,2017-11
2017-11-04,not_in_analysis,confirmed,skipped,B,,D1: неполное окружение ±12 ч; D2: неполное окружение ±12 ч; D3: неполное окружение ±12 ч,2017-11
2017-11-05,not_in_analysis,confirmed,skipped,B,,D1: неполное окружение ±12 ч; D2: неполное окружение ±12 ч; D3: неполное окружение ±12 ч; D1: повторные метки в трёхсуточном контексте; D2: повторные метки в трёхсуточном контексте; D3: повторные метки в трёхсуточном контексте,2017-11
2017-11-06,not_in_analysis,confirmed,skipped,B,,D1: неполное покрытие суток; D2: неполное покрытие суток; D3: неполное покрытие суток; D1: повторные метки в трёхсуточном контексте; D2: повторные метки в трёхсуточном контексте; D3: повторные метки в трёхсуточном контексте,2017-11
2017-11-07,not_in_analysis,confirmed,skipped,C,,D1: повторные метки в трёхсуточном контексте; D2: повторные метки в трёхсуточном контексте; D3: повторные метки в трёхсуточном контексте,2017-11
2017-11-08,not_in_analysis,confirmed,skipped,C,,D1: повторные метки в трёхсуточном контексте; D2: повторные метки в трёхсуточном контексте; D3: повторные метки в трёхсуточном контексте,2017-11
2017-11-09,not_in_analysis,confirmed,skipped,C,,D1: повторные метки в трёхсуточном контексте; D2: повторные метки в трёхсуточном контексте; D3: повторные метки в трёхсуточном контексте,2017-11
2017-11-10,not_in_analysis,confirmed,skipped,C,,D1: повторные метки в трёхсуточном контексте; D2: повторные метки в трёхсуточном контексте; D3: повторные метки в трёхсуточном контексте,2017-11
2017-11-11,not_in_analysis,confirmed,skipped,B,,D1: неполное окружение ±12 ч (согласованное ноябрьское исключение); D2: неполное окружение ±12 ч (согласованное ноябрьское исключение); D3: неполное окружение ±12 ч (согласованное ноябрьское исключение); D1: повторные метки в трёхсуточном контексте; D2: повторные метки в трёхсуточном контексте; D3: повторные метки в трёхсуточном контексте,2017-11
2017-11-12,not_in_analysis,confirmed,skipped,B,,D1: неполное покрытие суток (согласованное ноябрьское исключение); D2: неполное покрытие суток (согласованное ноябрьское исключение); D3: неполное покрытие суток (согласованное ноябрьское исключение); D1: повторные метки в трёхсуточном контексте; D2: повторные метки в трёхсуточном контексте; D3: повторные метки в трёхсуточном контексте,2017-11
2017-11-13,not_in_analysis,confirmed,skipped,B,,D1: неполное покрытие суток (согласованное ноябрьское исключение); D2: неполное покрытие суток (согласованное ноябрьское исключение); D3: неполное покрытие суток (согласованное ноябрьское исключение); D1: повторные метки в трёхсуточном контексте; D2: повторные метки в трёхсуточном контексте; D3: повторные метки в трёхсуточном контексте,2017-11
2017-11-14,not_in_analysis,confirmed,skipped,B,,D1: неполное покрытие суток (согласованное ноябрьское исключение); D2: неполное покрытие суток (согласованное ноябрьское исключение); D3: неполное покрытие суток (согласованное ноябрьское исключение); D1: повторные метки в трёхсуточном контексте; D2: повторные метки в трёхсуточном контексте; D3: повторные метки в трёхсуточном контексте,2017-11
2017-11-15,not_in_analysis,confirmed,skipped,B,,D1: неполное покрытие суток (согласованное ноябрьское исключение); D2: неполное покрытие суток (согласованное ноябрьское исключение); D3: неполное покрытие суток (согласованное ноябрьское исключение); D1: повторные метки в трёхсуточном контексте; D2: повторные метки в трёхсуточном контексте; D3: повторные метки в трёхсуточном контексте,2017-11
2017-11-16,main,confirmed,computed,A,,,2017-11
2017-11-17,main,confirmed,computed,A,,,2017-11
2017-11-18,main,confirmed,computed,A,,,2017-11
2017-11-19,main,confirmed,computed,A,,,2017-11
2017-11-20,main,confirmed,computed,A,,,2017-11
2017-11-21,main,confirmed,computed,A,,,2017-11
2017-11-22,main,confirmed,computed,A,,,2017-11
2017-11-23,main,confirmed,computed,A,,,2017-11
2017-11-24,main,confirmed,computed,A,,,2017-11
2017-11-25,not_in_analysis,confirmed,skipped,B,,D1: неполное окружение ±12 ч (согласованное ноябрьское исключение); D2: неполное окружение ±12 ч (согласованное ноябрьское исключение); D3: неполное окружение ±12 ч (согласованное ноябрьское исключение),2017-11
2017-11-26,not_in_analysis,confirmed,skipped,B,,D1: неполное покрытие суток (согласованное ноябрьское исключение); D2: неполное покрытие суток (согласованное ноябрьское исключение); D3: неполное покрытие суток (согласованное ноябрьское исключение),2017-11
2017-11-27,not_in_analysis,confirmed,skipped,B,,D1: неполное покрытие суток; D2: неполное покрытие суток; D3: неполное покрытие суток,2017-11
2017-11-28,main,confirmed,computed,A,,,2017-11
2017-11-29,not_in_analysis,confirmed,skipped,C,,D1: повторные метки в трёхсуточном контексте; D2: повторные метки в трёхсуточном контексте; D3: повторные метки в трёхсуточном контексте,2017-11
2017-11-30,not_in_analysis,confirmed,skipped,C,,D1: повторные метки в трёхсуточном контексте; D2: повторные метки в трёхсуточном контексте; D3: повторные метки в трёхсуточном контексте,2017-11
2017-12-01,not_in_analysis,confirmed,skipped,B,,D1: неполное покрытие суток (служебные значения); D2: неполное покрытие суток (служебные значения); D3: неполное покрытие суток (служебные значения); D1: повторные метки в трёхсуточном контексте; D2: повторные метки в трёхсуточном контексте; D3: повторные метки в трёхсуточном контексте,2017-12
2017-12-02,not_in_analysis,confirmed,skipped,B,,D1: неполное покрытие суток (служебные значения); D2: неполное покрытие суток (служебные значения); D3: неполное покрытие суток (служебные значения); D1: повторные метки в трёхсуточном контексте; D2: повторные метки в трёхсуточном контексте; D3: повторные метки в трёхсуточном контексте,2017-12
2017-12-03,not_in_analysis,confirmed,skipped,B,,D1: неполное покрытие суток; D2: неполное покрытие суток; D3: неполное покрытие суток; D1: повторные метки в трёхсуточном контексте; D2: повторные метки в трёхсуточном контексте; D3: повторные метки в трёхсуточном контексте,2017-12
2017-12-04,not_in_analysis,confirmed,skipped,B,,D1: неполное покрытие суток; D2: неполное покрытие суток; D3: неполное покрытие суток; D1: повторные метки в трёхсуточном контексте; D2: повторные метки в трёхсуточном контексте; D3: повторные метки в трёхсуточном контексте,2017-12
2017-12-05,not_in_analysis,confirmed,skipped,B,,D1: неполное покрытие суток; D2: неполное покрытие суток; D3: неполное покрытие суток; D1: повторные метки в трёхсуточном контексте; D2: повторные метки в трёхсуточном контексте; D3: повторные метки в трёхсуточном контексте,2017-12
2017-12-06,not_in_analysis,confirmed,skipped,B,,D1: неполное покрытие суток; D2: неполное покрытие суток; D3: неполное покрытие суток; D1: повторные метки в трёхсуточном контексте; D2: повторные метки в трёхсуточном контексте; D3: повторные метки в трёхсуточном контексте,2017-12
2017-12-07,not_in_analysis,confirmed,skipped,B,,D1: неполное покрытие суток; D2: неполное покрытие суток; D3: неполное покрытие суток,2017-12
2017-12-08,not_in_analysis,confirmed,skipped,B,,D1: неполное окружение ±12 ч; D2: неполное окружение ±12 ч; D3: неполное окружение ±12 ч,2017-12
2017-12-09,main,confirmed,computed,A,,,2017-12
2017-12-10,main,confirmed,computed,A,,,2017-12
2017-12-11,main,confirmed,computed,A,,,2017-12
2017-12-12,main,confirmed,computed,A,,,2017-12
2017-12-13,main,confirmed,computed,A,,,2017-12
2017-12-14,main,confirmed,computed,A,,,2017-12
2017-12-15,main,confirmed,computed,A,,,2017-12
2017-12-16,main,confirmed,computed,A,,,2017-12
2017-12-17,not_in_analysis,confirmed,skipped,B,,D1: неполное окружение ±12 ч; D2: неполное окружение ±12 ч; D3: неполное окружение ±12 ч,2017-12
2017-12-18,not_in_analysis,confirmed,skipped,B,,D1: неполное покрытие суток; D2: неполное покрытие суток; D3: неполное покрытие суток,2017-12
2017-12-19,not_in_analysis,confirmed,skipped,B,,D1: неполное окружение ±12 ч; D2: неполное окружение ±12 ч; D3: неполное окружение ±12 ч,2017-12
2017-12-20,not_in_analysis,confirmed,skipped,B,,"D1: неполное покрытие суток (служебные значения, нарушение 0<C≤3000); D2: неполное покрытие суток (служебные значения, нарушение 0<C≤3000); D3: неполное покрытие суток (служебные значения, нарушение 0<C≤3000); D1: диагностический постоянный участок в окнах расчёта; D2: диагностический постоянный участок в окнах расчёта; D3: диагностический постоянный участок в окнах расчёта",2017-12
2017-12-21,not_in_analysis,confirmed,skipped,B,,"D1: неполное покрытие суток (служебные значения, нарушение 0<C≤3000); D2: неполное покрытие суток (служебные значения, нарушение 0<C≤3000); D3: неполное покрытие суток (служебные значения, нарушение 0<C≤3000); D1: диагностический постоянный участок в окнах расчёта; D2: диагностический постоянный участок в окнах расчёта; D3: диагностический постоянный участок в окнах расчёта",2017-12
2017-12-22,not_in_analysis,confirmed,skipped,B,,D1: неполное покрытие суток (нарушение 0<C≤3000); D2: неполное покрытие суток (нарушение 0<C≤3000); D3: неполное покрытие суток (нарушение 0<C≤3000),2017-12
2017-12-23,not_in_analysis,confirmed,skipped,B,,D1: неполное покрытие суток (нарушение 0<C≤3000); D2: неполное покрытие суток (нарушение 0<C≤3000); D3: неполное покрытие суток (нарушение 0<C≤3000),2017-12
2017-12-24,not_in_analysis,confirmed,skipped,B,,D1: неполное покрытие суток (нарушение 0<C≤3000); D2: неполное покрытие суток (нарушение 0<C≤3000); D3: неполное покрытие суток (нарушение 0<C≤3000),2017-12
2017-12-25,not_in_analysis,confirmed,skipped,B,,D1: неполное покрытие суток (нарушение 0<C≤3000); D2: неполное покрытие суток (нарушение 0<C≤3000); D3: неполное покрытие суток (нарушение 0<C≤3000),2017-12
2017-12-26,not_in_analysis,confirmed,skipped,B,,"D1: неполное покрытие суток (служебные значения, нарушение 0<C≤3000); D2: неполное покрытие суток (служебные значения, нарушение 0<C≤3000); D3: неполное покрытие суток (служебные значения, нарушение 0<C≤3000)",2017-12
2017-12-27,not_in_analysis,confirmed,skipped,B,,"D1: неполное покрытие суток (служебные значения, нарушение 0<C≤3000); D2: неполное покрытие суток (служебные значения, нарушение 0<C≤3000); D3: неполное покрытие суток (служебные значения, нарушение 0<C≤3000)",2017-12
2017-12-28,not_in_analysis,confirmed,skipped,B,,D1: неполное покрытие суток (нарушение 0<C≤3000); D2: неполное покрытие суток (нарушение 0<C≤3000); D3: неполное покрытие суток (нарушение 0<C≤3000),2017-12
2017-12-29,not_in_analysis,confirmed,skipped,B,,D1: неполное покрытие суток (нарушение 0<C≤3000); D2: неполное покрытие суток (нарушение 0<C≤3000); D3: неполное покрытие суток (нарушение 0<C≤3000),2017-12
2017-12-30,not_in_analysis,confirmed,skipped,B,,D1: неполное покрытие суток (нарушение 0<C≤3000); D2: неполное покрытие суток (нарушение 0<C≤3000); D3: неполное покрытие суток (нарушение 0<C≤3000),2017-12
2017-12-31,not_in_analysis,confirmed,skipped,B,,D1: неполное покрытие суток (нарушение 0<C≤3000); D2: неполное покрытие суток (нарушение 0<C≤3000); D3: неполное покрытие суток (нарушение 0<C≤3000),2017-12
2018-01-01,not_in_analysis,confirmed,skipped,B,,D1: неполное покрытие суток (нарушение 0<C≤3000); D2: неполное покрытие суток (нарушение 0<C≤3000); D3: неполное покрытие суток (нарушение 0<C≤3000),2018-01
2018-01-02,not_in_analysis,confirmed,skipped,B,,D1: неполное покрытие суток (нарушение 0<C≤3000); D2: неполное покрытие суток (нарушение 0<C≤3000); D3: неполное покрытие суток (нарушение 0<C≤3000),2018-01
2018-01-03,not_in_analysis,confirmed,skipped,B,,D1: неполное окружение ±12 ч (нарушение 0<C≤3000); D2: неполное окружение ±12 ч (нарушение 0<C≤3000); D3: неполное окружение ±12 ч (нарушение 0<C≤3000),2018-01
2018-01-04,main,confirmed,computed,A,,,2018-01
2018-01-05,main,confirmed,computed,A,,,2018-01
2018-01-06,main,confirmed,computed,A,,,2018-01
2018-01-07,main,confirmed,computed,A,,,2018-01
2018-01-08,main,confirmed,computed,A,,,2018-01
2018-01-09,not_in_analysis,confirmed,skipped,B,,D1: неполное покрытие суток (служебные значения); D2: неполное покрытие суток (служебные значения); D3: неполное покрытие суток (служебные значения),2018-01
2018-01-10,not_in_analysis,confirmed,skipped,B,,D1: неполное окружение ±12 ч (служебные значения); D2: неполное окружение ±12 ч (служебные значения); D3: неполное окружение ±12 ч (служебные значения),2018-01
2018-01-11,main,confirmed,computed,A,,,2018-01
2018-01-12,main,confirmed,computed,A,,,2018-01
2018-01-13,main,confirmed,computed,A,,,2018-01
2018-01-14,main,confirmed,computed,A,,,2018-01
2018-01-15,main,confirmed,computed,A,,,2018-01
2018-01-16,main,confirmed,computed,A,,,2018-01
2018-01-17,main,confirmed,computed,A,,,2018-01
2018-01-18,main,confirmed,computed,A,,,2018-01
2018-01-19,main,confirmed,computed,A,,,2018-01
2018-01-20,main,confirmed,computed,A,,,2018-01
2018-01-21,main,confirmed,computed,A,,,2018-01
2018-01-22,main,confirmed,computed,A,,,2018-01
2018-01-23,main,confirmed,computed,A,,,2018-01
2018-01-24,main,confirmed,computed,A,,,2018-01
2018-01-25,main,confirmed,computed,A,,,2018-01
2018-01-26,main,confirmed,computed,A,,,2018-01
2018-01-27,main,confirmed,computed,A,,,2018-01
2018-01-28,main,confirmed,computed,A,,,2018-01
2018-01-29,main,confirmed,computed,A,,,2018-01
2018-01-30,main,confirmed,computed,A,,,2018-01
2018-01-31,main,confirmed,computed,A,,,2018-01
2018-02-01,main,confirmed,computed,A,,,2018-02
2018-02-02,main,confirmed,computed,A,,,2018-02
2018-02-03,main,confirmed,computed,A,,,2018-02
2018-02-04,main,confirmed,computed,A,,,2018-02
2018-02-05,main,confirmed,computed,A,,,2018-02
2018-02-06,main,confirmed,computed,A,,,2018-02
2018-02-07,main,confirmed,computed,A,,,2018-02
2018-02-08,main,confirmed,computed,A,,,2018-02
2018-02-09,not_in_analysis,confirmed,skipped,B,,D1: неполное покрытие суток; D2: неполное покрытие суток; D3: неполное покрытие суток,2018-02
2018-02-10,not_in_analysis,confirmed,skipped,B,,D1: неполное окружение ±12 ч; D2: неполное окружение ±12 ч; D3: неполное окружение ±12 ч,2018-02
2018-02-11,main,confirmed,computed,A,,,2018-02
2018-02-12,main,confirmed,computed,A,,,2018-02
2018-02-13,main,confirmed,computed,A,,,2018-02
2018-02-14,main,confirmed,computed,A,,,2018-02
2018-02-15,not_in_analysis,confirmed,skipped,C,,D1: повторные метки в трёхсуточном контексте; D2: повторные метки в трёхсуточном контексте; D3: повторные метки в трёхсуточном контексте,2018-02
2018-02-16,not_in_analysis,confirmed,skipped,B,,D1: неполное покрытие суток; D2: неполное покрытие суток; D3: неполное покрытие суток; D1: повторные метки в трёхсуточном контексте; D1: диагностический постоянный участок в окнах расчёта; D2: повторные метки в трёхсуточном контексте; D2: диагностический постоянный участок в окнах расчёта; D3: повторные метки в трёхсуточном контексте; D3: диагностический постоянный участок в окнах расчёта,2018-02
2018-02-17,not_in_analysis,confirmed,skipped,B,,D1: неполное окружение ±12 ч; D2: неполное окружение ±12 ч; D3: неполное окружение ±12 ч; D1: повторные метки в трёхсуточном контексте; D1: диагностический постоянный участок в окнах расчёта; D2: повторные метки в трёхсуточном контексте; D2: диагностический постоянный участок в окнах расчёта; D3: повторные метки в трёхсуточном контексте; D3: диагностический постоянный участок в окнах расчёта,2018-02
2018-02-18,main,confirmed,computed,A,,,2018-02
2018-02-19,main,confirmed,computed,A,,,2018-02
2018-02-20,main,confirmed,computed,A,,,2018-02
2018-02-21,main,confirmed,computed,A,,,2018-02
2018-02-22,main,confirmed,computed,A,,,2018-02
2018-02-23,main,confirmed,computed,A,,,2018-02
2018-02-24,main,confirmed,computed,A,,,2018-02
2018-02-25,main,confirmed,computed,A,,,2018-02
2018-02-26,not_in_analysis,confirmed,skipped,B,,D1: неполное окружение ±12 ч; D2: неполное окружение ±12 ч; D3: неполное окружение ±12 ч,2018-02
2018-02-27,not_in_analysis,confirmed,skipped,B,,D1: неполное покрытие суток; D2: неполное покрытие суток; D3: неполное покрытие суток,2018-02
2018-02-28,not_in_analysis,confirmed,skipped,B,,D1: неполное покрытие суток; D2: неполное покрытие суток; D3: неполное покрытие суток,2018-02
2018-03-01,main,confirmed,computed,A,,,2018-03
2018-03-02,main,confirmed,computed,A,,,2018-03
2018-03-03,main,confirmed,computed,A,,,2018-03
2018-03-04,main,confirmed,computed,A,,,2018-03
2018-03-05,main,confirmed,computed,A,,,2018-03
2018-03-06,main,confirmed,computed,A,,,2018-03
2018-03-07,main,confirmed,computed,A,,,2018-03
2018-03-08,not_in_analysis,confirmed,skipped,B,,D1: неполное покрытие суток; D2: неполное покрытие суток; D3: неполное покрытие суток,2018-03
2018-03-09,not_in_analysis,confirmed,skipped,B,,D1: неполное окружение ±12 ч; D2: неполное окружение ±12 ч; D3: неполное окружение ±12 ч,2018-03
2018-03-10,not_in_analysis,confirmed,skipped,B,,D1: неполное покрытие суток (служебные значения); D2: неполное покрытие суток (служебные значения); D3: неполное покрытие суток (служебные значения),2018-03
2018-03-11,not_in_analysis,confirmed,skipped,B,,D1: неполное окружение ±12 ч (служебные значения); D2: неполное окружение ±12 ч (служебные значения); D3: неполное окружение ±12 ч (служебные значения),2018-03
2018-03-12,not_in_analysis,confirmed,skipped,B,,D1: неполное покрытие суток; D2: неполное покрытие суток; D3: неполное покрытие суток,2018-03
2018-03-13,not_in_analysis,confirmed,skipped,B,,D1: неполное окружение ±12 ч; D2: неполное окружение ±12 ч; D3: неполное окружение ±12 ч,2018-03
2018-03-14,not_in_analysis,confirmed,skipped,B,,D1: неполное покрытие суток; D2: неполное покрытие суток; D3: неполное покрытие суток,2018-03
2018-03-15,main,confirmed,computed,A,,,2018-03
2018-03-16,main,confirmed,computed,A,,,2018-03
2018-03-17,main,confirmed,computed,A,,,2018-03
2018-03-18,main,confirmed,computed,A,,,2018-03
2018-03-19,main,confirmed,computed,A,,,2018-03
2018-03-20,not_in_analysis,confirmed,skipped,B,,D1: неполное покрытие суток; D2: неполное покрытие суток; D3: неполное покрытие суток,2018-03
2018-03-21,not_in_analysis,confirmed,skipped,B,,D1: неполное окружение ±12 ч; D2: неполное окружение ±12 ч; D3: неполное окружение ±12 ч,2018-03
2018-03-22,main,confirmed,computed,A,,,2018-03
2018-03-23,main,confirmed,computed,A,,,2018-03
2018-03-24,main,confirmed,computed,A,,,2018-03
2018-03-25,main,confirmed,computed,A,,,2018-03
2018-03-26,main,confirmed,computed,A,,,2018-03
2018-03-27,main,confirmed,computed,A,,,2018-03
2018-03-28,not_in_analysis,confirmed,skipped,B,,D1: неполное покрытие суток; D2: неполное покрытие суток; D3: неполное покрытие суток,2018-03
2018-03-29,not_in_analysis,confirmed,skipped,B,,D1: неполное окружение ±12 ч; D2: неполное окружение ±12 ч; D3: неполное окружение ±12 ч,2018-03
2018-03-30,main,confirmed,computed,A,,,2018-03
2018-03-31,main,confirmed,computed,A,,,2018-03
2018-04-01,not_in_analysis,confirmed,skipped,B,,D1: неполное покрытие суток; D2: неполное покрытие суток; D3: неполное покрытие суток,2018-04
2018-04-02,not_in_analysis,confirmed,skipped,B,,D1: неполное окружение ±12 ч; D2: неполное окружение ±12 ч; D3: неполное окружение ±12 ч,2018-04
2018-04-03,main,confirmed,computed,A,,,2018-04
2018-04-04,main,confirmed,computed,A,,,2018-04
2018-04-05,main,confirmed,computed,A,,,2018-04
2018-04-06,main,confirmed,computed,A,,,2018-04
2018-04-07,main,confirmed,computed,A,,,2018-04
2018-04-08,main,confirmed,computed,A,,,2018-04
2018-04-09,main,confirmed,computed,A,,,2018-04
2018-04-10,main,confirmed,computed,A,,,2018-04
2018-04-11,main,confirmed,computed,A,,,2018-04
2018-04-12,main,confirmed,computed,A,,,2018-04
2018-04-13,main,confirmed,computed,A,,,2018-04
2018-04-14,main,confirmed,computed,A,,,2018-04
2018-04-15,main,confirmed,computed,A,,,2018-04
2018-04-16,main,confirmed,computed,A,,,2018-04
2018-04-17,main,confirmed,computed,A,,,2018-04
2018-04-18,main,confirmed,computed,A,,,2018-04
2018-04-19,main,confirmed,computed,A,,,2018-04
2018-04-20,main,confirmed,computed,A,,,2018-04
2018-04-21,main,confirmed,computed,A,,,2018-04
2018-04-22,main,confirmed,computed,A,,,2018-04
2018-04-23,main,confirmed,computed,A,,,2018-04
2018-04-24,main,confirmed,computed,A,,,2018-04
2018-04-25,main,confirmed,computed,A,,,2018-04
2018-04-26,main,confirmed,computed,A,,,2018-04
2018-04-27,main,confirmed,computed,A,,,2018-04
2018-04-28,main,confirmed,computed,A,,,2018-04
2018-04-29,main,confirmed,computed,A,,,2018-04
2018-04-30,main,confirmed,computed,A,,,2018-04
2018-05-01,main,confirmed,computed,A,,,2018-05
2018-05-02,main,confirmed,computed,A,,,2018-05
2018-05-03,main,confirmed,computed,A,,,2018-05
2018-05-04,main,confirmed,computed,A,,,2018-05
2018-05-05,main,confirmed,computed,A,,,2018-05
2018-05-06,main,confirmed,computed,A,,,2018-05
2018-05-07,main,confirmed,computed,A,,,2018-05
2018-05-08,main,confirmed,computed,A,,,2018-05
2018-05-09,main,confirmed,computed,A,,,2018-05
2018-05-10,main,confirmed,computed,A,,,2018-05
2018-05-11,main,confirmed,computed,A,,,2018-05
2018-05-12,main,confirmed,computed,A,,,2018-05
2018-05-13,main,confirmed,computed,A,,,2018-05
2018-05-14,main,confirmed,computed,A,,,2018-05
2018-05-15,main,confirmed,computed,A,,,2018-05
2018-05-16,not_in_analysis,confirmed,skipped,B,,D1: неполное покрытие суток; D2: неполное покрытие суток; D3: неполное покрытие суток,2018-05
2018-05-17,not_in_analysis,confirmed,skipped,B,,D1: неполное окружение ±12 ч; D2: неполное окружение ±12 ч; D3: неполное окружение ±12 ч,2018-05
2018-05-18,main,confirmed,computed,A,,,2018-05
2018-05-19,main,confirmed,computed,A,,,2018-05
2018-05-20,main,confirmed,computed,A,,,2018-05
2018-05-21,main,confirmed,computed,A,,,2018-05
2018-05-22,main,confirmed,computed,A,,,2018-05
2018-05-23,main,confirmed,computed,A,,,2018-05
2018-05-24,main,confirmed,computed,A,,,2018-05
2018-05-25,main,confirmed,computed,A,,,2018-05
2018-05-26,main,confirmed,computed,A,,,2018-05
2018-05-27,main,confirmed,computed,A,,,2018-05
2018-05-28,main,confirmed,computed,A,,,2018-05
2018-05-29,main,confirmed,computed,A,,,2018-05
2018-05-30,main,confirmed,computed,A,,,2018-05
2018-05-31,main,confirmed,computed,A,,,2018-05
2018-06-01,main,confirmed,computed,A,,,2018-06
2018-06-02,main,confirmed,computed,A,,,2018-06
2018-06-03,main,confirmed,computed,A,,,2018-06
2018-06-04,main,confirmed,computed,A,,,2018-06
2018-06-05,main,confirmed,computed,A,,,2018-06
2018-06-06,main,confirmed,computed,A,,,2018-06
2018-06-07,main,confirmed,computed,A,,,2018-06
2018-06-08,main,confirmed,computed,A,,,2018-06
2018-06-09,main,confirmed,computed,A,,,2018-06
2018-06-10,main,confirmed,computed,A,,,2018-06
2018-06-11,not_in_analysis,confirmed,skipped,B,,D1: неполное окружение ±12 ч; D2: неполное окружение ±12 ч; D3: неполное окружение ±12 ч,2018-06
2018-06-12,not_in_analysis,confirmed,skipped,B,,D1: неполное покрытие суток; D2: неполное покрытие суток; D3: неполное покрытие суток,2018-06
2018-06-13,not_in_analysis,confirmed,skipped,B,,D1: неполное покрытие суток; D2: неполное покрытие суток; D3: неполное покрытие суток; D1: повторные метки в трёхсуточном контексте; D2: повторные метки в трёхсуточном контексте; D3: повторные метки в трёхсуточном контексте,2018-06
2018-06-14,not_in_analysis,confirmed,skipped,B,,D1: неполное покрытие суток; D2: неполное покрытие суток; D3: неполное покрытие суток; D1: повторные метки в трёхсуточном контексте; D2: повторные метки в трёхсуточном контексте; D3: повторные метки в трёхсуточном контексте,2018-06
2018-06-15,not_in_analysis,confirmed,skipped,B,,D1: неполное покрытие суток; D2: неполное покрытие суток; D3: неполное покрытие суток; D1: повторные метки в трёхсуточном контексте; D2: повторные метки в трёхсуточном контексте; D3: повторные метки в трёхсуточном контексте,2018-06
2018-06-16,not_in_analysis,confirmed,skipped,B,,D1: неполное покрытие суток; D2: неполное покрытие суток; D3: неполное покрытие суток; D1: повторные метки в трёхсуточном контексте; D2: повторные метки в трёхсуточном контексте; D3: повторные метки в трёхсуточном контексте,2018-06
2018-06-17,not_in_analysis,confirmed,skipped,B,,D1: неполное покрытие суток; D2: неполное покрытие суток; D3: неполное покрытие суток; D1: повторные метки в трёхсуточном контексте; D2: повторные метки в трёхсуточном контексте; D3: повторные метки в трёхсуточном контексте,2018-06
2018-06-18,not_in_analysis,confirmed,skipped,B,,D1: неполное покрытие суток; D2: неполное покрытие суток; D3: неполное покрытие суток; D1: повторные метки в трёхсуточном контексте; D2: повторные метки в трёхсуточном контексте; D3: повторные метки в трёхсуточном контексте,2018-06
2018-06-19,main,confirmed,computed,A,,,2018-06
2018-06-20,main,confirmed,computed,A,,,2018-06
2018-06-21,not_in_analysis,confirmed,skipped,B,,D1: неполное покрытие суток (нарушение 0<C≤3000),2018-06
2018-06-22,not_in_analysis,confirmed,skipped,B,,D1: неполное покрытие суток (нарушение 0<C≤3000); D2: неполное покрытие суток; D3: неполное покрытие суток,2018-06
2018-06-23,not_in_analysis,confirmed,skipped,B,,D1: неполное окружение ±12 ч; D2: неполное окружение ±12 ч; D3: неполное окружение ±12 ч,2018-06
2018-06-24,main,confirmed,computed,A,,,2018-06
2018-06-25,main,confirmed,computed,A,,,2018-06
2018-06-26,main,confirmed,computed,A,,,2018-06
2018-06-27,main,confirmed,computed,A,,,2018-06
2018-06-28,main,confirmed,computed,A,,,2018-06
2018-06-29,main,confirmed,computed,A,,,2018-06
2018-06-30,not_in_analysis,confirmed,skipped,B,,D1: неполное окружение ±12 ч (служебные значения); D2: неполное окружение ±12 ч (служебные значения); D3: неполное окружение ±12 ч (служебные значения),2018-06
2018-07-01,not_in_analysis,confirmed,skipped,B,,D1: неполное покрытие суток (служебные значения); D2: неполное покрытие суток (служебные значения); D3: неполное покрытие суток (служебные значения),2018-07
2018-07-02,not_in_analysis,confirmed,skipped,B,,D1: неполное окружение ±12 ч; D2: неполное окружение ±12 ч; D3: неполное окружение ±12 ч,2018-07
2018-07-03,not_in_analysis,confirmed,skipped,B,,D1: неполное покрытие суток; D2: неполное покрытие суток; D3: неполное покрытие суток,2018-07
2018-07-04,not_in_analysis,confirmed,skipped,B,,D1: неполное окружение ±12 ч; D2: неполное окружение ±12 ч; D3: неполное окружение ±12 ч,2018-07
2018-07-05,main,confirmed,computed,A,,,2018-07
2018-07-06,main,confirmed,computed,A,,,2018-07
2018-07-07,main,confirmed,computed,A,,,2018-07
2018-07-08,main,confirmed,computed,A,,,2018-07
2018-07-09,main,confirmed,computed,A,,,2018-07
2018-07-10,main,confirmed,computed,A,,,2018-07
2018-07-11,not_in_analysis,confirmed,skipped,B,,D1: неполное покрытие суток; D2: неполное покрытие суток; D3: неполное покрытие суток,2018-07
2018-07-12,not_in_analysis,confirmed,skipped,B,,D1: неполное окружение ±12 ч; D2: неполное окружение ±12 ч; D3: неполное окружение ±12 ч,2018-07
2018-07-13,main,confirmed,computed,A,,,2018-07
2018-07-14,main,confirmed,computed,A,,,2018-07
2018-07-15,main,confirmed,computed,A,,,2018-07
2018-07-16,main,confirmed,computed,A,,,2018-07
2018-07-17,main,confirmed,computed,A,,,2018-07
2018-07-18,main,confirmed,computed,A,,,2018-07
2018-07-19,main,confirmed,computed,A,,,2018-07
2018-07-20,main,confirmed,computed,A,,,2018-07
2018-07-21,main,confirmed,computed,A,,,2018-07
2018-07-22,main,confirmed,computed,A,,,2018-07
2018-07-23,main,confirmed,computed,A,,,2018-07
2018-07-24,main,confirmed,computed,A,,,2018-07
2018-07-25,main,confirmed,computed,A,,,2018-07
2018-07-26,main,confirmed,computed,A,,,2018-07
2018-07-27,not_in_analysis,confirmed,skipped,B,,D1: неполное покрытие суток (служебные значения); D2: неполное покрытие суток (служебные значения); D3: неполное покрытие суток (служебные значения),2018-07
2018-07-28,not_in_analysis,confirmed,skipped,B,,D1: неполное покрытие суток (служебные значения); D2: неполное покрытие суток (служебные значения); D3: неполное покрытие суток (служебные значения); D1: диагностический постоянный участок в окнах расчёта; D2: диагностический постоянный участок в окнах расчёта; D3: диагностический постоянный участок в окнах расчёта,2018-07
2018-07-29,not_in_analysis,confirmed,skipped,B,,D1: неполное покрытие суток (служебные значения); D2: неполное покрытие суток (служебные значения); D3: неполное покрытие суток (служебные значения); D1: диагностический постоянный участок в окнах расчёта; D2: диагностический постоянный участок в окнах расчёта; D3: диагностический постоянный участок в окнах расчёта,2018-07
2018-07-30,not_in_analysis,confirmed,skipped,B,,D1: неполное окружение ±12 ч (служебные значения); D2: неполное окружение ±12 ч (служебные значения); D3: неполное окружение ±12 ч (служебные значения); D1: диагностический постоянный участок в окнах расчёта; D2: диагностический постоянный участок в окнах расчёта; D3: диагностический постоянный участок в окнах расчёта,2018-07
2018-07-31,not_in_analysis,confirmed,skipped,C,,D1: диагностический постоянный участок в окнах расчёта; D2: диагностический постоянный участок в окнах расчёта; D3: диагностический постоянный участок в окнах расчёта,2018-07
2018-08-01,not_in_analysis,confirmed,skipped,C,,D1: диагностический постоянный участок в окнах расчёта; D2: диагностический постоянный участок в окнах расчёта; D3: диагностический постоянный участок в окнах расчёта,2018-08
2018-08-02,not_in_analysis,confirmed,skipped,C,,D1: диагностический постоянный участок в окнах расчёта; D2: диагностический постоянный участок в окнах расчёта; D3: диагностический постоянный участок в окнах расчёта,2018-08
2018-08-03,not_in_analysis,confirmed,skipped,C,,D1: диагностический постоянный участок в окнах расчёта; D2: диагностический постоянный участок в окнах расчёта; D3: диагностический постоянный участок в окнах расчёта,2018-08
2018-08-04,not_in_analysis,confirmed,skipped,C,,D1: диагностический постоянный участок в окнах расчёта; D2: диагностический постоянный участок в окнах расчёта; D3: диагностический постоянный участок в окнах расчёта,2018-08
2018-08-05,not_in_analysis,confirmed,skipped,B,,D1: неполное покрытие суток (служебные значения); D2: неполное покрытие суток (служебные значения); D3: неполное покрытие суток (служебные значения); D1: диагностический постоянный участок в окнах расчёта; D2: диагностический постоянный участок в окнах расчёта; D3: диагностический постоянный участок в окнах расчёта,2018-08
2018-08-06,not_in_analysis,confirmed,skipped,B,,D1: неполное покрытие суток (служебные значения); D2: неполное покрытие суток (служебные значения); D3: неполное покрытие суток (служебные значения); D1: диагностический постоянный участок в окнах расчёта; D2: диагностический постоянный участок в окнах расчёта; D3: диагностический постоянный участок в окнах расчёта,2018-08
2018-08-07,not_in_analysis,confirmed,skipped,B,,D1: неполное покрытие суток (служебные значения); D2: неполное покрытие суток (служебные значения); D3: неполное покрытие суток (служебные значения); D1: диагностический постоянный участок в окнах расчёта; D2: диагностический постоянный участок в окнах расчёта; D3: диагностический постоянный участок в окнах расчёта,2018-08
2018-08-08,not_in_analysis,confirmed,skipped,B,,D1: неполное окружение ±12 ч (служебные значения); D2: неполное окружение ±12 ч (служебные значения); D3: неполное окружение ±12 ч (служебные значения); D1: диагностический постоянный участок в окнах расчёта; D2: диагностический постоянный участок в окнах расчёта; D3: диагностический постоянный участок в окнах расчёта,2018-08
2018-08-09,not_in_analysis,confirmed,skipped,B,,D1: неполное покрытие суток (служебные значения); D2: неполное покрытие суток (служебные значения); D3: неполное покрытие суток (служебные значения); D1: диагностический постоянный участок в окнах расчёта; D2: диагностический постоянный участок в окнах расчёта; D3: диагностический постоянный участок в окнах расчёта,2018-08
2018-08-10,not_in_analysis,confirmed,skipped,B,,D1: неполное покрытие суток (служебные значения); D2: неполное покрытие суток (служебные значения); D3: неполное покрытие суток (служебные значения); D1: диагностический постоянный участок в окнах расчёта; D2: диагностический постоянный участок в окнах расчёта; D3: диагностический постоянный участок в окнах расчёта,2018-08
2018-08-11,not_in_analysis,confirmed,skipped,B,,D1: неполное покрытие суток (служебные значения); D2: неполное покрытие суток (служебные значения); D3: неполное покрытие суток (служебные значения); D1: диагностический постоянный участок в окнах расчёта; D2: диагностический постоянный участок в окнах расчёта; D3: диагностический постоянный участок в окнах расчёта,2018-08
2018-08-12,not_in_analysis,confirmed,skipped,B,,D1: неполное окружение ±12 ч (служебные значения); D2: неполное окружение ±12 ч (служебные значения); D3: неполное окружение ±12 ч (служебные значения); D1: диагностический постоянный участок в окнах расчёта; D2: диагностический постоянный участок в окнах расчёта; D3: диагностический постоянный участок в окнах расчёта,2018-08
2018-08-13,not_in_analysis,confirmed,skipped,C,,D1: диагностический постоянный участок в окнах расчёта; D2: диагностический постоянный участок в окнах расчёта; D3: диагностический постоянный участок в окнах расчёта,2018-08
2018-08-14,not_in_analysis,confirmed,skipped,C,,D1: диагностический постоянный участок в окнах расчёта; D2: диагностический постоянный участок в окнах расчёта; D3: диагностический постоянный участок в окнах расчёта,2018-08
2018-08-15,not_in_analysis,confirmed,skipped,B,,D1: неполное покрытие суток; D2: неполное покрытие суток; D3: неполное покрытие суток; D1: диагностический постоянный участок в окнах расчёта; D2: диагностический постоянный участок в окнах расчёта; D3: диагностический постоянный участок в окнах расчёта,2018-08
2018-08-16,not_in_analysis,confirmed,skipped,B,,D1: неполное окружение ±12 ч; D2: неполное окружение ±12 ч; D3: неполное окружение ±12 ч,2018-08
2018-08-17,main,confirmed,computed,A,,,2018-08
2018-08-18,main,confirmed,computed,A,,,2018-08
2018-08-19,main,confirmed,computed,A,,,2018-08
2018-08-20,main,confirmed,computed,A,,,2018-08
2018-08-21,main,confirmed,computed,A,,,2018-08
2018-08-22,not_in_analysis,confirmed,skipped,B,,D1: неполное окружение ±12 ч; D2: неполное окружение ±12 ч; D3: неполное окружение ±12 ч,2018-08
2018-08-23,not_in_analysis,confirmed,skipped,B,,D1: неполное покрытие суток; D2: неполное покрытие суток; D3: неполное покрытие суток,2018-08
2018-08-24,main,confirmed,computed,A,,,2018-08
2018-08-25,main,confirmed,computed,A,,,2018-08
2018-08-26,main,confirmed,computed,A,,,2018-08
2018-08-27,main,confirmed,computed,A,,,2018-08
2018-08-28,main,confirmed,computed,A,,,2018-08
2018-08-29,main,confirmed,computed,A,,,2018-08
2018-08-30,main,confirmed,computed,A,,,2018-08
2018-08-31,main,confirmed,computed,A,,,2018-08
2018-09-01,main,confirmed,computed,A,,,2018-09
2018-09-02,main,confirmed,computed,A,,,2018-09
2018-09-03,main,confirmed,computed,A,,,2018-09
2018-09-04,not_in_analysis,confirmed,skipped,B,,D1: неполное покрытие суток; D2: неполное покрытие суток; D3: неполное покрытие суток,2018-09
2018-09-05,not_in_analysis,confirmed,skipped,B,,D1: неполное покрытие суток (служебные значения); D2: неполное покрытие суток (служебные значения); D3: неполное покрытие суток (служебные значения),2018-09
2018-09-06,not_in_analysis,confirmed,skipped,B,,D1: неполное покрытие суток (служебные значения); D2: неполное покрытие суток (служебные значения); D3: неполное покрытие суток (служебные значения),2018-09
2018-09-07,main,confirmed,computed,A,,,2018-09
2018-09-08,main,confirmed,computed,A,,,2018-09
2018-09-09,main,confirmed,computed,A,,,2018-09
2018-09-10,not_in_analysis,confirmed,skipped,B,,D1: неполное покрытие суток (служебные значения); D2: неполное покрытие суток (служебные значения); D3: неполное покрытие суток (служебные значения); D1: диагностический постоянный участок в окнах расчёта; D2: диагностический постоянный участок в окнах расчёта; D3: диагностический постоянный участок в окнах расчёта,2018-09
2018-09-11,not_in_analysis,confirmed,skipped,B,,D1: неполное покрытие суток (служебные значения); D2: неполное покрытие суток (служебные значения); D3: неполное покрытие суток (служебные значения); D1: диагностический постоянный участок в окнах расчёта; D2: диагностический постоянный участок в окнах расчёта; D3: диагностический постоянный участок в окнах расчёта,2018-09
2018-09-12,not_in_analysis,confirmed,skipped,C,,D1: диагностический постоянный участок в окнах расчёта; D2: диагностический постоянный участок в окнах расчёта; D3: диагностический постоянный участок в окнах расчёта,2018-09
2018-09-13,main,confirmed,computed,A,,,2018-09
2018-09-14,main,confirmed,computed,A,,,2018-09
2018-09-15,main,confirmed,computed,A,,,2018-09
2018-09-16,main,confirmed,computed,A,,,2018-09
2018-09-17,main,confirmed,computed,A,,,2018-09
2018-09-18,not_in_analysis,confirmed,skipped,B,,D1: неполное покрытие суток (служебные значения); D2: неполное покрытие суток (служебные значения); D3: неполное покрытие суток (служебные значения); D1: диагностический постоянный участок в окнах расчёта; D2: диагностический постоянный участок в окнах расчёта; D3: диагностический постоянный участок в окнах расчёта,2018-09
2018-09-19,not_in_analysis,confirmed,skipped,B,,D1: неполное покрытие суток (служебные значения); D2: неполное покрытие суток (служебные значения); D3: неполное покрытие суток (служебные значения); D1: диагностический постоянный участок в окнах расчёта; D2: диагностический постоянный участок в окнах расчёта; D3: диагностический постоянный участок в окнах расчёта,2018-09
2018-09-20,main,confirmed,computed,A,,,2018-09
2018-09-21,main,confirmed,computed,A,,,2018-09
2018-09-22,main,confirmed,computed,A,,,2018-09
2018-09-23,main,confirmed,computed,A,,,2018-09
2018-09-24,not_in_analysis,confirmed,skipped,B,,D1: неполное окружение ±12 ч; D2: неполное окружение ±12 ч; D3: неполное окружение ±12 ч; D1: повторные метки в трёхсуточном контексте; D2: повторные метки в трёхсуточном контексте; D3: повторные метки в трёхсуточном контексте,2018-09
2018-09-25,not_in_analysis,confirmed,skipped,B,,D1: неполное покрытие суток; D2: неполное покрытие суток; D3: неполное покрытие суток; D1: повторные метки в трёхсуточном контексте; D2: повторные метки в трёхсуточном контексте; D3: повторные метки в трёхсуточном контексте,2018-09
2018-09-26,not_in_analysis,confirmed,skipped,B,,D1: неполное покрытие суток; D2: неполное покрытие суток; D3: неполное покрытие суток; D1: повторные метки в трёхсуточном контексте; D2: повторные метки в трёхсуточном контексте; D3: повторные метки в трёхсуточном контексте,2018-09
2018-09-27,not_in_analysis,confirmed,skipped,B,,D1: неполное покрытие суток; D2: неполное покрытие суток; D3: неполное покрытие суток; D1: повторные метки в трёхсуточном контексте; D2: повторные метки в трёхсуточном контексте; D3: повторные метки в трёхсуточном контексте,2018-09
2018-09-28,not_in_analysis,confirmed,skipped,B,,D1: неполное покрытие суток; D2: неполное покрытие суток; D3: неполное покрытие суток; D1: повторные метки в трёхсуточном контексте; D2: повторные метки в трёхсуточном контексте; D3: повторные метки в трёхсуточном контексте,2018-09
2018-09-29,not_in_analysis,confirmed,skipped,C,,D1: повторные метки в трёхсуточном контексте; D2: повторные метки в трёхсуточном контексте; D3: повторные метки в трёхсуточном контексте,2018-09
2018-09-30,main,confirmed,computed,A,,,2018-09
2018-10-01,main,confirmed,computed,A,,,2018-10
2018-10-02,main,confirmed,computed,A,,,2018-10
2018-10-03,main,confirmed,computed,A,,,2018-10
2018-10-04,main,confirmed,computed,A,,,2018-10
2018-10-05,main,confirmed,computed,A,,,2018-10
2018-10-06,main,confirmed,computed,A,,,2018-10
2018-10-07,main,confirmed,computed,A,,,2018-10
2018-10-08,main,confirmed,computed,A,,,2018-10
2018-10-09,main,confirmed,computed,A,,,2018-10
2018-10-10,main,confirmed,computed,A,,,2018-10
2018-10-11,not_in_analysis,confirmed,skipped,B,,D1: неполное покрытие суток; D2: неполное покрытие суток; D3: неполное покрытие суток,2018-10
2018-10-12,not_in_analysis,confirmed,skipped,B,,D1: неполное покрытие суток (служебные значения); D2: неполное покрытие суток (служебные значения); D3: неполное покрытие суток (служебные значения),2018-10
2018-10-13,not_in_analysis,confirmed,skipped,B,,D1: неполное покрытие суток (служебные значения); D2: неполное покрытие суток (служебные значения); D3: неполное покрытие суток (служебные значения),2018-10
2018-10-14,not_in_analysis,confirmed,skipped,B,,D1: неполное покрытие суток (служебные значения); D2: неполное покрытие суток (служебные значения); D3: неполное покрытие суток (служебные значения),2018-10
2018-10-15,main,confirmed,computed,A,,,2018-10
2018-10-16,not_in_analysis,confirmed,skipped,B,,D1: неполное покрытие суток (служебные значения); D2: неполное покрытие суток (служебные значения); D3: неполное покрытие суток (служебные значения),2018-10
2018-10-17,not_in_analysis,confirmed,skipped,B,,D1: неполное покрытие суток (служебные значения); D2: неполное покрытие суток (служебные значения); D3: неполное покрытие суток (служебные значения),2018-10
2018-10-18,not_in_analysis,confirmed,skipped,B,,D1: неполное покрытие суток (служебные значения); D2: неполное покрытие суток (служебные значения); D3: неполное покрытие суток (служебные значения),2018-10
2018-10-19,main,confirmed,computed,A,,,2018-10
2018-10-20,not_in_analysis,confirmed,skipped,B,,D1: неполное покрытие суток (служебные значения); D2: неполное покрытие суток (служебные значения); D3: неполное покрытие суток (служебные значения),2018-10
2018-10-21,not_in_analysis,confirmed,skipped,B,,D1: неполное окружение ±12 ч (служебные значения); D2: неполное окружение ±12 ч (служебные значения); D3: неполное окружение ±12 ч (служебные значения),2018-10
2018-10-22,main,confirmed,computed,A,,,2018-10
2018-10-23,main,confirmed,computed,A,,,2018-10
2018-10-24,main,confirmed,computed,A,,,2018-10
2018-10-25,main,confirmed,computed,A,,,2018-10
2018-10-26,main,confirmed,computed,A,,,2018-10
2018-10-27,not_in_analysis,confirmed,skipped,B,,D1: неполное покрытие суток (служебные значения); D2: неполное покрытие суток (служебные значения); D3: неполное покрытие суток (служебные значения),2018-10
2018-10-28,not_in_analysis,confirmed,skipped,B,,D1: неполное окружение ±12 ч (служебные значения); D2: неполное окружение ±12 ч (служебные значения); D3: неполное окружение ±12 ч (служебные значения),2018-10
2018-10-29,main,confirmed,computed,A,,,2018-10
2018-10-30,main,confirmed,computed,A,,,2018-10
2018-10-31,main,confirmed,computed,A,,,2018-10
2018-11-01,main,confirmed,computed,A,,,2018-11
2018-11-02,main,confirmed,computed,A,,,2018-11
2018-11-03,main,confirmed,computed,A,,,2018-11
2018-11-04,main,confirmed,computed,A,,,2018-11
2018-11-05,not_in_analysis,confirmed,skipped,B,,D1: неполное покрытие суток; D2: неполное покрытие суток; D3: неполное покрытие суток; D1: диагностический постоянный участок в окнах расчёта; D2: диагностический постоянный участок в окнах расчёта; D3: диагностический постоянный участок в окнах расчёта,2018-11
2018-11-06,not_in_analysis,confirmed,skipped,B,,D1: неполное покрытие суток; D2: неполное покрытие суток; D3: неполное покрытие суток; D1: диагностический постоянный участок в окнах расчёта; D2: диагностический постоянный участок в окнах расчёта; D3: диагностический постоянный участок в окнах расчёта,2018-11
2018-11-07,not_in_analysis,confirmed,skipped,C,,D1: диагностический постоянный участок в окнах расчёта; D2: диагностический постоянный участок в окнах расчёта; D3: диагностический постоянный участок в окнах расчёта,2018-11
2018-11-08,not_in_analysis,confirmed,skipped,C,,D1: диагностический постоянный участок в окнах расчёта; D2: диагностический постоянный участок в окнах расчёта; D3: диагностический постоянный участок в окнах расчёта,2018-11
2018-11-09,main,confirmed,computed,A,,,2018-11
2018-11-10,not_in_analysis,confirmed,skipped,B,,D1: неполное покрытие суток (служебные значения); D2: неполное покрытие суток (служебные значения); D3: неполное покрытие суток (служебные значения); D1: диагностический постоянный участок в окнах расчёта; D2: диагностический постоянный участок в окнах расчёта; D3: диагностический постоянный участок в окнах расчёта,2018-11
2018-11-11,not_in_analysis,confirmed,skipped,B,,D1: неполное окружение ±12 ч (служебные значения); D2: неполное окружение ±12 ч (служебные значения); D3: неполное окружение ±12 ч (служебные значения); D1: диагностический постоянный участок в окнах расчёта; D2: диагностический постоянный участок в окнах расчёта; D3: диагностический постоянный участок в окнах расчёта,2018-11
2018-11-12,not_in_analysis,confirmed,skipped,C,,D1: диагностический постоянный участок в окнах расчёта; D2: диагностический постоянный участок в окнах расчёта; D3: диагностический постоянный участок в окнах расчёта,2018-11
2018-11-13,not_in_analysis,confirmed,skipped,B,,D1: неполное окружение ±12 ч (нарушение 0<C≤3000); D2: неполное окружение ±12 ч (нарушение 0<C≤3000); D3: неполное окружение ±12 ч (нарушение 0<C≤3000); D1: диагностический постоянный участок в окнах расчёта; D2: диагностический постоянный участок в окнах расчёта; D3: диагностический постоянный участок в окнах расчёта,2018-11
2018-11-14,not_in_analysis,confirmed,skipped,B,,D1: неполное покрытие суток (нарушение 0<C≤3000); D2: неполное покрытие суток (нарушение 0<C≤3000); D3: неполное покрытие суток (нарушение 0<C≤3000); D1: диагностический постоянный участок в окнах расчёта; D2: диагностический постоянный участок в окнах расчёта; D3: диагностический постоянный участок в окнах расчёта,2018-11
2018-11-15,not_in_analysis,confirmed,skipped,B,,D1: неполное покрытие суток (нарушение 0<C≤3000); D2: неполное покрытие суток (нарушение 0<C≤3000); D3: неполное покрытие суток (нарушение 0<C≤3000),2018-11
2018-11-16,not_in_analysis,confirmed,skipped,B,,D1: неполное покрытие суток (нарушение 0<C≤3000); D2: неполное покрытие суток (нарушение 0<C≤3000); D3: неполное покрытие суток (нарушение 0<C≤3000),2018-11
2018-11-17,not_in_analysis,confirmed,skipped,B,,D1: неполное покрытие суток (нарушение 0<C≤3000); D2: неполное покрытие суток (нарушение 0<C≤3000); D3: неполное покрытие суток (нарушение 0<C≤3000),2018-11
2018-11-18,not_in_analysis,confirmed,skipped,B,,D1: неполное покрытие суток (нарушение 0<C≤3000); D2: неполное покрытие суток (нарушение 0<C≤3000); D3: неполное покрытие суток (нарушение 0<C≤3000),2018-11
2018-11-19,not_in_analysis,confirmed,skipped,B,,D1: неполное покрытие суток (нарушение 0<C≤3000); D2: неполное покрытие суток (нарушение 0<C≤3000); D3: неполное покрытие суток (нарушение 0<C≤3000),2018-11
2018-11-20,not_in_analysis,confirmed,skipped,B,,D1: неполное покрытие суток (нарушение 0<C≤3000); D2: неполное покрытие суток (нарушение 0<C≤3000); D3: неполное покрытие суток (нарушение 0<C≤3000),2018-11
2018-11-21,not_in_analysis,confirmed,skipped,B,,D1: неполное окружение ±12 ч; D2: неполное окружение ±12 ч; D3: неполное окружение ±12 ч,2018-11
2018-11-22,main,confirmed,computed,A,,,2018-11
2018-11-23,main,confirmed,computed,A,,,2018-11
2018-11-24,main,confirmed,computed,A,,,2018-11
2018-11-25,not_in_analysis,confirmed,skipped,B,,D1: неполное покрытие суток (служебные значения); D2: неполное покрытие суток (служебные значения); D3: неполное покрытие суток (служебные значения),2018-11
2018-11-26,not_in_analysis,confirmed,skipped,B,,D1: неполное окружение ±12 ч (служебные значения); D2: неполное окружение ±12 ч (служебные значения); D3: неполное окружение ±12 ч (служебные значения),2018-11
2018-11-27,main,confirmed,computed,A,,,2018-11
2018-11-28,not_in_analysis,confirmed,skipped,B,,D1: неполное покрытие суток (служебные значения); D2: неполное покрытие суток (служебные значения); D3: неполное покрытие суток (служебные значения); D1: повторные метки в трёхсуточном контексте; D2: повторные метки в трёхсуточном контексте; D3: повторные метки в трёхсуточном контексте,2018-11
2018-11-29,not_in_analysis,confirmed,skipped,B,,D1: неполное окружение ±12 ч (служебные значения); D2: неполное окружение ±12 ч (служебные значения); D3: неполное окружение ±12 ч (служебные значения); D1: повторные метки в трёхсуточном контексте; D2: повторные метки в трёхсуточном контексте; D3: повторные метки в трёхсуточном контексте,2018-11
2018-11-30,not_in_analysis,confirmed,skipped,C,,D1: повторные метки в трёхсуточном контексте; D2: повторные метки в трёхсуточном контексте; D3: повторные метки в трёхсуточном контексте,2018-11
2018-12-01,not_in_analysis,confirmed,skipped,C,,D1: повторные метки в трёхсуточном контексте; D2: повторные метки в трёхсуточном контексте; D3: повторные метки в трёхсуточном контексте,2018-12
2018-12-02,not_in_analysis,confirmed,skipped,C,,D1: повторные метки в трёхсуточном контексте; D2: повторные метки в трёхсуточном контексте; D3: повторные метки в трёхсуточном контексте,2018-12
2018-12-03,not_in_analysis,confirmed,skipped,C,,D1: повторные метки в трёхсуточном контексте; D2: повторные метки в трёхсуточном контексте; D3: повторные метки в трёхсуточном контексте,2018-12
2018-12-04,not_in_analysis,confirmed,skipped,C,,D1: повторные метки в трёхсуточном контексте; D2: повторные метки в трёхсуточном контексте; D3: повторные метки в трёхсуточном контексте,2018-12
2018-12-05,not_in_analysis,confirmed,skipped,C,,D1: повторные метки в трёхсуточном контексте; D2: повторные метки в трёхсуточном контексте; D3: повторные метки в трёхсуточном контексте,2018-12
2018-12-06,not_in_analysis,confirmed,skipped,C,,D1: повторные метки в трёхсуточном контексте; D2: повторные метки в трёхсуточном контексте; D3: повторные метки в трёхсуточном контексте,2018-12
2018-12-07,main,confirmed,computed,A,,,2018-12
2018-12-08,main,confirmed,computed,A,,,2018-12
2018-12-09,main,confirmed,computed,A,,,2018-12
2018-12-10,main,confirmed,computed,A,,,2018-12
2018-12-11,main,confirmed,computed,A,,,2018-12
2018-12-12,main,confirmed,computed,A,,,2018-12
2018-12-13,main,confirmed,computed,A,,,2018-12
2018-12-14,main,confirmed,computed,A,,,2018-12
2018-12-15,main,confirmed,computed,A,,,2018-12
2018-12-16,not_in_analysis,confirmed,skipped,B,,D1: неполное окружение ±12 ч (служебные значения); D2: неполное окружение ±12 ч (служебные значения); D3: неполное окружение ±12 ч (служебные значения),2018-12
2018-12-17,not_in_analysis,confirmed,skipped,B,,D1: неполное покрытие суток (служебные значения); D2: неполное покрытие суток (служебные значения); D3: неполное покрытие суток (служебные значения),2018-12
2018-12-18,main,confirmed,computed,A,,,2018-12
2018-12-19,main,confirmed,computed,A,,,2018-12
2018-12-20,not_in_analysis,confirmed,skipped,B,,D1: неполное покрытие суток; D2: неполное покрытие суток; D3: неполное покрытие суток,2018-12
2018-12-21,not_in_analysis,confirmed,skipped,B,,D1: неполное окружение ±12 ч (служебные значения); D2: неполное окружение ±12 ч (служебные значения); D3: неполное окружение ±12 ч (служебные значения),2018-12
2018-12-22,not_in_analysis,confirmed,skipped,B,,D1: неполное покрытие суток (служебные значения); D2: неполное покрытие суток (служебные значения); D3: неполное покрытие суток (служебные значения),2018-12
2018-12-23,not_in_analysis,confirmed,skipped,B,,D1: неполное окружение ±12 ч (служебные значения); D2: неполное окружение ±12 ч (служебные значения); D3: неполное окружение ±12 ч (служебные значения),2018-12
2018-12-24,not_in_analysis,confirmed,skipped,B,,D1: неполное окружение ±12 ч (служебные значения); D2: неполное окружение ±12 ч (служебные значения); D3: неполное окружение ±12 ч (служебные значения),2018-12
2018-12-25,not_in_analysis,confirmed,skipped,B,,D1: неполное покрытие суток (служебные значения); D2: неполное покрытие суток (служебные значения); D3: неполное покрытие суток (служебные значения),2018-12
2018-12-26,not_in_analysis,confirmed,skipped,B,,D1: неполное покрытие суток (служебные значения); D2: неполное покрытие суток (служебные значения); D3: неполное покрытие суток (служебные значения),2018-12
2018-12-27,not_in_analysis,confirmed,skipped,B,,D1: неполное окружение ±12 ч (служебные значения); D2: неполное окружение ±12 ч (служебные значения); D3: неполное окружение ±12 ч (служебные значения),2018-12
2018-12-28,main,confirmed,computed,A,,,2018-12
2018-12-29,main,confirmed,computed,A,,,2018-12
2018-12-30,main,confirmed,computed,A,,,2018-12
2018-12-31,main,confirmed,computed,A,,,2018-12
2019-01-01,main,confirmed,computed,A,,,2019-01
2019-01-02,main,confirmed,computed,A,,,2019-01
2019-01-03,main,confirmed,computed,A,,,2019-01
2019-01-04,main,confirmed,computed,A,,,2019-01
2019-01-05,main,confirmed,computed,A,,,2019-01
2019-01-06,main,confirmed,computed,A,,,2019-01
2019-01-07,main,confirmed,computed,A,,,2019-01
2019-01-08,main,confirmed,computed,A,,,2019-01
2019-01-09,not_in_analysis,confirmed,skipped,B,,D1: неполное окружение ±12 ч (служебные значения); D2: неполное окружение ±12 ч (служебные значения); D3: неполное окружение ±12 ч (служебные значения),2019-01
2019-01-10,not_in_analysis,confirmed,skipped,B,,D1: неполное покрытие суток (служебные значения); D2: неполное покрытие суток (служебные значения); D3: неполное покрытие суток (служебные значения),2019-01
2019-01-11,not_in_analysis,confirmed,skipped,B,,D1: неполное покрытие суток (служебные значения); D2: неполное покрытие суток (служебные значения); D3: неполное покрытие суток (служебные значения),2019-01
2019-01-12,not_in_analysis,confirmed,skipped,B,,D1: неполное окружение ±12 ч; D2: неполное окружение ±12 ч; D3: неполное окружение ±12 ч,2019-01
2019-01-13,main,confirmed,computed,A,,,2019-01
2019-01-14,not_in_analysis,confirmed,skipped,B,,D1: неполное покрытие суток (служебные значения); D2: неполное покрытие суток (служебные значения); D3: неполное покрытие суток (служебные значения),2019-01
2019-01-15,not_in_analysis,confirmed,skipped,B,,D1: неполное окружение ±12 ч (служебные значения); D2: неполное окружение ±12 ч (служебные значения); D3: неполное окружение ±12 ч (служебные значения),2019-01
2019-01-16,not_in_analysis,confirmed,skipped,B,,D1: неполное окружение ±12 ч (служебные значения); D2: неполное окружение ±12 ч (служебные значения); D3: неполное окружение ±12 ч (служебные значения),2019-01
2019-01-17,not_in_analysis,confirmed,skipped,B,,D1: неполное покрытие суток (служебные значения); D2: неполное покрытие суток (служебные значения); D3: неполное покрытие суток (служебные значения),2019-01
2019-01-18,main,confirmed,computed,A,,,2019-01
2019-01-19,main,confirmed,computed,A,,,2019-01
2019-01-20,main,confirmed,computed,A,,,2019-01
2019-01-21,not_in_analysis,confirmed,skipped,B,,D1: неполное покрытие суток (служебные значения); D2: неполное покрытие суток (служебные значения); D3: неполное покрытие суток (служебные значения),2019-01
2019-01-22,not_in_analysis,confirmed,skipped,B,,D1: неполное окружение ±12 ч (служебные значения); D2: неполное окружение ±12 ч (служебные значения); D3: неполное окружение ±12 ч (служебные значения),2019-01
2019-01-23,not_in_analysis,confirmed,skipped,B,,D1: неполное покрытие суток (служебные значения); D2: неполное покрытие суток (служебные значения); D3: неполное покрытие суток (служебные значения),2019-01
2019-01-24,not_in_analysis,confirmed,skipped,B,,D1: неполное покрытие суток (служебные значения); D2: неполное покрытие суток (служебные значения); D3: неполное покрытие суток (служебные значения),2019-01
2019-01-25,not_in_analysis,confirmed,skipped,B,,D1: неполное покрытие суток (служебные значения); D2: неполное покрытие суток (служебные значения); D3: неполное покрытие суток (служебные значения),2019-01
2019-01-26,not_in_analysis,confirmed,skipped,B,,D1: неполное окружение ±12 ч (служебные значения); D2: неполное окружение ±12 ч (служебные значения); D3: неполное окружение ±12 ч (служебные значения),2019-01
2019-01-27,main,confirmed,computed,A,,,2019-01
2019-01-28,main,confirmed,computed,A,,,2019-01
2019-01-29,not_in_analysis,confirmed,skipped,B,,D1: неполное покрытие суток (служебные значения); D2: неполное покрытие суток (служебные значения); D3: неполное покрытие суток (служебные значения),2019-01
2019-01-30,not_in_analysis,confirmed,skipped,B,,D1: неполное окружение ±12 ч (служебные значения); D2: неполное окружение ±12 ч (служебные значения); D3: неполное окружение ±12 ч (служебные значения),2019-01
2019-01-31,main,confirmed,computed,A,,,2019-01
2019-02-01,not_in_analysis,confirmed,skipped,B,,D1: неполное покрытие суток (служебные значения); D2: неполное покрытие суток (служебные значения); D3: неполное покрытие суток (служебные значения),2019-02
2019-02-02,not_in_analysis,confirmed,skipped,B,,D1: неполное окружение ±12 ч (служебные значения); D2: неполное окружение ±12 ч (служебные значения); D3: неполное окружение ±12 ч (служебные значения),2019-02
2019-02-03,not_in_analysis,confirmed,skipped,B,,D1: неполное покрытие суток (служебные значения); D2: неполное покрытие суток (служебные значения); D3: неполное покрытие суток (служебные значения),2019-02
2019-02-04,not_in_analysis,confirmed,skipped,B,,D1: неполное окружение ±12 ч (служебные значения); D2: неполное окружение ±12 ч (служебные значения); D3: неполное окружение ±12 ч (служебные значения),2019-02
2019-02-05,not_in_analysis,confirmed,skipped,B,,D1: неполное покрытие суток (служебные значения); D2: неполное покрытие суток (служебные значения); D3: неполное покрытие суток (служебные значения),2019-02
2019-02-06,not_in_analysis,confirmed,skipped,B,,D1: неполное окружение ±12 ч (служебные значения); D2: неполное окружение ±12 ч (служебные значения); D3: неполное окружение ±12 ч (служебные значения),2019-02
2019-02-07,main,confirmed,computed,A,,,2019-02
2019-02-08,main,confirmed,computed,A,,,2019-02
2019-02-09,main,confirmed,computed,A,,,2019-02
2019-02-10,main,confirmed,computed,A,,,2019-02
2019-02-11,main,confirmed,computed,A,,,2019-02
2019-02-12,main,confirmed,computed,A,,,2019-02
2019-02-13,main,confirmed,computed,A,,,2019-02
2019-02-14,main,confirmed,computed,A,,,2019-02
2019-02-15,main,confirmed,computed,A,,,2019-02
2019-02-16,main,confirmed,computed,A,,,2019-02
2019-02-17,main,confirmed,computed,A,,,2019-02
2019-02-18,main,confirmed,computed,A,,,2019-02
2019-02-19,main,confirmed,computed,A,,,2019-02
2019-02-20,not_in_analysis,confirmed,skipped,C,,D1: диагностический постоянный участок в окнах расчёта; D2: диагностический постоянный участок в окнах расчёта; D3: диагностический постоянный участок в окнах расчёта,2019-02
2019-02-21,not_in_analysis,confirmed,skipped,B,,D1: неполное покрытие суток; D2: неполное покрытие суток; D3: неполное покрытие суток; D1: диагностический постоянный участок в окнах расчёта; D2: диагностический постоянный участок в окнах расчёта; D3: диагностический постоянный участок в окнах расчёта,2019-02
2019-02-22,not_in_analysis,confirmed,skipped,B,,D1: неполное окружение ±12 ч; D2: неполное окружение ±12 ч; D3: неполное окружение ±12 ч; D1: диагностический постоянный участок в окнах расчёта; D2: диагностический постоянный участок в окнах расчёта; D3: диагностический постоянный участок в окнах расчёта,2019-02
2019-02-23,main,confirmed,computed,A,,,2019-02
2019-02-24,main,confirmed,computed,A,,,2019-02
2019-02-25,not_in_analysis,confirmed,skipped,B,,D1: неполное окружение ±12 ч (служебные значения); D2: неполное окружение ±12 ч (служебные значения); D3: неполное окружение ±12 ч (служебные значения),2019-02
2019-02-26,not_in_analysis,confirmed,skipped,B,,D1: неполное покрытие суток (служебные значения); D2: неполное покрытие суток (служебные значения); D3: неполное покрытие суток (служебные значения),2019-02
2019-02-27,not_in_analysis,confirmed,skipped,B,,D1: неполное покрытие суток (служебные значения); D2: неполное покрытие суток (служебные значения); D3: неполное покрытие суток (служебные значения),2019-02
2019-02-28,main,confirmed,computed,A,,,2019-02
2019-03-01,main,confirmed,computed,A,,,2019-03
2019-03-02,main,confirmed,computed,A,,,2019-03
2019-03-03,main,confirmed,computed,A,,,2019-03
2019-03-04,main,confirmed,computed,A,,,2019-03
2019-03-05,main,confirmed,computed,A,,,2019-03
2019-03-06,not_in_analysis,confirmed,skipped,B,,D1: неполное окружение ±12 ч (служебные значения); D2: неполное окружение ±12 ч (служебные значения); D3: неполное окружение ±12 ч (служебные значения),2019-03
2019-03-07,not_in_analysis,confirmed,skipped,B,,D1: неполное покрытие суток (служебные значения); D2: неполное покрытие суток (служебные значения); D3: неполное покрытие суток (служебные значения),2019-03
2019-03-08,main,confirmed,computed,A,,,2019-03
2019-03-09,main,confirmed,computed,A,,,2019-03
2019-03-10,main,confirmed,computed,A,,,2019-03
2019-03-11,not_in_analysis,confirmed,skipped,B,,D1: неполное окружение ±12 ч; D2: неполное окружение ±12 ч; D3: неполное окружение ±12 ч; D1: диагностический постоянный участок в окнах расчёта; D2: диагностический постоянный участок в окнах расчёта; D3: диагностический постоянный участок в окнах расчёта,2019-03
2019-03-12,not_in_analysis,confirmed,skipped,B,,D1: неполное покрытие суток; D2: неполное покрытие суток; D3: неполное покрытие суток; D1: диагностический постоянный участок в окнах расчёта; D2: диагностический постоянный участок в окнах расчёта; D3: диагностический постоянный участок в окнах расчёта,2019-03
2019-03-13,main,confirmed,computed,A,,,2019-03
2019-03-14,main,confirmed,computed,A,,,2019-03
2019-03-15,main,confirmed,computed,A,,,2019-03
2019-03-16,main,confirmed,computed,A,,,2019-03
2019-03-17,main,confirmed,computed,A,,,2019-03
2019-03-18,main,confirmed,computed,A,,,2019-03
2019-03-19,main,confirmed,computed,A,,,2019-03
2019-03-20,main,confirmed,computed,A,,,2019-03
2019-03-21,main,confirmed,computed,A,,,2019-03
2019-03-22,main,confirmed,computed,A,,,2019-03
2019-03-23,main,confirmed,computed,A,,,2019-03
2019-03-24,main,confirmed,computed,A,,,2019-03
2019-03-25,main,confirmed,computed,A,,,2019-03
2019-03-26,main,confirmed,computed,A,,,2019-03
2019-03-27,main,confirmed,computed,A,,,2019-03
2019-03-28,main,confirmed,computed,A,,,2019-03
2019-03-29,main,confirmed,computed,A,,,2019-03
2019-03-30,main,confirmed,computed,A,,,2019-03
2019-03-31,main,confirmed,computed,A,,,2019-03
2019-04-01,main,confirmed,computed,A,,,2019-04
2019-04-02,main,confirmed,computed,A,,,2019-04
2019-04-03,main,confirmed,computed,A,,,2019-04
2019-04-04,main,confirmed,computed,A,,,2019-04
2019-04-05,main,confirmed,computed,A,,,2019-04
2019-04-06,main,confirmed,computed,A,,,2019-04
2019-04-07,main,confirmed,computed,A,,,2019-04
2019-04-08,main,confirmed,computed,A,,,2019-04
2019-04-09,main,confirmed,computed,A,,,2019-04
2019-04-10,main,confirmed,computed,A,,,2019-04
2019-04-11,main,confirmed,computed,A,,,2019-04
2019-04-12,main,confirmed,computed,A,,,2019-04
2019-04-13,main,confirmed,computed,A,,,2019-04
2019-04-14,main,confirmed,computed,A,,,2019-04
2019-04-15,main,confirmed,computed,A,,,2019-04
2019-04-16,main,confirmed,computed,A,,,2019-04
2019-04-17,main,confirmed,computed,A,,,2019-04
2019-04-18,not_in_analysis,confirmed,skipped,B,,D1: неполное окружение ±12 ч; D2: неполное окружение ±12 ч; D3: неполное окружение ±12 ч,2019-04
2019-04-19,not_in_analysis,confirmed,skipped,B,,D1: неполное покрытие суток; D2: неполное покрытие суток; D3: неполное покрытие суток,2019-04
2019-04-20,main,confirmed,computed,A,,,2019-04
2019-04-21,main,confirmed,computed,A,,,2019-04
2019-04-22,not_in_analysis,confirmed,skipped,C,,D1: повторные метки в трёхсуточном контексте; D2: повторные метки в трёхсуточном контексте; D3: повторные метки в трёхсуточном контексте,2019-04
2019-04-23,not_in_analysis,confirmed,skipped,C,,D1: повторные метки в трёхсуточном контексте; D2: повторные метки в трёхсуточном контексте; D3: повторные метки в трёхсуточном контексте,2019-04
2019-04-24,not_in_analysis,confirmed,skipped,C,,D1: повторные метки в трёхсуточном контексте; D2: повторные метки в трёхсуточном контексте; D3: повторные метки в трёхсуточном контексте,2019-04
2019-04-25,not_in_analysis,confirmed,skipped,B,,D1: неполное покрытие суток; D2: неполное покрытие суток; D3: неполное покрытие суток; D1: повторные метки в трёхсуточном контексте,2019-04
2019-04-26,not_in_analysis,confirmed,skipped,B,,D1: неполное покрытие суток; D2: неполное покрытие суток; D3: неполное покрытие суток,2019-04
2019-04-27,main,confirmed,computed,A,,,2019-04
2019-04-28,main,confirmed,computed,A,,,2019-04
2019-04-29,main,confirmed,computed,A,,,2019-04
2019-04-30,main,confirmed,computed,A,,,2019-04
2019-05-01,main,confirmed,computed,A,,,2019-05
2019-05-02,main,confirmed,computed,A,,,2019-05
2019-05-03,main,confirmed,computed,A,,,2019-05
2019-05-04,main,confirmed,computed,A,,,2019-05
2019-05-05,main,confirmed,computed,A,,,2019-05
2019-05-06,main,confirmed,computed,A,,,2019-05
2019-05-07,main,confirmed,computed,A,,,2019-05
2019-05-08,main,confirmed,computed,A,,,2019-05
2019-05-09,main,confirmed,computed,A,,,2019-05
2019-05-10,main,confirmed,computed,A,,,2019-05
2019-05-11,main,confirmed,computed,A,,,2019-05
2019-05-12,main,confirmed,computed,A,,,2019-05
2019-05-13,main,confirmed,computed,A,,,2019-05
2019-05-14,main,confirmed,computed,A,,,2019-05
2019-05-15,main,confirmed,computed,A,,,2019-05
2019-05-16,main,confirmed,computed,A,,,2019-05
2019-05-17,main,confirmed,computed,A,,,2019-05
2019-05-18,main,confirmed,computed,A,,,2019-05
2019-05-19,main,confirmed,computed,A,,,2019-05
2019-05-20,main,confirmed,computed,A,,,2019-05
2019-05-21,main,confirmed,computed,A,,,2019-05
2019-05-22,main,confirmed,computed,A,,,2019-05
2019-05-23,main,confirmed,computed,A,,,2019-05
2019-05-24,main,confirmed,computed,A,,,2019-05
2019-05-25,main,confirmed,computed,A,,,2019-05
2019-05-26,main,confirmed,computed,A,,,2019-05
2019-05-27,main,confirmed,computed,A,,,2019-05
2019-05-28,main,confirmed,computed,A,,,2019-05
2019-05-29,main,confirmed,computed,A,,,2019-05
2019-05-30,main,confirmed,computed,A,,,2019-05
2019-05-31,main,confirmed,computed,A,,,2019-05
2019-06-01,main,confirmed,computed,A,,,2019-06
2019-06-02,main,confirmed,computed,A,,,2019-06
2019-06-03,main,confirmed,computed,A,,,2019-06
2019-06-04,main,confirmed,computed,A,,,2019-06
2019-06-05,main,confirmed,computed,A,,,2019-06
2019-06-06,main,confirmed,computed,A,,,2019-06
2019-06-07,main,confirmed,computed,A,,,2019-06
2019-06-08,not_in_analysis,confirmed,skipped,B,,D1: неполное покрытие суток (служебные значения); D2: неполное покрытие суток (служебные значения); D3: неполное покрытие суток (служебные значения),2019-06
2019-06-09,not_in_analysis,confirmed,skipped,B,,D1: неполное окружение ±12 ч (служебные значения); D2: неполное окружение ±12 ч (служебные значения); D3: неполное окружение ±12 ч (служебные значения),2019-06
2019-06-10,main,confirmed,computed,A,,,2019-06
2019-06-11,main,confirmed,computed,A,,,2019-06
2019-06-12,main,confirmed,computed,A,,,2019-06
2019-06-13,main,confirmed,computed,A,,,2019-06
2019-06-14,main,confirmed,computed,A,,,2019-06
2019-06-15,main,confirmed,computed,A,,,2019-06
2019-06-16,main,confirmed,computed,A,,,2019-06
2019-06-17,not_in_analysis,confirmed,skipped,C,,D1: диагностический постоянный участок в окнах расчёта; D2: диагностический постоянный участок в окнах расчёта; D3: диагностический постоянный участок в окнах расчёта,2019-06
2019-06-18,not_in_analysis,confirmed,skipped,C,,D1: диагностический постоянный участок в окнах расчёта; D2: диагностический постоянный участок в окнах расчёта; D3: диагностический постоянный участок в окнах расчёта,2019-06
2019-06-19,main,confirmed,computed,A,,,2019-06
2019-06-20,main,confirmed,computed,A,,,2019-06
2019-06-21,main,confirmed,computed,A,,,2019-06
2019-06-22,main,confirmed,computed,A,,,2019-06
2019-06-23,main,confirmed,computed,A,,,2019-06
2019-06-24,main,confirmed,computed,A,,,2019-06
2019-06-25,main,confirmed,computed,A,,,2019-06
2019-06-26,main,confirmed,computed,A,,,2019-06
2019-06-27,main,confirmed,computed,A,,,2019-06
2019-06-28,not_in_analysis,confirmed,skipped,C,,D1: диагностический постоянный участок в окнах расчёта; D2: диагностический постоянный участок в окнах расчёта; D3: диагностический постоянный участок в окнах расчёта,2019-06
2019-06-29,not_in_analysis,confirmed,skipped,C,,D1: диагностический постоянный участок в окнах расчёта; D2: диагностический постоянный участок в окнах расчёта; D3: диагностический постоянный участок в окнах расчёта,2019-06
2019-06-30,not_in_analysis,confirmed,skipped,C,,D1: диагностический постоянный участок в окнах расчёта; D2: диагностический постоянный участок в окнах расчёта; D3: диагностический постоянный участок в окнах расчёта,2019-06
2019-07-01,not_in_analysis,confirmed,skipped,C,,D1: диагностический постоянный участок в окнах расчёта; D2: диагностический постоянный участок в окнах расчёта; D3: диагностический постоянный участок в окнах расчёта,2019-07
2019-07-02,not_in_analysis,confirmed,skipped,C,,D1: диагностический постоянный участок в окнах расчёта; D2: диагностический постоянный участок в окнах расчёта; D3: диагностический постоянный участок в окнах расчёта,2019-07
2019-07-03,main,confirmed,computed,A,,,2019-07
2019-07-04,main,confirmed,computed,A,,,2019-07
2019-07-05,main,confirmed,computed,A,,,2019-07
2019-07-06,main,confirmed,computed,A,,,2019-07
2019-07-07,main,confirmed,computed,A,,,2019-07
2019-07-08,main,confirmed,computed,A,,,2019-07
2019-07-09,main,confirmed,computed,A,,,2019-07
2019-07-10,main,confirmed,computed,A,,,2019-07
2019-07-11,main,confirmed,computed,A,,,2019-07
2019-07-12,main,confirmed,computed,A,,,2019-07
2019-07-13,main,confirmed,computed,A,,,2019-07
2019-07-14,main,confirmed,computed,A,,,2019-07
2019-07-15,main,confirmed,computed,A,,,2019-07
2019-07-16,main,confirmed,computed,A,,,2019-07
2019-07-17,main,confirmed,computed,A,,,2019-07
2019-07-18,main,confirmed,computed,A,,,2019-07
2019-07-19,main,confirmed,computed,A,,,2019-07
2019-07-20,main,confirmed,computed,A,,,2019-07
2019-07-21,main,confirmed,computed,A,,,2019-07
2019-07-22,main,confirmed,computed,A,,,2019-07
2019-07-23,main,confirmed,computed,A,,,2019-07
2019-07-24,main,confirmed,computed,A,,,2019-07
2019-07-25,not_in_analysis,confirmed,skipped,B,,D1: неполное окружение ±12 ч (служебные значения); D2: неполное окружение ±12 ч (служебные значения); D3: неполное окружение ±12 ч (служебные значения),2019-07
2019-07-26,not_in_analysis,confirmed,skipped,B,,D1: неполное покрытие суток (служебные значения); D2: неполное покрытие суток (служебные значения); D3: неполное покрытие суток (служебные значения),2019-07
2019-07-27,not_in_analysis,confirmed,skipped,B,,D1: неполное покрытие суток (служебные значения); D2: неполное покрытие суток (служебные значения); D3: неполное покрытие суток (служебные значения),2019-07
2019-07-28,not_in_analysis,confirmed,skipped,B,,D1: неполное окружение ±12 ч (служебные значения); D2: неполное окружение ±12 ч (служебные значения); D3: неполное окружение ±12 ч (служебные значения),2019-07
2019-07-29,main,confirmed,computed,A,,,2019-07
2019-07-30,not_in_analysis,confirmed,skipped,C,,D1: диагностический постоянный участок в окнах расчёта; D2: диагностический постоянный участок в окнах расчёта; D3: диагностический постоянный участок в окнах расчёта,2019-07
2019-07-31,not_in_analysis,confirmed,skipped,C,,D1: диагностический постоянный участок в окнах расчёта; D2: диагностический постоянный участок в окнах расчёта; D3: диагностический постоянный участок в окнах расчёта,2019-07
2019-08-01,not_in_analysis,confirmed,skipped,C,,D1: диагностический постоянный участок в окнах расчёта; D2: диагностический постоянный участок в окнах расчёта; D3: диагностический постоянный участок в окнах расчёта,2019-08
2019-08-02,main,confirmed,computed,A,,,2019-08
2019-08-03,main,confirmed,computed,A,,,2019-08
2019-08-04,main,confirmed,computed,A,,,2019-08
2019-08-05,main,confirmed,computed,A,,,2019-08
2019-08-06,main,confirmed,computed,A,,,2019-08
2019-08-07,main,confirmed,computed,A,,,2019-08
2019-08-08,main,confirmed,computed,A,,,2019-08
2019-08-09,main,confirmed,computed,A,,,2019-08
2019-08-10,main,confirmed,computed,A,,,2019-08
2019-08-11,main,confirmed,computed,A,,,2019-08
2019-08-12,main,confirmed,computed,A,,,2019-08
2019-08-13,main,confirmed,computed,A,,,2019-08
2019-08-14,main,confirmed,computed,A,,,2019-08
2019-08-15,main,confirmed,computed,A,,,2019-08
2019-08-16,main,confirmed,computed,A,,,2019-08
2019-08-17,main,confirmed,computed,A,,,2019-08
2019-08-18,main,confirmed,computed,A,,,2019-08
2019-08-19,main,confirmed,computed,A,,,2019-08
2019-08-20,main,confirmed,computed,A,,,2019-08
2019-08-21,main,confirmed,computed,A,,,2019-08
2019-08-22,main,confirmed,computed,A,,,2019-08
2019-08-23,main,confirmed,computed,A,,,2019-08
2019-08-24,main,confirmed,computed,A,,,2019-08
2019-08-25,main,confirmed,computed,A,,,2019-08
2019-08-26,main,confirmed,computed,A,,,2019-08
2019-08-27,main,confirmed,computed,A,,,2019-08
2019-08-28,main,confirmed,computed,A,,,2019-08
2019-08-29,main,confirmed,computed,A,,,2019-08
2019-08-30,main,confirmed,computed,A,,,2019-08
2019-08-31,main,confirmed,computed,A,,,2019-08
2019-09-01,main,confirmed,computed,A,,,2019-09
2019-09-02,main,confirmed,computed,A,,,2019-09
2019-09-03,main,confirmed,computed,A,,,2019-09
2019-09-04,main,confirmed,computed,A,,,2019-09
2019-09-05,main,confirmed,computed,A,,,2019-09
2019-09-06,main,confirmed,computed,A,,,2019-09
2019-09-07,main,confirmed,computed,A,,,2019-09
2019-09-08,main,confirmed,computed,A,,,2019-09
2019-09-09,main,confirmed,computed,A,,,2019-09
2019-09-10,main,confirmed,computed,A,,,2019-09
2019-09-11,not_in_analysis,confirmed,skipped,B,,D1: неполное покрытие суток; D2: неполное покрытие суток; D3: неполное покрытие суток,2019-09
2019-09-12,not_in_analysis,confirmed,skipped,B,,D1: неполное окружение ±12 ч; D2: неполное окружение ±12 ч; D3: неполное окружение ±12 ч,2019-09
2019-09-13,not_in_analysis,confirmed,skipped,B,,D1: неполное покрытие суток (служебные значения); D2: неполное покрытие суток (служебные значения); D3: неполное покрытие суток (служебные значения),2019-09
2019-09-14,not_in_analysis,confirmed,skipped,B,,D1: неполное покрытие суток (служебные значения); D2: неполное покрытие суток (служебные значения); D3: неполное покрытие суток (служебные значения),2019-09
2019-09-15,not_in_analysis,confirmed,skipped,B,,D1: неполное окружение ±12 ч; D2: неполное окружение ±12 ч; D3: неполное окружение ±12 ч,2019-09
2019-09-16,not_in_analysis,confirmed,skipped,B,,D1: неполное покрытие суток; D2: неполное покрытие суток; D3: неполное покрытие суток,2019-09
2019-09-17,main,confirmed,computed,A,,,2019-09
2019-09-18,main,confirmed,computed,A,,,2019-09
2019-09-19,not_in_analysis,confirmed,skipped,B,,D1: неполное окружение ±12 ч; D2: неполное окружение ±12 ч; D3: неполное окружение ±12 ч,2019-09
2019-09-20,not_in_analysis,confirmed,skipped,B,,D1: неполное покрытие суток; D2: неполное покрытие суток; D3: неполное покрытие суток,2019-09
2019-09-21,main,confirmed,computed,A,,,2019-09
2019-09-22,main,confirmed,computed,A,,,2019-09
2019-09-23,main,confirmed,computed,A,,,2019-09
2019-09-24,main,confirmed,computed,A,,,2019-09
2019-09-25,main,confirmed,computed,A,,,2019-09
2019-09-26,main,confirmed,computed,A,,,2019-09
2019-09-27,main,confirmed,computed,A,,,2019-09
2019-09-28,main,confirmed,computed,A,,,2019-09
2019-09-29,main,confirmed,computed,A,,,2019-09
2019-09-30,main,confirmed,computed,A,,,2019-09
2019-10-01,main,confirmed,computed,A,,,2019-10
2019-10-02,main,confirmed,computed,A,,,2019-10
2019-10-03,main,confirmed,computed,A,,,2019-10
2019-10-04,main,confirmed,computed,A,,,2019-10
2019-10-05,main,confirmed,computed,A,,,2019-10
2019-10-06,main,confirmed,computed,A,,,2019-10
2019-10-07,main,confirmed,computed,A,,,2019-10
2019-10-08,main,confirmed,computed,A,,,2019-10
2019-10-09,main,confirmed,computed,A,,,2019-10
2019-10-10,main,confirmed,computed,A,,,2019-10
2019-10-11,main,confirmed,computed,A,,,2019-10
2019-10-12,main,confirmed,computed,A,,,2019-10
2019-10-13,main,confirmed,computed,A,,,2019-10
2019-10-14,main,confirmed,computed,A,,,2019-10
2019-10-15,main,confirmed,computed,A,,,2019-10
2019-10-16,main,confirmed,computed,A,,,2019-10
2019-10-17,main,confirmed,computed,A,,,2019-10
2019-10-18,main,confirmed,computed,A,,,2019-10
2019-10-19,main,confirmed,computed,A,,,2019-10
2019-10-20,main,confirmed,computed,A,,,2019-10
2019-10-21,main,confirmed,computed,A,,,2019-10
2019-10-22,main,confirmed,computed,A,,,2019-10
2019-10-23,main,confirmed,computed,A,,,2019-10
2019-10-24,main,confirmed,computed,A,,,2019-10
2019-10-25,main,confirmed,computed,A,,,2019-10
2019-10-26,main,confirmed,computed,A,,,2019-10
2019-10-27,main,confirmed,computed,A,,,2019-10
2019-10-28,main,confirmed,computed,A,,,2019-10
2019-10-29,main,confirmed,computed,A,,,2019-10
2019-10-30,main,confirmed,computed,A,,,2019-10
2019-10-31,main,confirmed,computed,A,,,2019-10
2019-11-01,main,confirmed,computed,A,,,2019-11
2019-11-02,main,confirmed,computed,A,,,2019-11
2019-11-03,main,confirmed,computed,A,,,2019-11
2019-11-04,main,confirmed,computed,A,,,2019-11
2019-11-05,main,confirmed,computed,A,,,2019-11
2019-11-06,main,confirmed,computed,A,,,2019-11
2019-11-07,not_in_analysis,confirmed,skipped,B,,D1: неполное покрытие суток (служебные значения); D2: неполное покрытие суток (служебные значения); D3: неполное покрытие суток (служебные значения),2019-11
2019-11-08,not_in_analysis,confirmed,skipped,B,,D1: неполное окружение ±12 ч (служебные значения); D2: неполное окружение ±12 ч (служебные значения); D3: неполное окружение ±12 ч (служебные значения),2019-11
2019-11-09,main,confirmed,computed,A,,,2019-11
2019-11-10,main,confirmed,computed,A,,,2019-11
2019-11-11,main,confirmed,computed,A,,,2019-11
2019-11-12,main,confirmed,computed,A,,,2019-11
2019-11-13,main,confirmed,computed,A,,,2019-11
2019-11-14,main,confirmed,computed,A,,,2019-11
2019-11-15,main,confirmed,computed,A,,,2019-11
2019-11-16,main,confirmed,computed,A,,,2019-11
2019-11-17,main,confirmed,computed,A,,,2019-11
2019-11-18,main,confirmed,computed,A,,,2019-11
2019-11-19,main,confirmed,computed,A,,,2019-11
2019-11-20,main,confirmed,computed,A,,,2019-11
2019-11-21,main,confirmed,computed,A,,,2019-11
2019-11-22,main,confirmed,computed,A,,,2019-11
2019-11-23,main,confirmed,computed,A,,,2019-11
2019-11-24,main,confirmed,computed,A,,,2019-11
2019-11-25,main,confirmed,computed,A,,,2019-11
2019-11-26,main,confirmed,computed,A,,,2019-11
2019-11-27,main,confirmed,computed,A,,,2019-11
2019-11-28,main,confirmed,computed,A,,,2019-11
2019-11-29,main,confirmed,computed,A,,,2019-11
2019-11-30,main,confirmed,computed,A,,,2019-11
2019-12-01,main,confirmed,computed,A,,,2019-12
2019-12-02,main,confirmed,computed,A,,,2019-12
2019-12-03,main,confirmed,computed,A,,,2019-12
2019-12-04,main,confirmed,computed,A,,,2019-12
2019-12-05,main,confirmed,computed,A,,,2019-12
2019-12-06,main,confirmed,computed,A,,,2019-12
2019-12-07,main,confirmed,computed,A,,,2019-12
2019-12-08,main,confirmed,computed,A,,,2019-12
2019-12-09,main,confirmed,computed,A,,,2019-12
2019-12-10,main,confirmed,computed,A,,,2019-12
2019-12-11,main,confirmed,computed,A,,,2019-12
2019-12-12,main,confirmed,computed,A,,,2019-12
2019-12-13,main,confirmed,computed,A,,,2019-12
2019-12-14,main,confirmed,computed,A,,,2019-12
2019-12-15,main,confirmed,computed,A,,,2019-12
2019-12-16,main,confirmed,computed,A,,,2019-12
2019-12-17,main,confirmed,computed,A,,,2019-12
2019-12-18,main,confirmed,computed,A,,,2019-12
2019-12-19,main,confirmed,computed,A,,,2019-12
2019-12-20,main,confirmed,computed,A,,,2019-12
2019-12-21,main,confirmed,computed,A,,,2019-12
2019-12-22,main,confirmed,computed,A,,,2019-12
2019-12-23,main,confirmed,computed,A,,,2019-12
2019-12-24,main,confirmed,computed,A,,,2019-12
2019-12-25,main,confirmed,computed,A,,,2019-12
2019-12-26,main,confirmed,computed,A,,,2019-12
2019-12-27,main,confirmed,computed,A,,,2019-12
2019-12-28,main,confirmed,computed,A,,,2019-12
2019-12-29,main,confirmed,computed,A,,,2019-12
2019-12-30,main,confirmed,computed,A,,,2019-12
2019-12-31,main,confirmed,computed,A,,,2019-12
2020-01-01,main,confirmed,computed,A,,,2020-01
2020-01-02,main,confirmed,computed,A,,,2020-01
2020-01-03,main,confirmed,computed,A,,,2020-01
2020-01-04,main,confirmed,computed,A,,,2020-01
2020-01-05,main,confirmed,computed,A,,,2020-01
2020-01-06,main,confirmed,computed,A,,,2020-01
2020-01-07,main,confirmed,computed,A,,,2020-01
2020-01-08,main,confirmed,computed,A,,,2020-01
2020-01-09,main,confirmed,computed,A,,,2020-01
2020-01-10,main,confirmed,computed,A,,,2020-01
2020-01-11,main,confirmed,computed,A,,,2020-01
2020-01-12,main,confirmed,computed,A,,,2020-01
2020-01-13,main,confirmed,computed,A,,,2020-01
2020-01-14,main,confirmed,computed,A,,,2020-01
2020-01-15,not_in_analysis,confirmed,skipped,B,,D1: неполное покрытие суток (служебные значения); D2: неполное покрытие суток (служебные значения); D3: неполное покрытие суток (служебные значения),2020-01
2020-01-16,not_in_analysis,confirmed,skipped,B,,D1: неполное покрытие суток (служебные значения); D2: неполное покрытие суток (служебные значения); D3: неполное покрытие суток (служебные значения),2020-01
2020-01-17,not_in_analysis,confirmed,skipped,B,,D1: неполное окружение ±12 ч (служебные значения); D2: неполное окружение ±12 ч (служебные значения); D3: неполное окружение ±12 ч (служебные значения),2020-01
2020-01-18,main,confirmed,computed,A,,,2020-01
2020-01-19,main,confirmed,computed,A,,,2020-01
2020-01-20,main,confirmed,computed,A,,,2020-01
2020-01-21,main,confirmed,computed,A,,,2020-01
2020-01-22,main,confirmed,computed,A,,,2020-01
2020-01-23,main,confirmed,computed,A,,,2020-01
2020-01-24,main,confirmed,computed,A,,,2020-01
2020-01-25,main,confirmed,computed,A,,,2020-01
2020-01-26,main,confirmed,computed,A,,,2020-01
2020-01-27,main,confirmed,computed,A,,,2020-01
2020-01-28,main,confirmed,computed,A,,,2020-01
2020-01-29,main,confirmed,computed,A,,,2020-01
2020-01-30,main,confirmed,computed,A,,,2020-01
2020-01-31,main,confirmed,computed,A,,,2020-01
2020-02-01,main,confirmed,computed,A,,,2020-02
2020-02-02,main,confirmed,computed,A,,,2020-02
2020-02-03,main,confirmed,computed,A,,,2020-02
2020-02-04,main,confirmed,computed,A,,,2020-02
2020-02-05,main,confirmed,computed,A,,,2020-02
2020-02-06,not_in_analysis,confirmed,skipped,B,,D1: неполное покрытие суток (служебные значения); D2: неполное покрытие суток (служебные значения); D3: неполное покрытие суток (служебные значения),2020-02
2020-02-07,not_in_analysis,confirmed,skipped,B,,D1: неполное окружение ±12 ч (служебные значения); D2: неполное окружение ±12 ч (служебные значения); D3: неполное окружение ±12 ч (служебные значения),2020-02
2020-02-08,main,confirmed,computed,A,,,2020-02
2020-02-09,main,confirmed,computed,A,,,2020-02
2020-02-10,main,confirmed,computed,A,,,2020-02
2020-02-11,main,confirmed,computed,A,,,2020-02
2020-02-12,main,confirmed,computed,A,,,2020-02
2020-02-13,main,confirmed,computed,A,,,2020-02
2020-02-14,main,confirmed,computed,A,,,2020-02
2020-02-15,main,confirmed,computed,A,,,2020-02
2020-02-16,main,confirmed,computed,A,,,2020-02
2020-02-17,main,confirmed,computed,A,,,2020-02
2020-02-18,main,confirmed,computed,A,,,2020-02
2020-02-19,main,confirmed,computed,A,,,2020-02
2020-02-20,main,confirmed,computed,A,,,2020-02
2020-02-21,main,confirmed,computed,A,,,2020-02
2020-02-22,main,confirmed,computed,A,,,2020-02
2020-02-23,main,confirmed,computed,A,,,2020-02
2020-02-24,main,confirmed,computed,A,,,2020-02
2020-02-25,main,confirmed,computed,A,,,2020-02
2020-02-26,main,confirmed,computed,A,,,2020-02
2020-02-27,main,confirmed,computed,A,,,2020-02
2020-02-28,main,confirmed,computed,A,,,2020-02
2020-02-29,main,confirmed,computed,A,,,2020-02
2020-03-01,main,confirmed,computed,A,,,2020-03
2020-03-02,main,confirmed,computed,A,,,2020-03
2020-03-03,main,confirmed,computed,A,,,2020-03
2020-03-04,main,confirmed,computed,A,,,2020-03
2020-03-05,main,confirmed,computed,A,,,2020-03
2020-03-06,main,confirmed,computed,A,,,2020-03
2020-03-07,main,confirmed,computed,A,,,2020-03
2020-03-08,main,confirmed,computed,A,,,2020-03
2020-03-09,main,confirmed,computed,A,,,2020-03
2020-03-10,main,confirmed,computed,A,,,2020-03
2020-03-11,main,confirmed,computed,A,,,2020-03
2020-03-12,main,confirmed,computed,A,,,2020-03
2020-03-13,main,confirmed,computed,A,,,2020-03
2020-03-14,main,confirmed,computed,A,,,2020-03
2020-03-15,main,confirmed,computed,A,,,2020-03
2020-03-16,main,confirmed,computed,A,,,2020-03
2020-03-17,main,confirmed,computed,A,,,2020-03
2020-03-18,main,confirmed,computed,A,,,2020-03
2020-03-19,main,confirmed,computed,A,,,2020-03
2020-03-20,main,confirmed,computed,A,,,2020-03
2020-03-21,main,confirmed,computed,A,,,2020-03
2020-03-22,main,confirmed,computed,A,,,2020-03
2020-03-23,main,confirmed,computed,A,,,2020-03
2020-03-24,main,confirmed,computed,A,,,2020-03
2020-03-25,main,confirmed,computed,A,,,2020-03
2020-03-26,not_in_analysis,confirmed,skipped,B,,D1: неполное окружение ±12 ч; D2: неполное окружение ±12 ч; D3: неполное окружение ±12 ч,2020-03
2020-03-27,not_in_analysis,confirmed,skipped,B,,D1: неполное покрытие суток; D2: неполное покрытие суток; D3: неполное покрытие суток,2020-03
2020-03-28,main,confirmed,computed,A,,,2020-03
2020-03-29,main,confirmed,computed,A,,,2020-03
2020-03-30,main,confirmed,computed,A,,,2020-03
2020-03-31,main,confirmed,computed,A,,,2020-03
2020-04-01,main,confirmed,computed,A,,,2020-04
2020-04-02,main,confirmed,computed,A,,,2020-04
2020-04-03,main,confirmed,computed,A,,,2020-04
2020-04-04,main,confirmed,computed,A,,,2020-04
2020-04-05,main,confirmed,computed,A,,,2020-04
2020-04-06,main,confirmed,computed,A,,,2020-04
2020-04-07,main,confirmed,computed,A,,,2020-04
2020-04-08,main,confirmed,computed,A,,,2020-04
2020-04-09,main,confirmed,computed,A,,,2020-04
2020-04-10,main,confirmed,computed,A,,,2020-04
2020-04-11,main,confirmed,computed,A,,,2020-04
2020-04-12,main,confirmed,computed,A,,,2020-04
2020-04-13,main,confirmed,computed,A,,,2020-04
2020-04-14,main,confirmed,computed,A,,,2020-04
2020-04-15,main,confirmed,computed,A,,,2020-04
2020-04-16,main,confirmed,computed,A,,,2020-04
2020-04-17,main,confirmed,computed,A,,,2020-04
2020-04-18,not_in_analysis,confirmed,skipped,B,,D1: неполное окружение ±12 ч; D2: неполное окружение ±12 ч; D3: неполное окружение ±12 ч,2020-04
2020-04-19,not_in_analysis,confirmed,skipped,B,,D1: неполное покрытие суток; D2: неполное покрытие суток; D3: неполное покрытие суток,2020-04
2020-04-20,main,confirmed,computed,A,,,2020-04
2020-04-21,main,confirmed,computed,A,,,2020-04
2020-04-22,main,confirmed,computed,A,,,2020-04
2020-04-23,main,confirmed,computed,A,,,2020-04
2020-04-24,main,confirmed,computed,A,,,2020-04
2020-04-25,main,confirmed,computed,A,,,2020-04
2020-04-26,main,confirmed,computed,A,,,2020-04
2020-04-27,main,confirmed,computed,A,,,2020-04
2020-04-28,main,confirmed,computed,A,,,2020-04
2020-04-29,main,confirmed,computed,A,,,2020-04
2020-04-30,not_in_analysis,confirmed,skipped,B,,D2: неполное окружение ±12 ч (нарушение 0<C≤3000),2020-04
2020-05-01,not_in_analysis,confirmed,skipped,B,,D2: неполное покрытие суток (нарушение 0<C≤3000),2020-05
2020-05-02,main,confirmed,computed,A,,,2020-05
2020-05-03,main,confirmed,computed,A,,,2020-05
2020-05-04,not_in_analysis,confirmed,skipped,B,,D1: неполное окружение ±12 ч (служебные значения); D2: неполное окружение ±12 ч (служебные значения); D3: неполное окружение ±12 ч (служебные значения),2020-05
2020-05-05,not_in_analysis,confirmed,skipped,B,,D1: неполное покрытие суток (служебные значения); D2: неполное покрытие суток (служебные значения); D3: неполное покрытие суток (служебные значения),2020-05
2020-05-06,main,confirmed,computed,A,,,2020-05
2020-05-07,main,confirmed,computed,A,,,2020-05
2020-05-08,main,confirmed,computed,A,,,2020-05
2020-05-09,main,confirmed,computed,A,,,2020-05
2020-05-10,main,confirmed,computed,A,,,2020-05
2020-05-11,main,confirmed,computed,A,,,2020-05
2020-05-12,not_in_analysis,confirmed,skipped,B,,D1: неполное окружение ±12 ч; D2: неполное окружение ±12 ч; D3: неполное окружение ±12 ч,2020-05
2020-05-13,not_in_analysis,confirmed,skipped,B,,D1: неполное покрытие суток (служебные значения); D2: неполное покрытие суток (служебные значения); D3: неполное покрытие суток (служебные значения),2020-05
2020-05-14,not_in_analysis,confirmed,skipped,B,,D1: неполное покрытие суток (служебные значения); D2: неполное покрытие суток (служебные значения); D3: неполное покрытие суток (служебные значения),2020-05
2020-05-15,main,confirmed,computed,A,,,2020-05
2020-05-16,main,confirmed,computed,A,,,2020-05
2020-05-17,main,confirmed,computed,A,,,2020-05
2020-05-18,main,confirmed,computed,A,,,2020-05
2020-05-19,main,confirmed,computed,A,,,2020-05
2020-05-20,main,confirmed,computed,A,,,2020-05
2020-05-21,main,confirmed,computed,A,,,2020-05
2020-05-22,main,confirmed,computed,A,,,2020-05
2020-05-23,main,confirmed,computed,A,,,2020-05
2020-05-24,main,confirmed,computed,A,,,2020-05
2020-05-25,main,confirmed,computed,A,,,2020-05
2020-05-26,main,confirmed,computed,A,,,2020-05
2020-05-27,main,confirmed,computed,A,,,2020-05
2020-05-28,main,confirmed,computed,A,,,2020-05
2020-05-29,not_in_analysis,confirmed,skipped,B,,D1: неполное покрытие суток (служебные значения); D2: неполное покрытие суток (служебные значения); D3: неполное покрытие суток (служебные значения),2020-05
2020-05-30,not_in_analysis,confirmed,skipped,B,,D1: неполное окружение ±12 ч (служебные значения); D2: неполное окружение ±12 ч (служебные значения); D3: неполное окружение ±12 ч (служебные значения),2020-05
2020-05-31,main,confirmed,computed,A,,,2020-05
2020-06-01,main,confirmed,computed,A,,,2020-06
2020-06-02,not_in_analysis,confirmed,skipped,B,,D1: неполное покрытие суток (служебные значения); D2: неполное покрытие суток (служебные значения); D3: неполное покрытие суток (служебные значения),2020-06
2020-06-03,not_in_analysis,confirmed,skipped,B,,D1: неполное окружение ±12 ч (служебные значения); D2: неполное окружение ±12 ч (служебные значения); D3: неполное окружение ±12 ч (служебные значения),2020-06
2020-06-04,main,confirmed,computed,A,,,2020-06
2020-06-05,main,confirmed,computed,A,,,2020-06
2020-06-06,main,confirmed,computed,A,,,2020-06
2020-06-07,main,confirmed,computed,A,,,2020-06
2020-06-08,main,confirmed,computed,A,,,2020-06
2020-06-09,main,confirmed,computed,A,,,2020-06
2020-06-10,main,confirmed,computed,A,,,2020-06
2020-06-11,main,confirmed,computed,A,,,2020-06
2020-06-12,main,confirmed,computed,A,,,2020-06
2020-06-13,main,confirmed,computed,A,,,2020-06
2020-06-14,main,confirmed,computed,A,,,2020-06
2020-06-15,main,confirmed,computed,A,,,2020-06
2020-06-16,main,confirmed,computed,A,,,2020-06
2020-06-17,main,confirmed,computed,A,,,2020-06
2020-06-18,main,confirmed,computed,A,,,2020-06
2020-06-19,main,confirmed,computed,A,,,2020-06
2020-06-20,main,confirmed,computed,A,,,2020-06
2020-06-21,main,confirmed,computed,A,,,2020-06
2020-06-22,main,confirmed,computed,A,,,2020-06
2020-06-23,main,confirmed,computed,A,,,2020-06
2020-06-24,not_in_analysis,confirmed,skipped,B,,D2: неполное покрытие суток (нарушение 0<C≤3000),2020-06
2020-06-25,not_in_analysis,confirmed,skipped,B,,D2: неполное окружение ±12 ч (нарушение 0<C≤3000),2020-06
2020-06-26,not_in_analysis,confirmed,skipped,B,,D2: неполное покрытие суток (нарушение 0<C≤3000),2020-06
2020-06-27,main,confirmed,computed,A,,,2020-06
2020-06-28,main,confirmed,computed,A,,,2020-06
2020-06-29,main,confirmed,computed,A,,,2020-06
2020-06-30,main,confirmed,computed,A,,,2020-06
2020-07-01,main,confirmed,computed,A,,,2020-07
2020-07-02,not_in_analysis,confirmed,skipped,B,,D1: неполное окружение ±12 ч; D2: неполное окружение ±12 ч; D3: неполное окружение ±12 ч; D1: диагностический постоянный участок в окнах расчёта; D2: диагностический постоянный участок в окнах расчёта; D3: диагностический постоянный участок в окнах расчёта,2020-07
2020-07-03,not_in_analysis,confirmed,skipped,B,,D1: неполное покрытие суток; D2: неполное покрытие суток; D3: неполное покрытие суток; D1: диагностический постоянный участок в окнах расчёта; D2: диагностический постоянный участок в окнах расчёта; D3: диагностический постоянный участок в окнах расчёта,2020-07
2020-07-04,not_in_analysis,confirmed,skipped,B,,D1: неполное покрытие суток; D2: неполное покрытие суток; D3: неполное покрытие суток,2020-07
2020-07-05,not_in_analysis,confirmed,skipped,B,,D1: неполное окружение ±12 ч; D2: неполное окружение ±12 ч; D3: неполное окружение ±12 ч,2020-07
2020-07-06,main,confirmed,computed,A,,,2020-07
2020-07-07,main,confirmed,computed,A,,,2020-07
2020-07-08,not_in_analysis,confirmed,skipped,B,,D1: неполное окружение ±12 ч (служебные значения); D2: неполное окружение ±12 ч (служебные значения); D3: неполное окружение ±12 ч (служебные значения),2020-07
2020-07-09,not_in_analysis,confirmed,skipped,B,,D1: неполное покрытие суток (служебные значения); D2: неполное покрытие суток (служебные значения); D3: неполное покрытие суток (служебные значения),2020-07
2020-07-10,not_in_analysis,confirmed,skipped,B,,D1: неполное покрытие суток (служебные значения); D2: неполное покрытие суток (служебные значения); D3: неполное покрытие суток (служебные значения),2020-07
2020-07-11,main,confirmed,computed,A,,,2020-07
2020-07-12,not_in_analysis,confirmed,skipped,B,,D1: неполное окружение ±12 ч (служебные значения); D2: неполное окружение ±12 ч (служебные значения); D3: неполное окружение ±12 ч (служебные значения),2020-07
2020-07-13,not_in_analysis,confirmed,skipped,B,,D1: неполное покрытие суток (служебные значения); D2: неполное покрытие суток (служебные значения); D3: неполное покрытие суток (служебные значения),2020-07
2020-07-14,main,confirmed,computed,A,,,2020-07
2020-07-15,main,confirmed,computed,A,,,2020-07
2020-07-16,main,confirmed,computed,A,,,2020-07
2020-07-17,main,confirmed,computed,A,,,2020-07
2020-07-18,main,confirmed,computed,A,,,2020-07
2020-07-19,main,confirmed,computed,A,,,2020-07
2020-07-20,main,confirmed,computed,A,,,2020-07
2020-07-21,main,confirmed,computed,A,,,2020-07
2020-07-22,not_in_analysis,confirmed,skipped,B,,D1: неполное окружение ±12 ч (служебные значения); D2: неполное окружение ±12 ч (служебные значения); D3: неполное окружение ±12 ч (служебные значения),2020-07
2020-07-23,not_in_analysis,confirmed,skipped,B,,"D1: неполное покрытие суток (служебные значения); D2: неполное покрытие суток (служебные значения, нарушение 0<C≤3000); D3: неполное покрытие суток (служебные значения)",2020-07
2020-07-24,not_in_analysis,confirmed,skipped,B,,"D1: неполное окружение ±12 ч (служебные значения); D2: неполное покрытие суток (служебные значения, нарушение 0<C≤3000); D3: неполное окружение ±12 ч (служебные значения)",2020-07
2020-07-25,not_in_analysis,confirmed,skipped,B,,D2: неполное окружение ±12 ч (нарушение 0<C≤3000),2020-07
2020-07-26,main,confirmed,computed,A,,,2020-07
2020-07-27,main,confirmed,computed,A,,,2020-07
2020-07-28,main,confirmed,computed,A,,,2020-07
2020-07-29,main,confirmed,computed,A,,,2020-07
2020-07-30,main,confirmed,computed,A,,,2020-07
2020-07-31,main,confirmed,computed,A,,,2020-07
2020-08-01,main,confirmed,computed,A,,,2020-08
2020-08-02,main,confirmed,computed,A,,,2020-08
2020-08-03,main,confirmed,computed,A,,,2020-08
2020-08-04,main,confirmed,computed,A,,,2020-08
2020-08-05,main,confirmed,computed,A,,,2020-08
2020-08-06,main,confirmed,computed,A,,,2020-08
2020-08-07,main,confirmed,computed,A,,,2020-08
2020-08-08,main,confirmed,computed,A,,,2020-08
2020-08-09,main,confirmed,computed,A,,,2020-08
2020-08-10,main,confirmed,computed,A,,,2020-08
2020-08-11,main,confirmed,computed,A,,,2020-08
2020-08-12,main,confirmed,computed,A,,,2020-08
2020-08-13,main,confirmed,computed,A,,,2020-08
2020-08-14,main,confirmed,computed,A,,,2020-08
2020-08-15,main,confirmed,computed,A,,,2020-08
2020-08-16,main,confirmed,computed,A,,,2020-08
2020-08-17,main,confirmed,computed,A,,,2020-08
2020-08-18,main,confirmed,computed,A,,,2020-08
2020-08-19,main,confirmed,computed,A,,,2020-08
2020-08-20,main,confirmed,computed,A,,,2020-08
2020-08-21,main,confirmed,computed,A,,,2020-08
2020-08-22,main,confirmed,computed,A,,,2020-08
2020-08-23,main,confirmed,computed,A,,,2020-08
2020-08-24,main,confirmed,computed,A,,,2020-08
2020-08-25,main,confirmed,computed,A,,,2020-08
2020-08-26,main,confirmed,computed,A,,,2020-08
2020-08-27,main,confirmed,computed,A,,,2020-08
2020-08-28,main,confirmed,computed,A,,,2020-08
2020-08-29,main,confirmed,computed,A,,,2020-08
2020-08-30,main,confirmed,computed,A,,,2020-08
2020-08-31,boundary,confirmed,computed,A,Окружение включает соседний месяц без подтверждённого допуска,,2020-08
