date,level,n_observations,offset_ppm,cosine_ppm,sine_ppm,amplitude_ppm,peak_hour_local,peak_time_local,r_squared,omitted_block,omitted_start_hour,omitted_end_hour,omitted_count,peak_shift_hours
2017-11-22 00:00:00.000000,D3,288,0.28236207789139944,2.764627864455287,-4.612495019312289,5.377571713338956,20.06250288976506,20:04,0.13151908425528247,none,,,0,0.0
2017-11-22 00:00:00.000000,D3,264,0.971170787938549,4.091338973370847,-4.300899620271325,5.936058636728014,20.90463850760015,20:54,0.1593014170199214,00–02,0.0,2.0,24,0.8421356178350905
2017-11-22 00:00:00.000000,D3,264,0.2832383198414208,2.807587248973766,-4.654060616095938,5.435331303508129,20.073380506379927,20:04,0.13873970185015028,02–04,2.0,4.0,24,0.010877616614866525
2017-11-22 00:00:00.000000,D3,264,0.04540867581219863,2.6612729414137437,-5.068214115309109,5.724436040984252,19.84690360009178,19:51,0.14062656512986238,04–06,4.0,6.0,24,-0.2155992896732819
2017-11-22 00:00:00.000000,D3,264,-0.017315748835278855,2.940341818839099,-5.177285730646466,5.953981655024605,19.972906147654374,19:58,0.14091485579490692,06–08,6.0,8.0,24,-0.08959674211068602
2017-11-22 00:00:00.000000,D3,264,-0.07297086317561802,3.2294748070365573,-5.141616460487524,6.071715355320937,20.14220891011236,20:09,0.14340058191908978,08–10,8.0,10.0,24,0.07970602034729879
2017-11-22 00:00:00.000000,D3,264,0.20149873058310797,2.9260287660600675,-4.636009019536043,5.482173288854571,20.150545017898015,20:09,0.12748487900160432,10–12,10.0,12.0,24,0.08804212813295464
2017-11-22 00:00:00.000000,D3,264,1.1876968710966802,1.0641216065419488,-5.214884553489205,5.322346822570822,18.76887588003003,18:46,0.15119186993874978,12–14,12.0,14.0,24,-1.2936270097350295
2017-11-22 00:00:00.000000,D3,264,1.2958605166303658,1.2511238099712942,-5.933616437490063,6.064084004623398,18.793773845595197,18:48,0.17639158328561666,14–16,14.0,16.0,24,-1.2687290441698629
2017-11-22 00:00:00.000000,D3,264,-1.3000236119499475,3.5658147570294303,-1.59084222043785,3.9045888198088776,22.397105159858885,22:24,0.09979750729658743,16–18,16.0,18.0,24,2.334602270093825
2017-11-22 00:00:00.000000,D3,264,0.04661221906532548,2.852527720624022,-4.112718529942608,5.005134174371529,20.31631135421774,20:19,0.11095370425965811,18–20,18.0,20.0,24,0.25380846445267835
2017-11-22 00:00:00.000000,D3,264,0.5278900953286696,3.05793032760851,-5.002600305423199,5.863185798209722,20.09574113652252,20:06,0.13387581777738755,20–22,20.0,22.0,24,0.03323824675745968
2017-11-22 00:00:00.000000,D3,264,0.22107808944223942,2.6712697393025278,-4.500357567168081,5.2334405750405155,20.04613508176856,20:03,0.1223917785168468,22–24,22.0,24.0,24,-0.01636780799649884
