level,localdatetime,sensorid,datavalue,trend_24h,residual
D1,2017-11-16 00:00:03.000000,994,401.424615,417.89246017708336,-16.467845177083348
D1,2017-11-16 00:05:04.000000,994,402.628263,417.9206912534722,-15.292428253472224
D1,2017-11-16 00:10:02.000000,994,401.391729,417.8094128222997,-16.417683822299693
D1,2017-11-16 00:15:03.000000,994,399.028079,417.99364380902784,-18.965564809027853
D1,2017-11-16 00:20:05.000000,994,399.618944,418.0361993159722,-18.417255315972227
D1,2017-11-16 00:25:01.000000,994,407.355642,418.0361993159722,-10.680557315972237
D1,2017-11-16 00:30:01.000000,994,399.104675,418.033045625,-18.928370625000014
D1,2017-11-16 00:35:02.000000,994,405.714162,418.05352539583333,-12.339363395833345
D1,2017-11-16 00:40:03.000000,994,402.004576,418.02045336585365,-16.01587736585367
D1,2017-11-16 00:45:00.000000,994,399.268802,418.0847198715278,-18.8159178715278
D1,2017-11-16 00:50:01.000000,994,415.409517,417.98577831250003,-2.576261312500037
D1,2017-11-16 00:55:01.000000,994,391.335328,417.94914998958336,-26.613821989583357
D1,2017-11-16 01:00:00.000000,994,402.059285,417.9855881284723,-15.926303128472284
D1,2017-11-16 01:05:04.000000,994,405.353069,417.9653365659722,-12.612267565972218
D1,2017-11-16 01:10:03.000000,994,407.968346,418.068761432526,-10.100415432526006
D1,2017-11-16 01:15:01.000000,994,409.817696,417.9521902118056,-8.134494211805588
D1,2017-11-16 01:20:02.000000,994,404.959106,417.91005237847224,-12.950946378472224
D1,2017-11-16 01:25:04.000000,994,389.945555,417.935732087108,-27.99017708710801
D1,2017-11-16 01:30:02.000000,994,407.22429,417.9259713240418,-10.701681324041829
D1,2017-11-16 01:35:01.000000,994,387.669373,418.00781625,-30.33844325000001
D1,2017-11-16 01:40:03.000000,994,380.468988,417.9635661951219,-37.4945781951219
D1,2017-11-16 01:45:04.000000,994,393.622319,417.93611339024386,-24.313794390243856
D1,2017-11-16 01:50:01.000000,994,399.662813,418.0368448715278,-18.37403187152779
D1,2017-11-16 01:55:01.000000,994,407.268063,418.0493074861111,-10.78124448611112
D1,2017-11-16 02:00:04.000000,994,397.824399,418.0228240381944,-20.198425038194387
D1,2017-11-16 02:05:03.000000,994,408.241971,417.99128727777776,-9.74931627777778
D1,2017-11-16 02:10:02.000000,994,430.707645,417.99128727777776,12.716357722222256
D1,2017-11-16 02:15:01.000000,994,397.080231,418.0107412430556,-20.93051024305555
D1,2017-11-16 02:20:02.000000,994,397.692998,418.0164408263889,-20.323442826388884
D1,2017-11-16 02:25:03.000000,994,413.385057,418.0768640449827,-4.691807044982681
D1,2017-11-16 02:30:02.000000,994,410.452366,418.0047379513889,-7.5523719513889205
D1,2017-11-16 02:35:04.000000,994,394.968239,418.02434379861114,-23.05610479861116
D1,2017-11-16 02:40:01.000000,994,387.363005,418.02434379861114,-30.661338798611155
D1,2017-11-16 02:45:02.000000,994,419.534938,417.9183830313589,1.6165549686410827
D1,2017-11-16 02:50:02.000000,994,402.923759,417.8649650278746,-14.941206027874557
D1,2017-11-16 02:55:03.000000,994,408.679692,417.9314811944445,-9.251789194444484
D1,2017-11-16 03:00:04.000000,994,404.707432,417.9060235555555,-13.198591555555538
D1,2017-11-16 03:05:00.000000,994,390.273762,417.9060235555555,-27.632261555555544
D1,2017-11-16 03:10:03.000000,994,411.754688,417.9035917986111,-6.148903798611116
D1,2017-11-16 03:15:02.000000,994,402.234332,417.9965522422146,-15.762220242214596
D1,2017-11-16 03:20:00.000000,994,405.473439,417.9347862222223,-12.461347222222287
D1,2017-11-16 03:25:02.000000,994,421.428092,418.0511148442907,3.3769771557093122
D1,2017-11-16 03:30:01.000000,994,408.504613,417.9879804965278,-9.48336749652782
D1,2017-11-16 03:35:02.000000,994,410.135094,417.92463497560976,-7.789540975609782
D1,2017-11-16 03:40:02.000000,994,409.062688,417.99056408680553,-8.927876086805554
D1,2017-11-16 03:45:01.000000,994,407.333708,417.99056408680553,-10.656856086805533
D1,2017-11-16 03:50:03.000000,994,407.913733,417.8634008327526,-9.949667832752596
D1,2017-11-16 03:55:04.000000,994,412.816079,417.97274422916666,-5.156665229166663
D1,2017-11-16 04:00:02.000000,994,402.409379,417.97274422916666,-15.563365229166664
D1,2017-11-16 04:05:03.000000,994,405.517228,417.98532102777773,-12.46809302777774
D1,2017-11-16 04:10:02.000000,994,402.442296,417.9927301597222,-15.550434159722215
D1,2017-11-16 04:15:02.000000,994,403.339577,417.9987333993056,-14.659156399305573
D1,2017-11-16 04:20:02.000000,994,410.835409,417.9996074340277,-7.164198434027696
D1,2017-11-16 04:25:02.000000,994,399.848779,417.9195502847222,-18.07077128472224
D1,2017-11-16 04:30:04.000000,994,397.310019,417.94265177430555,-20.632632774305534
D1,2017-11-16 04:35:00.000000,994,402.004544,417.94265177430555,-15.938107774305536
D1,2017-11-16 04:40:02.000000,994,410.353994,418.02835865743947,-7.674364657439469
D1,2017-11-16 04:45:03.000000,994,406.020546,417.96586750694445,-11.945321506944424
D1,2017-11-16 04:50:02.000000,994,403.821071,418.0297977474048,-14.208726747404796
D1,2017-11-16 04:55:03.000000,994,391.488457,418.00545061937714,-26.51699361937716
D1,2017-11-16 05:00:02.000000,994,400.089486,417.93379877083333,-17.844312770833312
D1,2017-11-16 05:05:02.000000,994,409.774017,418.0127205397924,-8.238703539792368
D1,2017-11-16 05:10:02.000000,994,404.773124,417.92486955208335,-13.151745552083355
D1,2017-11-16 05:15:04.000000,994,400.964975,417.9710345659722,-17.006059565972237
D1,2017-11-16 05:20:03.000000,994,399.881633,417.9487324738676,-18.067099473867586
D1,2017-11-16 05:25:02.000000,994,410.080369,418.0726222352941,-7.992253235294072
D1,2017-11-16 05:30:02.000000,994,408.854723,418.01370415277773,-9.158981152777756
D1,2017-11-16 05:35:03.000000,994,412.586276,418.00772233218,-5.421446332179983
D1,2017-11-16 05:40:02.000000,994,408.931367,417.9075536794425,-8.976186679442492
D1,2017-11-16 05:45:03.000000,994,416.952499,417.9464194429066,-0.9939204429065853
D1,2017-11-16 05:50:04.000000,994,403.066063,417.9042363101046,-14.838173310104594
D1,2017-11-16 05:55:05.000000,994,409.77397,417.9241094861111,-8.150139486111073
D1,2017-11-16 06:00:02.000000,994,413.363171,417.9241094861111,-4.56093848611107
D1,2017-11-16 06:05:04.000000,994,407.169517,417.9792733135888,-10.80975631358882
D1,2017-11-16 06:10:02.000000,994,408.099715,418.0196496435986,-9.919934643598594
D1,2017-11-16 06:15:03.000000,994,415.311082,417.9640983728223,-2.6530163728223215
D1,2017-11-16 06:20:03.000000,994,403.197352,418.04759356747405,-14.85024156747403
D1,2017-11-16 06:25:03.000000,994,406.644344,418.0382197456446,-11.393875745644607
D1,2017-11-16 06:30:03.000000,994,397.977527,418.11169551041667,-20.134168510416657
D1,2017-11-16 06:35:04.000000,994,417.70757,418.11169551041667,-0.40412551041669076
D1,2017-11-16 06:40:02.000000,994,425.96933,418.11583726041664,7.853492739583373
D1,2017-11-16 06:45:03.000000,994,416.481972,418.19319707986114,-1.7112250798611512
D1,2017-11-16 06:50:02.000000,994,403.952328,418.19319707986114,-14.240869079861113
D1,2017-11-16 06:55:03.000000,994,416.339652,418.21778062847227,-1.8781286284722682
D1,2017-11-16 07:00:03.000000,994,407.082065,418.2437316076389,-11.161666607638892
D1,2017-11-16 07:05:00.000000,994,416.230281,418.27333066666665,-2.0430496666666613
D1,2017-11-16 07:10:02.000000,994,404.050843,418.3116611937716,-14.260818193771627
D1,2017-11-16 07:15:01.000000,994,407.038212,418.29430493402776,-11.256092934027777
D1,2017-11-16 07:20:02.000000,994,398.535649,418.2140194097222,-19.67837040972222
D1,2017-11-16 07:25:01.000000,994,408.701547,418.23864081944447,-9.537093819444465
D1,2017-11-16 07:30:05.000000,994,407.246145,418.3381146215278,-11.091969621527767
D1,2017-11-16 07:35:00.000000,994,410.485284,418.3381146215278,-7.852830621527801
D1,2017-11-16 07:40:02.000000,994,399.695619,418.38135403819444,-18.685735038194423
D1,2017-11-16 07:45:03.000000,994,404.379161,418.4528246423611,-14.073663642361112
D1,2017-11-16 07:50:03.000000,994,402.529828,418.5091062891986,-15.97927828919859
D1,2017-11-16 07:55:04.000000,994,404.280663,418.4411596875,-14.160496687499972
D1,2017-11-16 08:00:01.000000,994,408.843835,418.47001084083047,-9.626175840830456
D1,2017-11-16 08:05:01.000000,994,396.533124,418.50575302083337,-21.97262902083338
D1,2017-11-16 08:10:00.000000,994,394.278924,418.48219555208334,-24.203271552083322
D1,2017-11-16 08:15:01.000000,994,416.547616,418.47463464583336,-1.927018645833357
D1,2017-11-16 08:20:03.000000,994,404.970105,418.48985142857146,-13.519746428571466
D1,2017-11-16 08:25:01.000000,994,411.37166,418.5057528506945,-7.134092850694458
D1,2017-11-16 08:30:03.000000,994,410.386737,418.4788706608997,-8.09213366089972
D1,2017-11-16 08:35:03.000000,994,415.978575,418.4993933598616,-2.5208183598616074
D1,2017-11-16 08:40:02.000000,994,416.350651,418.55020794076654,-2.199556940766513
D1,2017-11-16 08:45:04.000000,994,411.163696,418.4620966089965,-7.298400608996474
D1,2017-11-16 08:50:00.000000,994,416.186396,418.4812450243055,-2.294849024305506
D1,2017-11-16 08:55:02.000000,994,405.232636,418.492112,-13.259476000000006
D1,2017-11-16 09:00:03.000000,994,410.25548,418.51322337630666,-8.257743376306678
D1,2017-11-16 09:05:00.000000,994,412.794145,418.48154884375003,-5.687403843750019
D1,2017-11-16 09:10:01.000000,994,409.193961,418.3628912145329,-9.168930214532907
D1,2017-11-16 09:15:04.000000,994,425.761429,418.4332176979167,7.328211302083332
D1,2017-11-16 09:20:01.000000,994,412.84887,418.4332176979167,-5.584347697916712
D1,2017-11-16 09:25:04.000000,994,405.407778,418.4133462291667,-13.00556822916667
D1,2017-11-16 09:30:01.000000,994,428.803571,418.4133462291667,10.3902247708333
D1,2017-11-16 09:35:05.000000,994,419.52405,418.4563578229167,1.0676921770833019
D1,2017-11-16 09:40:00.000000,994,411.667029,418.4563578229167,-6.789328822916673
D1,2017-11-16 09:45:03.000000,994,421.351512,418.48227165972224,2.86924034027777
D1,2017-11-16 09:50:04.000000,994,422.533337,418.45895470934255,4.074382290657468
D1,2017-11-16 09:55:02.000000,994,411.382564,418.4698091006944,-7.0872451006944175
D1,2017-11-16 10:00:03.000000,994,422.839737,418.49587454513886,4.343862454861153
D1,2017-11-16 10:05:02.000000,994,426.42897,418.49587454513886,7.933095454861132
D1,2017-11-16 10:10:03.000000,994,423.299313,418.55860589236113,4.740707107638855
D1,2017-11-16 10:15:04.000000,994,416.580359,418.51137688541667,-1.9310178854166793
D1,2017-11-16 10:20:01.000000,994,423.036734,418.51137688541667,4.5253571145833575
D1,2017-11-16 10:25:04.000000,994,432.677364,418.59242209375003,14.08494190624998
D1,2017-11-16 10:30:01.000000,994,438.35667,418.59242209375003,19.764247906249977
D1,2017-11-16 10:35:05.000000,994,431.834745,418.6174238645833,13.217321135416682
D1,2017-11-16 10:40:04.000000,994,440.446806,418.6657167638889,21.781089236111086
D1,2017-11-16 10:45:02.000000,994,431.88947,418.61264707958475,13.27682292041527
D1,2017-11-16 10:50:04.000000,994,444.287729,418.6563311319444,25.631397868055615
D1,2017-11-16 10:55:04.000000,994,433.848206,418.7310515609756,15.117154439024432
D1,2017-11-16 11:00:02.000000,994,437.689177,418.6717911660899,19.017385833910055
D1,2017-11-16 11:05:01.000000,994,444.561354,418.74064438194443,25.82070961805556
D1,2017-11-16 11:10:03.000000,994,434.865967,418.7399221180556,16.126044881944438
D1,2017-11-16 11:15:04.000000,994,445.009979,418.7201641701389,26.289814829861086
D1,2017-11-16 11:20:01.000000,994,446.531026,418.6668306262976,27.864195373702387
D1,2017-11-16 11:25:04.000000,994,447.482967,418.71248896527777,28.770478034722203
D1,2017-11-16 11:30:02.000000,994,443.051147,418.71248896527777,24.338658034722243
D1,2017-11-16 11:35:00.000000,994,438.05035,418.73087887500003,19.31947112499995
D1,2017-11-16 11:40:05.000000,994,434.920629,418.65625490972224,16.264374090277784
D1,2017-11-16 11:45:03.000000,994,433.213568,418.6329798062284,14.580588193771632
D1,2017-11-16 11:50:02.000000,994,454.103422,418.6856637847222,35.41775821527784
D1,2017-11-16 11:55:02.000000,994,449.934212,418.7122988923611,31.221913107638898
D1,2017-11-16 12:00:02.000000,994,437.404633,418.6922370173611,18.712395982638895
D1,2017-11-16 12:05:03.000000,994,451.520967,418.73809810069446,32.78286889930553
D1,2017-11-16 12:10:03.000000,994,459.224749,418.7629646968641,40.46178430313586
D1,2017-11-16 12:15:00.000000,994,445.764987,418.7004441875,27.064542812500008
D1,2017-11-16 12:20:04.000000,994,456.839164,418.68697465051906,38.15218934948092
D1,2017-11-16 12:25:03.000000,994,431.18914,418.7479397048611,12.441200295138913
D1,2017-11-16 12:30:04.000000,994,450.273403,418.7847958506944,31.48860714930555
D1,2017-11-16 12:35:02.000000,994,456.90484,418.73972021107267,38.16511978892731
D1,2017-11-16 12:40:05.000000,994,436.529207,418.8025017430556,17.7267052569444
D1,2017-11-16 12:45:02.000000,994,408.931398,418.87056341463415,-9.939165414634147
D1,2017-11-16 12:50:05.000000,994,421.865797,418.7950926666667,3.0707043333333104
D1,2017-11-16 12:55:01.000000,994,444.834884,418.7950926666667,26.039791333333312
D1,2017-11-16 13:00:05.000000,994,440.063842,418.87628992361107,21.187552076388954
D1,2017-11-16 13:05:03.000000,994,445.830599,418.87628992361107,26.954309076388938
D1,2017-11-16 13:10:02.000000,994,447.855123,418.86561291319447,28.989510086805524
D1,2017-11-16 13:15:03.000000,994,431.626797,418.8136728715278,12.813124128472225
D1,2017-11-16 13:20:03.000000,994,456.65315,418.8009440243056,37.8522059756944
D1,2017-11-16 13:25:05.000000,994,448.993174,418.8438414305556,30.149332569444425
D1,2017-11-16 13:30:03.000000,994,441.49731,418.8843276724739,22.61298232752614
D1,2017-11-16 13:35:01.000000,994,439.494769,418.84315724652777,20.651611753472253
D1,2017-11-16 13:40:03.000000,994,446.990538,418.91219248788923,28.078345512110786
D1,2017-11-16 13:45:04.000000,994,446.94678,419.0118141107266,27.93496588927337
D1,2017-11-16 13:50:01.000000,994,435.128546,419.0246124290657,16.10393357093426
D1,2017-11-16 13:55:04.000000,994,437.349923,419.1330387317073,18.216884268292688
D1,2017-11-16 14:00:03.000000,994,449.901374,419.0265056955017,30.87486830449825
D1,2017-11-16 14:05:02.000000,994,443.084002,419.0463843598616,24.03761764013842
D1,2017-11-16 14:10:02.000000,994,448.467843,419.08389968402776,29.38394331597226
D1,2017-11-16 14:15:01.000000,994,450.875346,419.0076036423611,31.86774235763886
D1,2017-11-16 14:20:04.000000,994,446.421544,419.06212809375,27.35941590624998
D1,2017-11-16 14:25:01.000000,994,433.323034,419.06212809375,14.260905906250002
D1,2017-11-16 14:30:03.000000,994,452.363539,419.0492102222222,33.3143287777778
D1,2017-11-16 14:35:02.000000,994,440.457678,419.0492102222222,21.408467777777787
D1,2017-11-16 14:40:03.000000,994,430.401246,419.2568046689895,11.144441331010512
D1,2017-11-16 14:45:02.000000,994,436.748091,419.2311352430555,17.51695575694447
D1,2017-11-16 14:50:03.000000,994,436.211904,419.18436231597224,17.027541684027767
D1,2017-11-16 14:55:02.000000,994,442.952696,419.18436231597224,23.768333684027766
D1,2017-11-16 15:00:03.000000,994,434.274928,419.1540413229166,15.120886677083377
D1,2017-11-16 15:05:02.000000,994,441.825565,419.24917897909404,22.576386020905943
D1,2017-11-16 15:10:04.000000,994,455.471309,419.21745646875,36.253852531250004
D1,2017-11-16 15:15:01.000000,994,434.537617,419.21745646875,15.320160531249996
D1,2017-11-16 15:20:02.000000,994,443.357579,419.2589776759582,24.098601324041795
D1,2017-11-16 15:25:00.000000,994,446.268415,419.19853453125,27.06988046875
D1,2017-11-16 15:30:02.000000,994,441.486343,419.1977434808362,22.288599519163768
D1,2017-11-16 15:35:03.000000,994,436.200953,419.1861523519164,17.01480064808362
D1,2017-11-16 15:40:00.000000,994,438.236364,419.13926075347223,19.09710324652775
D1,2017-11-16 15:45:02.000000,994,428.694153,419.1064323333333,9.587720666666655
D1,2017-11-16 15:50:05.000000,994,448.621066,419.14678406944444,29.47428193055555
D1,2017-11-16 15:55:02.000000,994,430.379359,419.14678406944444,11.232574930555586
D1,2017-11-16 16:00:03.000000,994,432.513205,419.181195902439,13.332009097561013
D1,2017-11-16 16:05:03.000000,994,435.172335,419.0936406782007,16.078694321799276
D1,2017-11-16 16:10:04.000000,994,430.499729,419.15445921875,11.34526978125001
D1,2017-11-16 16:15:03.000000,994,426.954285,419.19811647569446,7.756168524305565
D1,2017-11-16 16:20:04.000000,994,430.412229,419.22809540625,11.184133593750005
D1,2017-11-16 16:25:00.000000,994,433.913978,419.22809540625,14.685882593749966
D1,2017-11-16 16:30:02.000000,994,442.175754,419.2477393854167,22.928014614583276
D1,2017-11-16 16:35:03.000000,994,425.301917,419.36306851916373,5.9388484808362705
D1,2017-11-16 16:40:01.000000,994,443.401289,419.2981604444444,24.1031285555556
D1,2017-11-16 16:45:03.000000,994,446.946859,419.2742986631945,27.67256033680553
D1,2017-11-16 16:50:00.000000,994,434.592342,419.29352458333335,15.298817416666623
D1,2017-11-16 16:55:02.000000,994,432.808622,419.3309504513889,13.477671548611113
D1,2017-11-16 17:00:02.000000,994,443.226242,419.44170879513894,23.784533204861077
D1,2017-11-16 17:05:00.000000,994,434.876839,419.4865064895833,15.390332510416727
D1,2017-11-16 17:10:02.000000,994,438.05027,419.49068604513894,18.55958395486107
D1,2017-11-16 17:15:00.000000,994,438.750617,419.4937635763889,19.256853423611062
D1,2017-11-16 17:20:03.000000,994,445.371087,419.50710028124996,25.863986718750027
D1,2017-11-16 17:25:01.000000,994,426.330519,419.5347611423611,6.7957578576388755
D1,2017-11-16 17:30:03.000000,994,425.564496,419.5309237638889,6.033572236111127
D1,2017-11-16 17:35:00.000000,994,417.072868,419.5309237638889,-2.458055763888865
D1,2017-11-16 17:40:04.000000,994,427.588908,419.5387260836237,8.050181916376289
D1,2017-11-16 17:45:02.000000,994,419.458405,419.49912120486107,-0.04071620486104166
D1,2017-11-16 17:50:04.000000,994,422.75219,419.4280601107266,3.3241298892733653
D1,2017-11-16 17:55:02.000000,994,429.438289,419.4848726006945,9.953416399305524
D1,2017-11-16 18:00:04.000000,994,436.573029,419.4605934201389,17.112435579861142
D1,2017-11-16 18:05:04.000000,994,423.813709,419.45448942906575,4.359219570934272
D1,2017-11-16 18:10:00.000000,994,423.813597,419.49714558333335,4.316451416666666
D1,2017-11-16 18:15:03.000000,994,432.786767,419.5398149479167,13.246952052083316
D1,2017-11-16 18:20:01.000000,994,427.271541,419.52454043055553,7.747000569444481
D1,2017-11-16 18:25:05.000000,994,431.593974,419.56918541666664,12.024788583333361
D1,2017-11-16 18:30:02.000000,994,428.256432,419.52703759515566,8.729394404844356
D1,2017-11-16 18:35:04.000000,994,422.040955,419.6018622847222,2.439092715277809
D1,2017-11-16 18:40:02.000000,994,419.611613,419.5700975347222,0.041515465277768726
D1,2017-11-16 18:45:02.000000,994,441.934999,419.5360151597222,22.398983840277822
D1,2017-11-16 18:50:02.000000,994,425.542625,419.5021604375,6.040464562500006
D1,2017-11-16 18:55:03.000000,994,417.061885,419.51113455709344,-2.449249557093424
D1,2017-11-16 19:00:03.000000,994,423.22278,419.49701104498274,3.7257689550172586
D1,2017-11-16 19:05:02.000000,994,427.556133,419.55165103135886,8.00448196864113
D1,2017-11-16 19:10:01.000000,994,418.987894,419.55311280555554,-0.5652188055555598
D1,2017-11-16 19:15:03.000000,994,410.02566,419.6484592195122,-9.62279921951216
D1,2017-11-16 19:20:04.000000,994,408.592129,419.6424798159722,-11.050350815972195
D1,2017-11-16 19:25:04.000000,994,421.406237,419.66052793750004,1.745709062499941
D1,2017-11-16 19:30:02.000000,994,408.581209,419.66052793750004,-11.079318937500034
D1,2017-11-16 19:35:01.000000,994,423.299297,419.70317331707315,3.596123682926873
D1,2017-11-16 19:40:02.000000,994,415.475241,419.59367847404843,-4.118437474048449
D1,2017-11-16 19:45:02.000000,994,413.757165,419.6627689583333,-5.905603958333302
D1,2017-11-16 19:50:05.000000,994,416.405265,419.74677800694445,-3.341513006944467
D1,2017-11-16 19:55:01.000000,994,398.294926,419.74677800694445,-21.451852006944478
D1,2017-11-16 20:00:00.000000,994,426.779143,419.73271936805554,7.046423631944435
D1,2017-11-16 20:05:04.000000,994,412.969287,419.80470844947735,-6.835421449477337
D1,2017-11-16 20:10:03.000000,994,402.617375,419.9247511805555,-17.307376180555536
D1,2017-11-16 20:15:04.000000,994,412.859837,419.9499423125,-7.090105312499986
D1,2017-11-16 20:20:03.000000,994,423.069461,419.9499423125,3.1195186874999763
D1,2017-11-16 20:25:02.000000,994,427.315299,420.0439820520833,7.2713169479166595
D1,2017-11-16 20:30:01.000000,994,411.185519,420.0439820520833,-8.858463052083323
D1,2017-11-16 20:35:02.000000,994,408.679692,420.08805747916665,-11.408365479166662
D1,2017-11-16 20:40:04.000000,994,407.979329,420.1367305763889,-12.157401576388907
D1,2017-11-16 20:45:02.000000,994,403.656912,420.1367305763889,-16.479818576388936
D1,2017-11-16 20:50:00.000000,994,413.593038,420.1408723263889,-6.547834326388909
D1,2017-11-16 20:55:04.000000,994,398.491844,420.16750831944444,-21.675664319444422
D1,2017-11-16 21:00:05.000000,994,409.390958,420.2167131111111,-10.825755111111107
D1,2017-11-16 21:05:01.000000,994,408.18723,420.24836389583334,-12.061133895833336
D1,2017-11-16 21:10:00.000000,994,397.01457,420.24836389583334,-23.233793895833344
D1,2017-11-16 21:15:02.000000,994,419.294198,420.3431260625,-1.0489280625000106
D1,2017-11-16 21:20:01.000000,994,399.487782,420.3132994027778,-20.82551740277779
D1,2017-11-16 21:25:02.000000,994,406.206592,420.3300559791667,-14.123463979166672
D1,2017-11-16 21:30:03.000000,994,405.407778,420.3181464912892,-14.910368491289205
D1,2017-11-16 21:35:00.000000,994,407.651075,420.3454058888889,-12.694330888888885
D1,2017-11-16 21:40:04.000000,994,413.658714,420.47018484375,-6.811470843750044
D1,2017-11-16 21:45:02.000000,994,400.603882,420.47018484375,-19.86630284375002
D1,2017-11-16 21:50:00.000000,994,411.743673,420.5317003715278,-8.78802737152779
D1,2017-11-16 21:55:03.000000,994,403.919554,420.6591012152778,-16.73954721527781
D1,2017-11-16 22:00:02.000000,994,403.208272,420.6591012152778,-17.450829215277793
D1,2017-11-16 22:05:02.000000,994,411.207453,420.71921111805557,-9.511758118055582
D1,2017-11-16 22:10:02.000000,994,410.922956,420.76241272916667,-9.83945672916667
D1,2017-11-16 22:15:03.000000,994,404.204067,420.8086538472222,-16.60458684722221
D1,2017-11-16 22:20:03.000000,994,403.361479,420.8777958083624,-17.516316808362433
D1,2017-11-16 22:25:02.000000,994,417.554267,420.94426181250003,-3.389994812500049
D1,2017-11-16 22:30:01.000000,994,411.163727,421.08925319723187,-9.925526197231875
D1,2017-11-16 22:35:01.000000,994,407.43227,421.0292968888889,-13.597026888888877
D1,2017-11-16 22:40:02.000000,994,407.049211,421.1776290519031,-14.128418051903111
D1,2017-11-16 22:45:01.000000,994,403.328578,421.1107221875,-17.782144187500023
D1,2017-11-16 22:50:02.000000,994,399.629895,421.1349634548611,-21.505068454861146
D1,2017-11-16 22:55:04.000000,994,405.615711,421.2722144083045,-15.656503408304502
D1,2017-11-16 23:00:01.000000,994,414.720138,421.2285477708333,-6.508409770833282
D1,2017-11-16 23:05:03.000000,994,397.900931,421.3094030173611,-23.408472017361078
D1,2017-11-16 23:10:03.000000,994,400.899299,421.4156071522491,-20.51630815224911
D1,2017-11-16 23:15:02.000000,994,407.235193,421.3689045138889,-14.133711513888898
D1,2017-11-16 23:20:00.000000,994,403.30677,421.38801652083333,-18.08124652083336
D1,2017-11-16 23:25:02.000000,994,401.599693,421.5540014636678,-19.954308463667815
D1,2017-11-16 23:30:03.000000,994,411.864026,421.5362767291667,-9.672250729166649
D1,2017-11-16 23:35:02.000000,994,399.991115,421.4787364041812,-21.487621404181198
D1,2017-11-16 23:40:02.000000,994,409.489441,421.60717733680553,-12.117736336805535
D1,2017-11-16 23:45:01.000000,994,411.92975,421.70136939583335,-9.77161939583334
D1,2017-11-16 23:50:02.000000,994,416.689809,421.7766014930556,-5.086792493055555
D1,2017-11-16 23:55:05.000000,994,403.252029,421.80380682291667,-18.551777822916677
D2,2017-11-16 00:00:03.000000,1010,375.305007,371.21413443750004,4.090872562499953
D2,2017-11-16 00:05:04.000000,1010,375.978988,371.1971657465278,4.781822253472228
D2,2017-11-16 00:10:02.000000,1010,373.696426,371.18605565853653,2.5103703414634424
D2,2017-11-16 00:15:03.000000,1010,376.760403,371.1990806111111,5.561322388888868
D2,2017-11-16 00:20:05.000000,1010,370.586341,371.1536523333333,-0.5673113333332935
D2,2017-11-16 00:25:01.000000,1010,370.708952,371.1536523333333,-0.4447003333332873
D2,2017-11-16 00:30:01.000000,1010,369.376189,371.1974848506945,-1.8212958506944688
D2,2017-11-16 00:35:02.000000,1010,371.459592,371.2091876840278,0.25040431597216184
D2,2017-11-16 00:40:03.000000,1010,367.721523,371.21055671777003,-3.4890337177700417
D2,2017-11-16 00:45:00.000000,1010,378.031928,371.2479662013889,6.783961798611074
D2,2017-11-16 00:50:01.000000,1010,362.466796,371.1972185208333,-8.730422520833315
D2,2017-11-16 00:55:01.000000,1010,361.103325,371.2175392881944,-10.114214288194432
D2,2017-11-16 01:00:00.000000,1010,369.131012,371.27068072569443,-2.1396687256944347
D2,2017-11-16 01:05:04.000000,1010,366.46533,371.2140292048611,-4.748699204861111
D2,2017-11-16 01:10:03.000000,1010,371.934481,371.23878660553635,0.6956943944636578
D2,2017-11-16 01:15:01.000000,1010,363.646418,371.24264803125,-7.596230031250002
D2,2017-11-16 01:20:02.000000,1010,377.388433,371.2618513125,6.126581687499993
D2,2017-11-16 01:25:04.000000,1010,379.104315,371.2345259616725,7.869789038327497
D2,2017-11-16 01:30:02.000000,1010,370.341253,371.2589741393728,-0.9177211393728157
D2,2017-11-16 01:35:01.000000,1010,361.731377,371.2452551145833,-9.513878114583292
D2,2017-11-16 01:40:03.000000,1010,361.700802,371.2439744738676,-9.543172473867571
D2,2017-11-16 01:45:04.000000,1010,359.847088,371.2828885714286,-11.435800571428615
D2,2017-11-16 01:50:01.000000,1010,354.668932,371.32749411805554,-16.658562118055556
D2,2017-11-16 01:55:01.000000,1010,364.780067,371.30903598263893,-6.528968982638958
D2,2017-11-16 02:00:04.000000,1010,360.904166,371.35590038888887,-10.451734388888895
D2,2017-11-16 02:05:03.000000,1010,359.050407,371.3972319826389,-12.346824982638907
D2,2017-11-16 02:10:02.000000,1010,368.227142,371.3972319826389,-3.170089982638899
D2,2017-11-16 02:15:01.000000,1010,361.762129,371.4455323645833,-9.683403364583285
D2,2017-11-16 02:20:02.000000,1010,356.032292,371.3857950208333,-15.35350302083333
D2,2017-11-16 02:25:03.000000,1010,359.632641,371.4643465605536,-11.831705560553644
D2,2017-11-16 02:30:02.000000,1010,363.477879,371.4424998541666,-7.96462085416664
D2,2017-11-16 02:35:04.000000,1010,368.717273,371.3934548645833,-2.6761818645833273
D2,2017-11-16 02:40:01.000000,1010,367.644952,371.3934548645833,-3.7485028645833154
D2,2017-11-16 02:45:02.000000,1010,372.363396,371.31913346689896,1.0442625331010618
D2,2017-11-16 02:50:02.000000,1010,357.426538,371.31390236933794,-13.887364369337945
D2,2017-11-16 02:55:03.000000,1010,368.38026,371.35738928819444,-2.977129288194419
D2,2017-11-16 03:00:04.000000,1010,359.663216,371.346484375,-11.683268375000011
D2,2017-11-16 03:05:00.000000,1010,353.67307,371.346484375,-17.673414374999993
D2,2017-11-16 03:10:03.000000,1010,353.044974,371.36127186805555,-18.31629786805553
D2,2017-11-16 03:15:02.000000,1010,371.796649,371.48226366782006,0.31438533217993836
D2,2017-11-16 03:20:00.000000,1010,365.377611,371.42361575347223,-6.046004753472232
D2,2017-11-16 03:25:02.000000,1010,355.128533,371.51099505882354,-16.382462058823535
D2,2017-11-16 03:30:01.000000,1010,356.568508,371.4361161944445,-14.867608194444472
D2,2017-11-16 03:35:02.000000,1010,365.821902,371.41580332055753,-5.5939013205575066
D2,2017-11-16 03:40:02.000000,1010,356.323442,371.52420587847223,-15.20076387847223
D2,2017-11-16 03:45:01.000000,1010,361.869208,371.52420587847223,-9.654997878472216
D2,2017-11-16 03:50:03.000000,1010,363.554494,371.48904023693376,-7.934546236933784
D2,2017-11-16 03:55:04.000000,1010,360.184078,371.60772122569443,-11.423643225694434
D2,2017-11-16 04:00:02.000000,1010,365.346991,371.60772122569443,-6.260730225694431
D2,2017-11-16 04:05:03.000000,1010,362.114429,371.63426501736114,-9.519836017361172
D2,2017-11-16 04:10:02.000000,1010,362.757947,371.6149019513889,-8.8569549513889
D2,2017-11-16 04:15:02.000000,1010,364.580886,371.64325421527775,-7.062368215277729
D2,2017-11-16 04:20:02.000000,1010,367.828824,371.6970339409722,-3.8682099409721786
D2,2017-11-16 04:25:02.000000,1010,352.692607,371.71495971527776,-19.022352715277748
D2,2017-11-16 04:30:04.000000,1010,360.904099,371.7990069548611,-10.89490795486114
D2,2017-11-16 04:35:00.000000,1010,361.317816,371.7990069548611,-10.48119095486112
D2,2017-11-16 04:40:02.000000,1010,357.120123,371.9177423044983,-14.797619304498312
D2,2017-11-16 04:45:03.000000,1010,351.022654,371.82241277083335,-20.799758770833364
D2,2017-11-16 04:50:02.000000,1010,361.225869,371.90714107266433,-10.681272072664342
D2,2017-11-16 04:55:03.000000,1010,357.88614,371.9454143564014,-14.059274356401374
D2,2017-11-16 05:00:02.000000,1010,360.521224,371.88534232638887,-11.364118326388848
D2,2017-11-16 05:05:02.000000,1010,359.556026,371.95384270242215,-12.397816702422176
D2,2017-11-16 05:10:02.000000,1010,362.92642,371.891087,-8.96466700000002
D2,2017-11-16 05:15:04.000000,1010,368.625437,371.98688992013894,-3.3614529201389587
D2,2017-11-16 05:20:03.000000,1010,351.451724,371.9279277421603,-20.476203742160294
D2,2017-11-16 05:25:02.000000,1010,363.294096,372.08764084083043,-8.793544840830407
D2,2017-11-16 05:30:02.000000,1010,357.625697,372.02763684375003,-14.401939843750029
D2,2017-11-16 05:35:03.000000,1010,363.156153,372.16105982352946,-9.004906823529438
D2,2017-11-16 05:40:02.000000,1010,364.810686,372.01071961672477,-7.200033616724795
D2,2017-11-16 05:45:03.000000,1010,352.769222,372.2118441141869,-19.44262211418686
D2,2017-11-16 05:50:04.000000,1010,353.703756,372.08897464459926,-18.385218644599263
D2,2017-11-16 05:55:05.000000,1010,357.610343,372.1964762395833,-14.586133239583319
D2,2017-11-16 06:00:02.000000,1010,348.234539,372.1964762395833,-23.961937239583335
D2,2017-11-16 06:05:04.000000,1010,350.180133,372.1703785783972,-21.990245578397207
D2,2017-11-16 06:10:02.000000,1010,362.405469,372.329473615917,-9.924004615917
D2,2017-11-16 06:15:03.000000,1010,355.725921,372.1935450313589,-16.467624031358866
D2,2017-11-16 06:20:03.000000,1010,359.387465,372.39828142560555,-13.010816425605526
D2,2017-11-16 06:25:03.000000,1010,356.767734,372.26998543902437,-15.502251439024349
D2,2017-11-16 06:30:03.000000,1010,352.7692,372.3067485520833,-19.537548552083308
D2,2017-11-16 06:35:04.000000,1010,358.652045,372.3067485520833,-13.654703552083333
D2,2017-11-16 06:40:02.000000,1010,358.86658,372.3140362916667,-13.447456291666697
D2,2017-11-16 06:45:03.000000,1010,359.739809,372.32143050347224,-12.581621503472263
D2,2017-11-16 06:50:02.000000,1010,355.710723,372.32143050347224,-16.61070750347227
D2,2017-11-16 06:55:03.000000,1010,355.588067,372.36792248958335,-16.779855489583326
D2,2017-11-16 07:00:03.000000,1010,356.90561,372.36834822222227,-15.462738222222242
D2,2017-11-16 07:05:00.000000,1010,354.148092,372.38372122916667,-18.235629229166648
D2,2017-11-16 07:10:02.000000,1010,362.543389,372.44736930103807,-9.903980301038075
D2,2017-11-16 07:15:01.000000,1010,354.224552,372.39558330555553,-18.171031305555516
D2,2017-11-16 07:20:02.000000,1010,353.182783,372.41116918055553,-19.22838618055556
D2,2017-11-16 07:25:01.000000,1010,355.067228,372.41765900347224,-17.350431003472238
D2,2017-11-16 07:30:05.000000,1010,357.671626,372.48925834375,-14.817632343750006
D2,2017-11-16 07:35:00.000000,1010,343.117622,372.48925834375,-29.371636343750026
D2,2017-11-16 07:40:02.000000,1010,354.592228,372.5186219305555,-17.926393930555548
D2,2017-11-16 07:45:03.000000,1010,352.079798,372.60820136458335,-20.52840336458337
D2,2017-11-16 07:50:03.000000,1010,356.660477,372.5543396480836,-15.893862648083598
D2,2017-11-16 07:55:04.000000,1010,360.643746,372.64421371180555,-12.000467711805527
D2,2017-11-16 08:00:01.000000,1010,346.212219,372.70690791349483,-26.494688913494826
D2,2017-11-16 08:05:01.000000,1010,355.465635,372.6615547465278,-17.195919746527807
D2,2017-11-16 08:10:00.000000,1010,344.021603,372.67453415625,-28.652931156249963
D2,2017-11-16 08:15:01.000000,1010,353.121723,372.6710229131944,-19.54929991319443
D2,2017-11-16 08:20:03.000000,1010,355.863953,372.67769843554004,-16.813745435540056
D2,2017-11-16 08:25:01.000000,1010,355.710656,372.7195883923611,-17.008932392361146
D2,2017-11-16 08:30:03.000000,1010,352.616059,372.80518707266435,-20.189128072664346
D2,2017-11-16 08:35:03.000000,1010,356.492004,372.86853434256057,-16.376530342560557
D2,2017-11-16 08:40:02.000000,1010,357.579746,372.74282082578395,-15.163074825783951
D2,2017-11-16 08:45:04.000000,1010,355.465479,372.8585150657439,-17.3930360657439
D2,2017-11-16 08:50:00.000000,1010,347.912769,372.8304979930556,-24.91772899305556
D2,2017-11-16 08:55:02.000000,1010,350.348717,372.88300060069446,-22.534283600694437
D2,2017-11-16 09:00:03.000000,1010,343.362821,372.90610933101044,-29.543288331010444
D2,2017-11-16 09:05:00.000000,1010,354.837449,372.98933609027773,-18.15188709027774
D2,2017-11-16 09:10:01.000000,1010,347.315337,373.0248610761246,-25.70952407612458
D2,2017-11-16 09:15:04.000000,1010,354.990613,373.00449661805555,-18.01388361805556
D2,2017-11-16 09:20:01.000000,1010,359.249477,373.00449661805555,-13.755019618055542
D2,2017-11-16 09:25:04.000000,1010,353.489332,373.06843672916665,-19.57910472916666
D2,2017-11-16 09:30:01.000000,1010,353.550638,373.06843672916665,-19.517798729166657
D2,2017-11-16 09:35:05.000000,1010,352.141148,373.07242601388884,-20.931278013888857
D2,2017-11-16 09:40:00.000000,1010,352.263692,373.07242601388884,-20.808734013888852
D2,2017-11-16 09:45:03.000000,1010,353.121522,373.1463663402778,-20.024844340277753
D2,2017-11-16 09:50:04.000000,1010,355.971098,373.18489934602076,-17.213801346020773
D2,2017-11-16 09:55:02.000000,1010,347.606376,373.1665800208333,-25.560204020833282
D2,2017-11-16 10:00:03.000000,1010,355.618709,373.15684521180555,-17.538136211805522
D2,2017-11-16 10:05:02.000000,1010,349.429493,373.15684521180555,-23.727352211805567
D2,2017-11-16 10:10:03.000000,1010,360.96536,373.1631744756944,-12.197814475694429
D2,2017-11-16 10:15:04.000000,1010,360.168791,373.18423930902776,-13.01544830902776
D2,2017-11-16 10:20:01.000000,1010,364.795465,373.18423930902776,-8.38877430902778
D2,2017-11-16 10:25:04.000000,1010,371.873287,373.19913327083333,-1.325846270833324
D2,2017-11-16 10:30:01.000000,1010,352.110573,373.19913327083333,-21.08856027083334
D2,2017-11-16 10:35:05.000000,1010,358.437643,373.1691843229167,-14.731541322916712
D2,2017-11-16 10:40:04.000000,1010,353.335991,373.1385975451389,-19.80260654513893
D2,2017-11-16 10:45:02.000000,1010,357.426538,373.1307738027682,-15.70423580276821
D2,2017-11-16 10:50:04.000000,1010,354.240061,373.1653008888889,-18.925239888888882
D2,2017-11-16 10:55:04.000000,1010,364.443032,373.1461021672474,-8.703070167247404
D2,2017-11-16 11:00:02.000000,1010,357.778905,373.1389371211073,-15.360032121107281
D2,2017-11-16 11:05:01.000000,1010,349.827855,373.1173728472222,-23.289517847222214
D2,2017-11-16 11:10:03.000000,1010,358.008617,373.1520556875,-15.143438687500009
D2,2017-11-16 11:15:04.000000,1010,362.129784,373.16189665625,-11.032112656250035
D2,2017-11-16 11:20:01.000000,1010,364.075333,373.1358626712803,-9.060529671280278
D2,2017-11-16 11:25:04.000000,1010,368.073978,373.2362097083333,-5.162231708333309
D2,2017-11-16 11:30:02.000000,1010,364.534979,373.2362097083333,-8.701230708333298
D2,2017-11-16 11:35:00.000000,1010,362.466885,373.2627539618056,-10.795868961805581
D2,2017-11-16 11:40:05.000000,1010,364.856749,373.3564294583333,-8.49968045833333
D2,2017-11-16 11:45:03.000000,1010,364.274559,373.370116,-9.095556999999985
D2,2017-11-16 11:50:02.000000,1010,359.632575,373.3632910798611,-13.73071607986111
D2,2017-11-16 11:55:02.000000,1010,365.040531,373.3753660208333,-8.334835020833339
D2,2017-11-16 12:00:02.000000,1010,367.87473,373.41606010069444,-5.541330100694438
D2,2017-11-16 12:05:03.000000,1010,361.85401,373.4555306076388,-11.601520607638804
D2,2017-11-16 12:10:03.000000,1010,369.759153,373.4787121358885,-3.71955913588846
D2,2017-11-16 12:15:00.000000,1010,373.956779,373.48515998611106,0.471619013888926
D2,2017-11-16 12:20:04.000000,1010,355.710611,373.49537900346024,-17.78476800346027
D2,2017-11-16 12:25:03.000000,1010,372.700564,373.53170459375,-0.8311405937500354
D2,2017-11-16 12:30:04.000000,1010,376.714408,373.5409600451389,3.1734479548611034
D2,2017-11-16 12:35:02.000000,1010,376.239475,373.52681356055365,2.7126614394463786
D2,2017-11-16 12:40:05.000000,1010,381.984488,373.52106500694447,8.46342299305553
D2,2017-11-16 12:45:02.000000,1010,368.931764,373.50534771428573,-4.573583714285746
D2,2017-11-16 12:50:05.000000,1010,374.079434,373.56048181250003,0.5189521874999627
D2,2017-11-16 12:55:01.000000,1010,385.523421,373.56048181250003,11.962939187499956
D2,2017-11-16 13:00:05.000000,1010,372.164437,373.6197935763889,-1.4553565763888514
D2,2017-11-16 13:05:03.000000,1010,373.206161,373.6197935763889,-0.4136325763888635
D2,2017-11-16 13:10:02.000000,1010,378.368918,373.64787996875,4.721038031250032
D2,2017-11-16 13:15:03.000000,1010,380.820154,373.68931849652773,7.1308355034722695
D2,2017-11-16 13:20:03.000000,1010,369.238246,373.6916587847222,-4.453412784722218
D2,2017-11-16 13:25:05.000000,1010,383.393955,373.65314590625,9.740809093749988
D2,2017-11-16 13:30:03.000000,1010,367.307895,373.6646856027874,-6.3567906027874415
D2,2017-11-16 13:35:01.000000,1010,380.667013,373.6283574270833,7.038655572916696
D2,2017-11-16 13:40:03.000000,1010,384.144551,373.62154225605536,10.523008743944615
D2,2017-11-16 13:45:04.000000,1010,384.129286,373.6547265155709,10.47455948442905
D2,2017-11-16 13:50:01.000000,1010,374.324522,373.67836888235297,0.6461531176470316
D2,2017-11-16 13:55:04.000000,1010,385.937004,373.7756083902439,12.161395609756084
D2,2017-11-16 14:00:03.000000,1010,383.761609,373.73890665397926,10.022702346020765
D2,2017-11-16 14:05:02.000000,1010,393.826749,373.76037575432525,20.066373245674754
D2,2017-11-16 14:10:02.000000,1010,392.095601,373.8114520347222,18.28414896527778
D2,2017-11-16 14:15:01.000000,1010,372.623971,373.82373960763886,-1.1997686076388732
D2,2017-11-16 14:20:04.000000,1010,387.25448,373.87241295138887,13.382067048611134
D2,2017-11-16 14:25:01.000000,1010,383.792206,373.87241295138887,9.919793048611155
D2,2017-11-16 14:30:03.000000,1010,378.047304,373.9556091145833,4.0916948854167
D2,2017-11-16 14:35:02.000000,1010,383.669662,373.9556091145833,9.71405288541672
D2,2017-11-16 14:40:03.000000,1010,389.108194,373.99467932404184,15.113514675958186
D2,2017-11-16 14:45:02.000000,1010,386.2128,373.9977924791667,12.215007520833296
D2,2017-11-16 14:50:03.000000,1010,384.849284,374.04619971875,10.803084281249994
D2,2017-11-16 14:55:02.000000,1010,388.51085,374.04619971875,14.464650281249988
D2,2017-11-16 15:00:03.000000,1010,386.948131,374.06832872916664,12.879802270833352
D2,2017-11-16 15:05:02.000000,1010,396.400528,374.16389371428573,22.236634285714274
D2,2017-11-16 15:10:04.000000,1010,393.734868,374.2198268576389,19.5150411423611
D2,2017-11-16 15:15:01.000000,1010,387.039989,374.2198268576389,12.820162142361085
D2,2017-11-16 15:20:02.000000,1010,391.329651,374.21983593728226,17.109815062717757
D2,2017-11-16 15:25:00.000000,1010,391.55934,374.1855696736111,17.37377032638892
D2,2017-11-16 15:30:02.000000,1010,389.429919,374.2656892195122,15.164229780487801
D2,2017-11-16 15:35:03.000000,1010,397.626146,374.27689877003485,23.349247229965158
D2,2017-11-16 15:40:00.000000,1010,385.783841,374.23408253472223,11.549758465277762
D2,2017-11-16 15:45:02.000000,1010,387.484325,374.25610584375,13.22821915625002
D2,2017-11-16 15:50:05.000000,1010,394.209779,374.30174682986114,19.90803217013888
D2,2017-11-16 15:55:02.000000,1010,392.92299,374.30174682986114,18.621243170138882
D2,2017-11-16 16:00:03.000000,1010,385.799106,374.34549245296165,11.453613547038344
D2,2017-11-16 16:05:03.000000,1010,387.775386,374.2693302802768,13.506055719723236
D2,2017-11-16 16:10:04.000000,1010,395.128937,374.3464831215278,20.78245387847221
D2,2017-11-16 16:15:03.000000,1010,395.435464,374.37308084375,21.062383156250007
D2,2017-11-16 16:20:04.000000,1010,396.293249,374.3903154027778,21.902933597222216
D2,2017-11-16 16:25:00.000000,1010,393.152679,374.3903154027778,18.76236359722219
D2,2017-11-16 16:30:02.000000,1010,405.577173,374.4077629861111,31.16941001388892
D2,2017-11-16 16:35:03.000000,1010,398.821166,374.4963966062718,24.324769393728218
D2,2017-11-16 16:40:01.000000,1010,396.278051,374.4404773368056,21.837573663194405
D2,2017-11-16 16:45:03.000000,1010,394.347811,374.46925571875,19.878555281249987
D2,2017-11-16 16:50:00.000000,1010,399.081608,374.4997365625,24.581871437500013
D2,2017-11-16 16:55:02.000000,1010,401.486804,374.50952445138887,26.977279548611136
D2,2017-11-16 17:00:02.000000,1010,399.801652,374.53218543055556,25.269466569444432
D2,2017-11-16 17:05:00.000000,1010,389.322707,374.52250378472223,14.800203215277747
D2,2017-11-16 17:10:02.000000,1010,397.534221,374.52633359375,23.007887406250006
D2,2017-11-16 17:15:00.000000,1010,409.422566,374.52894021527777,34.893625784722246
D2,2017-11-16 17:20:03.000000,1010,394.807256,374.4959596875,20.31129631250002
D2,2017-11-16 17:25:01.000000,1010,395.205685,374.5351109340278,20.670574065972232
D2,2017-11-16 17:30:03.000000,1010,401.302954,374.5073965763889,26.795557423611115
D2,2017-11-16 17:35:00.000000,1010,400.307115,374.5073965763889,25.799718423611125
D2,2017-11-16 17:40:04.000000,1010,402.957576,374.5269307108014,28.430645289198594
D2,2017-11-16 17:45:02.000000,1010,399.188843,374.50564118750003,24.683201812499988
D2,2017-11-16 17:50:04.000000,1010,409.146792,374.4874152179931,34.659376782006916
D2,2017-11-16 17:55:02.000000,1010,391.865867,374.5595807013889,17.3062862986111
D2,2017-11-16 18:00:04.000000,1010,400.414394,374.63118043055556,25.783213569444456
D2,2017-11-16 18:05:04.000000,1010,394.332323,374.60546944290655,19.72685355709342
D2,2017-11-16 18:10:00.000000,1010,395.9869,374.69027963888885,21.296620361111138
D2,2017-11-16 18:15:03.000000,1010,399.388046,374.7202280451389,24.66781795486105
D2,2017-11-16 18:20:01.000000,1010,404.167862,374.75980509722217,29.408056902777844
D2,2017-11-16 18:25:05.000000,1010,397.534288,374.78251923263883,22.75176876736117
D2,2017-11-16 18:30:02.000000,1010,389.629145,374.75464129065745,14.874503709342548
D2,2017-11-16 18:35:04.000000,1010,396.584311,374.8309796284723,21.753331371527736
D2,2017-11-16 18:40:02.000000,1010,392.049672,374.834118375,17.215553624999984
D2,2017-11-16 18:45:02.000000,1010,396.369909,374.8653968298611,21.504512170138923
D2,2017-11-16 18:50:02.000000,1010,395.266857,374.87624858333334,20.39060841666668
D2,2017-11-16 18:55:03.000000,1010,392.448079,374.8704161384083,17.577662861591705
D2,2017-11-16 19:00:03.000000,1010,405.301488,374.88753847750866,30.41394952249135
D2,2017-11-16 19:05:02.000000,1010,385.875788,375.02245616027875,10.85333183972125
D2,2017-11-16 19:10:01.000000,1010,391.099761,374.9673699201389,16.132391079861122
D2,2017-11-16 19:15:03.000000,1010,391.13047,375.06339879094077,16.067071209059236
D2,2017-11-16 19:20:04.000000,1010,394.408983,375.0372151840278,19.37176781597219
D2,2017-11-16 19:25:04.000000,1010,390.854651,375.02721465972223,15.827436340277757
D2,2017-11-16 19:30:02.000000,1010,404.121933,375.02721465972223,29.09471834027778
D2,2017-11-16 19:35:01.000000,1010,391.91184,375.1554796898955,16.75636031010447
D2,2017-11-16 19:40:02.000000,1010,393.750245,375.01460561245676,18.735639387543245
D2,2017-11-16 19:45:02.000000,1010,397.304376,375.08551664583337,22.218859354166625
D2,2017-11-16 19:50:05.000000,1010,392.049739,375.1429137013889,16.906825298611068
D2,2017-11-16 19:55:01.000000,1010,390.150007,375.1429137013889,15.007093298611096
D2,2017-11-16 20:00:00.000000,1010,390.762838,375.14546685416667,15.617371145833317
D2,2017-11-16 20:05:04.000000,1010,391.712637,375.25321874564463,16.45941825435534
D2,2017-11-16 20:10:03.000000,1010,389.966157,375.33776398611116,14.628393013888854
D2,2017-11-16 20:15:04.000000,1010,392.585821,375.4047883715278,17.181032628472224
D2,2017-11-16 20:20:03.000000,1010,384.742006,375.4047883715278,9.337217628472217
D2,2017-11-16 20:25:02.000000,1010,389.368703,375.52346498263887,13.845238017361112
D2,2017-11-16 20:30:01.000000,1010,395.940927,375.52346498263887,20.417462017361117
D2,2017-11-16 20:35:02.000000,1010,393.642899,375.5941073159722,18.048791684027776
D2,2017-11-16 20:40:04.000000,1010,393.65832,375.6490573055555,18.009262694444487
D2,2017-11-16 20:45:02.000000,1010,385.262957,375.6490573055555,9.613899694444456
D2,2017-11-16 20:50:00.000000,1010,391.390889,375.7000713194445,15.69081768055554
D2,2017-11-16 20:55:04.000000,1010,394.791946,375.80300289236106,18.98894310763893
D2,2017-11-16 21:00:05.000000,1010,396.875416,375.9047638159722,20.970652184027756
D2,2017-11-16 21:05:01.000000,1010,381.371724,375.9240735694445,5.447650430555484
D2,2017-11-16 21:10:00.000000,1010,387.254524,375.9240735694445,11.330450430555516
D2,2017-11-16 21:15:02.000000,1010,386.840941,376.0223768715278,10.81856412847219
D2,2017-11-16 21:20:01.000000,1010,389.276845,376.0479635,13.2288815
D2,2017-11-16 21:25:02.000000,1010,392.907658,376.08594464236114,16.821713357638885
D2,2017-11-16 21:30:03.000000,1010,382.030462,376.2311359372822,5.799326062717796
D2,2017-11-16 21:35:00.000000,1010,381.12648,376.1966419895833,4.929838010416688
D2,2017-11-16 21:40:04.000000,1010,389.230738,376.36553408333333,12.865203916666644
D2,2017-11-16 21:45:02.000000,1010,377.679561,376.36553408333333,1.3140269166666485
D2,2017-11-16 21:50:00.000000,1010,384.282405,376.4329316597222,7.849473340277768
D2,2017-11-16 21:55:03.000000,1010,385.845057,376.57996130555557,9.265095694444426
D2,2017-11-16 22:00:02.000000,1010,380.513693,376.57996130555557,3.9337316944444183
D2,2017-11-16 22:05:02.000000,1010,375.932926,376.6663495277778,-0.7334235277778021
D2,2017-11-16 22:10:02.000000,1010,388.909057,376.7808773020833,12.128179697916721
D2,2017-11-16 22:15:03.000000,1010,381.356303,376.8369975486111,4.519305451388902
D2,2017-11-16 22:20:03.000000,1010,380.299269,376.9747174285714,3.3245515714285716
D2,2017-11-16 22:25:02.000000,1010,379.609823,376.9775372222222,2.6322857777777813
D2,2017-11-16 22:30:01.000000,1010,378.39956,376.99634644636683,1.4032135536331793
D2,2017-11-16 22:35:01.000000,1010,370.279926,377.0827553819445,-6.802829381944491
D2,2017-11-16 22:40:02.000000,1010,371.260455,377.2143774740484,-5.953922474048397
D2,2017-11-16 22:45:01.000000,1010,370.877536,377.2972885381944,-6.419752538194359
D2,2017-11-16 22:50:02.000000,1010,385.845057,377.3912830659722,8.453773934027822
D2,2017-11-16 22:55:04.000000,1010,372.286936,377.52210246020763,-5.2351664602076085
D2,2017-11-16 23:00:01.000000,1010,371.93457,377.5675158993056,-5.632945899305582
D2,2017-11-16 23:05:03.000000,1010,380.054137,377.81657126041665,2.237565739583374
D2,2017-11-16 23:10:03.000000,1010,371.704702,377.8402167785467,-6.135514778546678
D2,2017-11-16 23:15:02.000000,1010,372.899745,377.90907649999997,-5.009331499999973
D2,2017-11-16 23:20:00.000000,1010,365.638075,377.9590791111111,-12.321004111111108
D2,2017-11-16 23:25:02.000000,1010,382.673845,378.05639338408304,4.617451615916934
D2,2017-11-16 23:30:03.000000,1010,374.401137,378.18355994097226,-3.7824229409722534
D2,2017-11-16 23:35:02.000000,1010,379.487346,378.2383218745645,1.2490241254354828
D2,2017-11-16 23:40:02.000000,1010,388.035917,378.2724477743056,9.763469225694394
D2,2017-11-16 23:45:01.000000,1010,377.31184,378.31686495486116,-1.0050249548611419
D2,2017-11-16 23:50:02.000000,1010,376.270072,378.4132000034722,-2.1431280034721567
D2,2017-11-16 23:55:05.000000,1010,381.341038,378.59533806597227,2.745699934027755
D3,2017-11-16 00:00:03.000000,1026,361.11859,366.0211905833333,-4.90260058333331
D3,2017-11-16 00:05:04.000000,1026,374.799299,366.0620436736111,8.737255326388947
D3,2017-11-16 00:10:02.000000,1026,386.243464,366.1197300174216,20.123733982578415
D3,2017-11-16 00:15:03.000000,1026,365.546083,366.12502531250004,-0.5789423125000326
D3,2017-11-16 00:20:05.000000,1026,370.954018,366.0890127395834,4.865005260416638
D3,2017-11-16 00:25:01.000000,1026,371.566938,366.0890127395834,5.477925260416612
D3,2017-11-16 00:30:01.000000,1026,371.04592,366.12481244791667,4.921107552083356
D3,2017-11-16 00:35:02.000000,1026,366.220109,366.11188604513893,0.10822295486104849
D3,2017-11-16 00:40:03.000000,1026,365.117146,366.12207792334493,-1.004931923344941
D3,2017-11-16 00:45:00.000000,1026,378.30759,366.08996959374997,12.217620406250035
D3,2017-11-16 00:50:01.000000,1026,375.105871,366.07996891666664,9.025902083333335
D3,2017-11-16 00:55:01.000000,1026,379.38,366.0233169340278,13.35668306597222
D3,2017-11-16 01:00:00.000000,1026,363.677038,365.98655890277774,-2.309520902777763
D3,2017-11-16 01:05:04.000000,1026,373.160165,365.89389403819445,7.26627096180556
D3,2017-11-16 01:10:03.000000,1026,376.423279,365.88357313840834,10.539705861591642
D3,2017-11-16 01:15:01.000000,1026,367.859465,365.9553340729167,1.9041309270833153
D3,2017-11-16 01:20:02.000000,1026,354.408401,365.9701221840278,-11.56172118402776
D3,2017-11-16 01:25:04.000000,1026,380.467787,365.98334312195124,14.48444387804875
D3,2017-11-16 01:30:02.000000,1026,368.947163,365.9372758466899,3.0098871533101033
D3,2017-11-16 01:35:01.000000,1026,368.793955,365.90245804166665,2.8914969583333345
D3,2017-11-16 01:40:03.000000,1026,372.562688,365.9266527665505,6.6360352334494905
D3,2017-11-16 01:45:04.000000,1026,365.929114,365.89633313240415,0.03278086759587495
D3,2017-11-16 01:50:01.000000,1026,363.738276,365.8784140104167,-2.140138010416706
D3,2017-11-16 01:55:01.000000,1026,369.958245,365.90671295833334,4.051532041666633
D3,2017-11-16 02:00:04.000000,1026,368.073867,365.90517028125004,2.1686967187499704
D3,2017-11-16 02:05:03.000000,1026,371.214593,365.8718177951389,5.342775204861084
D3,2017-11-16 02:10:02.000000,1026,379.763098,365.8718177951389,13.891280204861118
D3,2017-11-16 02:15:01.000000,1026,378.001264,365.87463712847216,12.126626871527833
D3,2017-11-16 02:20:02.000000,1026,361.608922,365.8789991423612,-4.270077142361174
D3,2017-11-16 02:25:03.000000,1026,371.214504,365.82542014532874,5.389083854671242
D3,2017-11-16 02:30:02.000000,1026,367.139378,365.82208121180554,1.3172967881944828
D3,2017-11-16 02:35:04.000000,1026,374.094566,365.76771759027775,8.326848409722231
D3,2017-11-16 02:40:01.000000,1026,366.741104,365.76771759027775,0.9733864097222522
D3,2017-11-16 02:45:02.000000,1026,380.391283,365.7585612334495,14.632721766550503
D3,2017-11-16 02:50:02.000000,1026,367.614288,365.8126347979094,1.801653202090563
D3,2017-11-16 02:55:03.000000,1026,354.23995,365.7476632326389,-11.507713232638878
D3,2017-11-16 03:00:04.000000,1026,369.62121,365.74569528472216,3.875514715277859
D3,2017-11-16 03:05:00.000000,1026,357.334569,365.74569528472216,-8.411126284722172
D3,2017-11-16 03:10:03.000000,1026,369.621299,365.8039426423611,3.8173563576389142
D3,2017-11-16 03:15:02.000000,1026,362.956994,365.82563288581315,-2.868638885813141
D3,2017-11-16 03:20:00.000000,1026,373.834279,365.8112303784722,8.023048621527778
D3,2017-11-16 03:25:02.000000,1026,373.772907,365.929798449827,7.843108550172985
D3,2017-11-16 03:30:01.000000,1026,357.411162,365.9215554618056,-8.51039346180562
D3,2017-11-16 03:35:02.000000,1026,376.04036,365.9581478919861,10.082212108013948
D3,2017-11-16 03:40:02.000000,1026,373.328638,365.9877296215278,7.340908378472193
D3,2017-11-16 03:45:01.000000,1026,356.660433,365.9877296215278,-9.327296621527807
D3,2017-11-16 03:50:03.000000,1026,368.686743,365.9214224390244,2.7653205609755673
D3,2017-11-16 03:55:04.000000,1026,373.742355,365.8859149965278,7.856440003472187
D3,2017-11-16 04:00:02.000000,1026,371.919216,365.8859149965278,6.033301003472218
D3,2017-11-16 04:05:03.000000,1026,364.749425,365.90644809027776,-1.1570230902777894
D3,2017-11-16 04:10:02.000000,1026,348.203897,365.89293678819445,-17.689039788194464
D3,2017-11-16 04:15:02.000000,1026,363.92217,365.9078842951389,-1.985714295138905
D3,2017-11-16 04:20:02.000000,1026,368.656079,365.91745908680554,2.738619913194441
D3,2017-11-16 04:25:02.000000,1026,367.553072,365.85133816319444,1.7017338368055448
D3,2017-11-16 04:30:04.000000,1026,369.789705,365.84958269444445,3.940122305555576
D3,2017-11-16 04:35:00.000000,1026,366.29679,365.84958269444445,0.447207305555537
D3,2017-11-16 04:40:02.000000,1026,359.923658,365.8767872214533,-5.95312922145331
D3,2017-11-16 04:45:03.000000,1026,363.477923,365.8385716979167,-2.3606486979167016
D3,2017-11-16 04:50:02.000000,1026,368.717318,365.8266926782007,2.890625321799291
D3,2017-11-16 04:55:03.000000,1026,365.469468,365.87811320415227,-0.4086452041522648
D3,2017-11-16 05:00:02.000000,1026,374.293769,365.8328274097222,8.460941590277798
D3,2017-11-16 05:05:02.000000,1026,366.296813,365.86311131141866,0.43370168858132274
D3,2017-11-16 05:10:02.000000,1026,352.064466,365.8669781215278,-13.802512121527798
D3,2017-11-16 05:15:04.000000,1026,365.285575,365.85782844444446,-0.5722534444444705
D3,2017-11-16 05:20:03.000000,1026,364.933319,365.82859510801393,-0.8952761080139453
D3,2017-11-16 05:25:02.000000,1026,356.200965,365.8231948131488,-9.622229813148806
D3,2017-11-16 05:30:02.000000,1026,356.905677,365.8212845902778,-8.915607590277773
D3,2017-11-16 05:35:03.000000,1026,379.809049,365.8705864186851,13.938462581314923
D3,2017-11-16 05:40:02.000000,1026,354.193954,365.8474922787456,-11.6535382787456
D3,2017-11-16 05:45:03.000000,1026,363.799715,365.945755183391,-2.146040183390994
D3,2017-11-16 05:50:04.000000,1026,363.033609,365.86473362369344,-2.8311246236934267
D3,2017-11-16 05:55:05.000000,1026,369.483445,365.87197849305556,3.6114665069444527
D3,2017-11-16 06:00:02.000000,1026,362.865136,365.87197849305556,-3.006842493055558
D3,2017-11-16 06:05:04.000000,1026,354.086698,365.77815092682926,-11.691452926829243
D3,2017-11-16 06:10:02.000000,1026,369.529308,365.84418583391005,3.6851221660899682
D3,2017-11-16 06:15:03.000000,1026,368.870481,365.8208009512195,3.0496800487804876
D3,2017-11-16 06:20:03.000000,1026,363.784339,365.8886087128028,-2.104269712802818
D3,2017-11-16 06:25:03.000000,1026,355.159241,365.861797010453,-10.702556010453009
D3,2017-11-16 06:30:03.000000,1026,359.877818,365.7734621006944,-5.895644100694426
D3,2017-11-16 06:35:04.000000,1026,361.134011,365.7734621006944,-4.63945110069443
D3,2017-11-16 06:40:02.000000,1026,364.856637,365.81362405208336,-0.9569870520833774
D3,2017-11-16 06:45:03.000000,1026,360.10753,365.94224872569447,-5.834718725694472
D3,2017-11-16 06:50:02.000000,1026,357.472467,365.94224872569447,-8.469781725694475
D3,2017-11-16 06:55:03.000000,1026,362.589362,365.91937503472224,-3.330013034722242
D3,2017-11-16 07:00:03.000000,1026,364.764779,365.9072999375,-1.1425209375000236
D3,2017-11-16 07:05:00.000000,1026,366.541923,365.93671676041663,0.6052062395833673
D3,2017-11-16 07:10:02.000000,1026,359.035098,365.95381278892734,-6.918714788927332
D3,2017-11-16 07:15:01.000000,1026,355.588223,365.94549386458334,-10.357270864583313
D3,2017-11-16 07:20:02.000000,1026,350.532544,365.92926946874996,-15.396725468749992
D3,2017-11-16 07:25:01.000000,1026,361.271709,365.9563986979167,-4.684689697916724
D3,2017-11-16 07:30:05.000000,1026,355.113134,366.0243275520833,-10.911193552083319
D3,2017-11-16 07:35:00.000000,1026,371.857999,366.0243275520833,5.833671447916686
D3,2017-11-16 07:40:02.000000,1026,350.747035,366.03650888541665,-15.289473885416669
D3,2017-11-16 07:45:03.000000,1026,361.731488,366.02235890625,-4.2908709062500066
D3,2017-11-16 07:50:03.000000,1026,354.944684,366.0003708466899,-11.055686846689923
D3,2017-11-16 07:55:04.000000,1026,378.706064,366.06342455208335,12.642639447916679
D3,2017-11-16 08:00:01.000000,1026,348.387725,366.10361887197234,-17.715893871972355
D3,2017-11-16 08:05:01.000000,1026,361.838611,366.08385125,-4.245240249999995
D3,2017-11-16 08:10:00.000000,1026,360.674365,366.14598280902777,-5.471617809027748
D3,2017-11-16 08:15:01.000000,1026,369.100348,366.1741751319444,2.9261728680555734
D3,2017-11-16 08:20:03.000000,1026,368.257694,366.2120744390244,2.045619560975638
D3,2017-11-16 08:25:01.000000,1026,361.716201,366.25279633680555,-4.536595336805533
D3,2017-11-16 08:30:03.000000,1026,373.941469,366.3730175121107,7.568451487889263
D3,2017-11-16 08:35:03.000000,1026,356.767689,366.4578341937716,-9.69014519377157
D3,2017-11-16 08:40:02.000000,1026,367.47639,366.3914306480836,1.0849593519163818
D3,2017-11-16 08:45:04.000000,1026,345.277685,366.4782430311419,-21.200558031141895
D3,2017-11-16 08:50:00.000000,1026,362.972349,366.48541589930556,-3.5130668993055565
D3,2017-11-16 08:55:02.000000,1026,363.677127,366.47546822569444,-2.7983412256944575
D3,2017-11-16 09:00:03.000000,1026,360.214764,366.4333328501742,-6.218568850174222
D3,2017-11-16 09:05:00.000000,1026,361.808036,366.4631262604167,-4.655090260416671
D3,2017-11-16 09:10:01.000000,1026,355.542183,366.5366062318339,-10.994423231833878
D3,2017-11-16 09:15:04.000000,1026,351.267831,366.49616033680553,-15.22832933680553
D3,2017-11-16 09:20:01.000000,1026,347.437881,366.49616033680553,-19.058279336805526
D3,2017-11-16 09:25:04.000000,1026,358.023971,366.5673341006944,-8.543363100694364
D3,2017-11-16 09:30:01.000000,1026,356.507314,366.5673341006944,-10.060020100694373
D3,2017-11-16 09:35:05.000000,1026,357.855453,366.62675226041665,-8.77129926041664
D3,2017-11-16 09:40:00.000000,1026,352.478228,366.62675226041665,-14.14852426041665
D3,2017-11-16 09:45:03.000000,1026,353.075616,366.63919985416663,-13.563583854166609
D3,2017-11-16 09:50:04.000000,1026,362.160403,366.6958490346021,-4.535446034602103
D3,2017-11-16 09:55:02.000000,1026,353.9488,366.6514342673611,-12.702634267361077
D3,2017-11-16 10:00:03.000000,1026,350.7623,366.5928669548611,-15.830566954861126
D3,2017-11-16 10:05:02.000000,1026,357.993374,366.5928669548611,-8.599492954861091
D3,2017-11-16 10:10:03.000000,1026,358.897355,366.6263266840278,-7.728971684027783
D3,2017-11-16 10:15:04.000000,1026,353.50462,366.6611159965278,-13.156495996527838
D3,2017-11-16 10:20:01.000000,1026,353.458713,366.6611159965278,-13.202402996527837
D3,2017-11-16 10:25:04.000000,1026,358.161825,366.7256406979167,-8.563815697916652
D3,2017-11-16 10:30:01.000000,1026,360.27607,366.7256406979167,-6.44957069791667
D3,2017-11-16 10:35:05.000000,1026,358.560209,366.70420290625003,-8.143993906250046
D3,2017-11-16 10:40:04.000000,1026,361.471024,366.6824998611111,-5.211475861111126
D3,2017-11-16 10:45:02.000000,1026,352.646678,366.7153037197232,-14.068625719723173
D3,2017-11-16 10:50:04.000000,1026,356.629947,366.6860641840278,-10.056117184027812
D3,2017-11-16 10:55:04.000000,1026,353.29004,366.6224573310105,-13.332417331010504
D3,2017-11-16 11:00:02.000000,1026,356.813774,366.66096851903114,-9.84719451903112
D3,2017-11-16 11:05:01.000000,1026,348.096619,366.6190918784722,-18.52247287847223
D3,2017-11-16 11:10:03.000000,1026,347.621663,366.62191113541667,-19.000248135416655
D3,2017-11-16 11:15:04.000000,1026,360.521158,366.62403909722224,-6.102881097222223
D3,2017-11-16 11:20:01.000000,1026,355.909748,366.6560377231834,-10.746289723183395
D3,2017-11-16 11:25:04.000000,1026,350.04228,366.61457054513886,-16.572290545138856
D3,2017-11-16 11:30:02.000000,1026,365.438871,366.61457054513886,-1.1756995451388548
D3,2017-11-16 11:35:00.000000,1026,362.849805,366.62606027777775,-3.77625527777775
D3,2017-11-16 11:40:05.000000,1026,351.252476,366.7164906354167,-15.464014635416675
D3,2017-11-16 11:45:03.000000,1026,360.076844,366.71641672664356,-6.639572726643564
D3,2017-11-16 11:50:02.000000,1026,358.330431,366.6712220694444,-8.340791069444435
D3,2017-11-16 11:55:02.000000,1026,353.994751,366.6366985520833,-12.641947552083309
D3,2017-11-16 12:00:02.000000,1026,351.022743,366.59877103472223,-15.576028034722242
D3,2017-11-16 12:05:03.000000,1026,368.839817,366.67116875694444,2.168648243055543
D3,2017-11-16 12:10:03.000000,1026,354.056079,366.581727456446,-12.525648456445992
D3,2017-11-16 12:15:00.000000,1026,361.762085,366.60823920138887,-4.846154201388856
D3,2017-11-16 12:20:04.000000,1026,348.479605,366.71911943598616,-18.239514435986166
D3,2017-11-16 12:25:03.000000,1026,366.158937,366.69787187152775,-0.538934871527772
D3,2017-11-16 12:30:04.000000,1026,355.710656,366.7746315277778,-11.063975527777814
D3,2017-11-16 12:35:02.000000,1026,362.298301,366.8356361626298,-4.537335162629802
D3,2017-11-16 12:40:05.000000,1026,356.874879,366.85947668750003,-9.984597687500013
D3,2017-11-16 12:45:02.000000,1026,348.831971,366.8195877909408,-17.987616790940763
D3,2017-11-16 12:50:05.000000,1026,343.408728,366.8529337847222,-23.444205784722215
D3,2017-11-16 12:55:01.000000,1026,353.856897,366.8529337847222,-12.996036784722207
D3,2017-11-16 13:00:05.000000,1026,353.167518,366.91650139930556,-13.748983399305587
D3,2017-11-16 13:05:03.000000,1026,349.98093,366.91650139930556,-16.93557139930556
D3,2017-11-16 13:10:02.000000,1026,362.911154,366.95384386458335,-4.042689864583338
D3,2017-11-16 13:15:03.000000,1026,366.220175,366.9511312395833,-0.7309562395832927
D3,2017-11-16 13:20:03.000000,1026,365.592101,367.0279976770833,-1.4358966770832922
D3,2017-11-16 13:25:05.000000,1026,353.718977,367.0239549236111,-13.30497792361109
D3,2017-11-16 13:30:03.000000,1026,355.909748,367.0172538501742,-11.10750585017422
D3,2017-11-16 13:35:01.000000,1026,349.735886,367.0233166354167,-17.287430635416683
D3,2017-11-16 13:40:03.000000,1026,361.838655,367.0877547093425,-5.249099709342488
D3,2017-11-16 13:45:04.000000,1026,360.735626,367.09628939100344,-6.360663391003413
D3,2017-11-16 13:50:01.000000,1026,365.484778,367.1075273910035,-1.622749391003481
D3,2017-11-16 13:55:04.000000,1026,357.549105,367.10933412891984,-9.560229128919843
D3,2017-11-16 14:00:03.000000,1026,354.944684,367.15820542560556,-12.213521425605563
D3,2017-11-16 14:05:02.000000,1026,360.230118,367.17315434256057,-6.943036342560561
D3,2017-11-16 14:10:02.000000,1026,357.564392,367.1591215694445,-9.594729569444496
D3,2017-11-16 14:15:01.000000,1026,359.586646,367.1731117604167,-7.586465760416729
D3,2017-11-16 14:20:04.000000,1026,362.451464,367.25726485416664,-4.805800854166648
D3,2017-11-16 14:25:01.000000,1026,360.827529,367.25726485416664,-6.4297358541666085
D3,2017-11-16 14:30:03.000000,1026,363.615843,367.2748721423611,-3.6590291423611347
D3,2017-11-16 14:35:02.000000,1026,356.85977,367.2748721423611,-10.415102142361093
D3,2017-11-16 14:40:03.000000,1026,351.804069,367.2767855365854,-15.47271653658538
D3,2017-11-16 14:45:02.000000,1026,367.568337,367.2998738715278,0.2684631284722059
D3,2017-11-16 14:50:03.000000,1026,348.219229,367.27210612152777,-19.052877121527786
D3,2017-11-16 14:55:02.000000,1026,365.92907,367.27210612152777,-1.3430361215277458
D3,2017-11-16 15:00:03.000000,1026,364.366461,367.31992784375,-2.953466843749993
D3,2017-11-16 15:05:02.000000,1026,374.508238,367.33294113937285,7.1752968606271565
D3,2017-11-16 15:10:04.000000,1026,365.469535,367.43105100347225,-1.9615160034722408
D3,2017-11-16 15:15:01.000000,1026,365.637986,367.43105100347225,-1.7930650034722362
D3,2017-11-16 15:20:02.000000,1026,370.034904,367.44349060278745,2.591413397212534
D3,2017-11-16 15:25:00.000000,1026,391.5135,367.5122256006945,24.001274399305544
D3,2017-11-16 15:30:02.000000,1026,361.716156,367.49201270034837,-5.775856700348356
D3,2017-11-16 15:35:03.000000,1026,365.745354,367.5078130696864,-1.762459069686372
D3,2017-11-16 15:40:00.000000,1026,368.303668,367.5429190034722,0.7607489965278091
D3,2017-11-16 15:45:02.000000,1026,347.759584,367.5719101701389,-19.812326170138874
D3,2017-11-16 15:50:05.000000,1026,367.598912,367.5613244409722,0.03758755902777011
D3,2017-11-16 15:55:02.000000,1026,357.947378,367.5613244409722,-9.6139464409722
D3,2017-11-16 16:00:03.000000,1026,369.054397,367.51042907665504,1.543967923344951
D3,2017-11-16 16:05:03.000000,1026,365.57677,367.51687293079584,-1.940102930795831
D3,2017-11-16 16:10:04.000000,1026,365.132411,367.6057417777778,-2.4733307777777895
D3,2017-11-16 16:15:03.000000,1026,363.814936,367.6516486354167,-3.8367126354166885
D3,2017-11-16 16:20:04.000000,1026,363.41664,367.6625003125,-4.245860312500042
D3,2017-11-16 16:25:00.000000,1026,354.148026,367.6625003125,-13.514474312499999
D3,2017-11-16 16:30:02.000000,1026,372.378772,367.6864908715277,4.6922811284723025
D3,2017-11-16 16:35:03.000000,1026,368.211832,367.67393111498257,0.53790088501745
D3,2017-11-16 16:40:01.000000,1026,370.356563,367.68106499652777,2.675498003472228
D3,2017-11-16 16:45:03.000000,1026,360.076799,367.71675893055556,-7.6399599305555626
D3,2017-11-16 16:50:00.000000,1026,376.178236,367.7382495729167,8.43998642708334
D3,2017-11-16 16:55:02.000000,1026,379.701815,367.72691915972223,11.974895840277782
D3,2017-11-16 17:00:02.000000,1026,366.664422,367.7526121840277,-1.0881901840277237
D3,2017-11-16 17:05:00.000000,1026,368.196478,367.7431437881944,0.4533342118056112
D3,2017-11-16 17:10:02.000000,1026,365.454159,367.7466547222223,-2.29249572222227
D3,2017-11-16 17:15:00.000000,1026,376.331377,367.8317655972222,8.49961140277776
D3,2017-11-16 17:20:03.000000,1026,369.192295,367.8707043611111,1.3215906388888925
D3,2017-11-16 17:25:01.000000,1026,360.90421,367.8530436805556,-6.948833680555595
D3,2017-11-16 17:30:03.000000,1026,373.466492,367.9843801284722,5.48211187152782
D3,2017-11-16 17:35:00.000000,1026,381.279821,367.9843801284722,13.29544087152783
D3,2017-11-16 17:40:04.000000,1026,380.084801,367.974833271777,12.109967728223012
D3,2017-11-16 17:45:02.000000,1026,380.008163,367.98586934027776,12.022293659722266
D3,2017-11-16 17:50:04.000000,1026,368.977826,367.982304532872,0.9955214671280146
D3,2017-11-16 17:55:02.000000,1026,369.927559,367.99948750347227,1.928071496527707
D3,2017-11-16 18:00:04.000000,1026,369.084994,368.05709634375,1.0278976562499906
D3,2017-11-16 18:05:04.000000,1026,387.683462,368.11016490657437,19.57329709342565
D3,2017-11-16 18:10:00.000000,1026,362.956928,368.15885749999995,-5.201929499999949
D3,2017-11-16 18:15:03.000000,1026,373.42063,368.1483782395833,5.2722517604167365
D3,2017-11-16 18:20:01.000000,1026,377.817415,368.13454767708333,9.68286732291665
D3,2017-11-16 18:25:05.000000,1026,361.179962,368.21997734722225,-7.0400153472222655
D3,2017-11-16 18:30:02.000000,1026,363.0183,368.19476883737025,-5.176468837370237
D3,2017-11-16 18:35:04.000000,1026,382.735173,368.2236471388889,14.511525861111068
D3,2017-11-16 18:40:02.000000,1026,388.725341,368.2713091527778,20.45403184722221
D3,2017-11-16 18:45:02.000000,1026,381.371613,368.2539680451389,13.117644954861134
D3,2017-11-16 18:50:02.000000,1026,366.204866,368.26614984375,-2.0612838437500045
D3,2017-11-16 18:55:03.000000,1026,376.28547,368.3312702249135,7.954199775086465
D3,2017-11-16 19:00:03.000000,1026,383.378623,368.3328603114187,15.045762688581306
D3,2017-11-16 19:05:02.000000,1026,361.608899,368.35153285017424,-6.742633850174229
D3,2017-11-16 19:10:01.000000,1026,369.851077,368.3549839027778,1.4960930972221718
D3,2017-11-16 19:15:03.000000,1026,368.87057,368.4575449163763,0.4130250836236655
D3,2017-11-16 19:20:04.000000,1026,378.843873,368.42679580208335,10.417077197916626
D3,2017-11-16 19:25:04.000000,1026,370.693598,368.4019543194444,2.2916436805555804
D3,2017-11-16 19:30:02.000000,1026,388.939654,368.4019543194444,20.53769968055559
D3,2017-11-16 19:35:01.000000,1026,373.757575,368.41548160278745,5.342093397212523
D3,2017-11-16 19:40:02.000000,1026,379.625133,368.3417655121107,11.28336748788928
D3,2017-11-16 19:45:02.000000,1026,368.334309,368.40285832638887,-0.06854932638884748
D3,2017-11-16 19:50:05.000000,1026,378.813165,368.42780565972225,10.385359340277773
D3,2017-11-16 19:55:01.000000,1026,375.841112,368.42780565972225,7.413306340277757
D3,2017-11-16 20:00:00.000000,1026,377.679583,368.39301604166667,9.28656695833331
D3,2017-11-16 20:05:04.000000,1026,391.636155,368.46234748083623,23.173807519163745
D3,2017-11-16 20:10:03.000000,1026,377.786662,368.5641427951389,9.2225192048611
D3,2017-11-16 20:15:04.000000,1026,389.659719,368.58137789930555,21.078341100694445
D3,2017-11-16 20:20:03.000000,1026,377.939981,368.58137789930555,9.358603100694438
D3,2017-11-16 20:25:02.000000,1026,382.704531,368.63962548611113,14.064905513888846
D3,2017-11-16 20:30:01.000000,1026,381.877276,368.63962548611113,13.237650513888866
D3,2017-11-16 20:35:02.000000,1026,392.264185,368.62983782986106,23.634347170138938
D3,2017-11-16 20:40:04.000000,1026,381.264467,368.7248966875,12.539570312500018
D3,2017-11-16 20:45:02.000000,1026,376.607173,368.7248966875,7.882276312499982
D3,2017-11-16 20:50:00.000000,1026,392.785002,368.8506484791667,23.934353520833326
D3,2017-11-16 20:55:04.000000,1026,370.739549,368.91176863541665,1.8277803645833615
D3,2017-11-16 21:00:05.000000,1026,375.013835,368.96464358680555,6.049191413194421
D3,2017-11-16 21:05:01.000000,1026,386.442601,369.03853028819447,17.40407071180556
D3,2017-11-16 21:10:00.000000,1026,377.664207,369.03853028819447,8.62567671180551
D3,2017-11-16 21:15:02.000000,1026,375.274299,369.10475721874997,6.169541781250018
D3,2017-11-16 21:20:01.000000,1026,379.609734,369.16874994444447,10.440984055555532
D3,2017-11-16 21:25:02.000000,1026,372.807821,369.28636276736114,3.5214582326388495
D3,2017-11-16 21:30:03.000000,1026,389.629211,369.3846424947735,20.244568505226482
D3,2017-11-16 21:35:00.000000,1026,377.158566,369.39003870833335,7.768527291666658
D3,2017-11-16 21:40:04.000000,1026,372.639214,369.5758993368056,3.063314663194376
D3,2017-11-16 21:45:02.000000,1026,369.268888,369.5758993368056,-0.30701133680560133
D3,2017-11-16 21:50:00.000000,1026,383.010813,369.6472330381945,13.363579961805499
D3,2017-11-16 21:55:03.000000,1026,372.486051,369.78532579513893,2.700725204861044
D3,2017-11-16 22:00:02.000000,1026,376.423302,369.78532579513893,6.637976204861047
D3,2017-11-16 22:05:02.000000,1026,379.563939,369.86910724305557,9.694831756944438
D3,2017-11-16 22:10:02.000000,1026,374.156049,369.94038778472225,4.215661215277748
D3,2017-11-16 22:15:03.000000,1026,376.62255,370.00767835069445,6.614871649305542
D3,2017-11-16 22:20:03.000000,1026,385.477448,370.16067643554004,15.316771564459941
D3,2017-11-16 22:25:02.000000,1026,380.115442,370.2165721423611,9.898869857638886
D3,2017-11-16 22:30:01.000000,1026,373.405209,370.36426671972316,3.0409422802768518
D3,2017-11-16 22:35:01.000000,1026,379.517921,370.39929518055555,9.118625819444446
D3,2017-11-16 22:40:02.000000,1026,376.178214,370.5164057647059,5.6618082352941315
D3,2017-11-16 22:45:01.000000,1026,376.162815,370.5478133402778,5.615001659722225
D3,2017-11-16 22:50:02.000000,1026,379.824448,370.65792571527777,9.166522284722248
D3,2017-11-16 22:55:04.000000,1026,367.767541,370.76051783391006,-2.9929768339100633
D3,2017-11-16 23:00:01.000000,1026,376.607107,370.82117921527777,5.785927784722219
D3,2017-11-16 23:05:03.000000,1026,376.760337,371.00432767361116,5.756009326388835
D3,2017-11-16 23:10:03.000000,1026,370.310678,370.9935515155709,-0.6828735155709182
D3,2017-11-16 23:15:02.000000,1026,370.892779,371.07470390625,-0.18192490625000346
D3,2017-11-16 23:20:00.000000,1026,375.871642,371.1355582708333,4.736083729166694
D3,2017-11-16 23:25:02.000000,1026,363.140933,371.2971424048443,-8.156209404844276
D3,2017-11-16 23:30:03.000000,1026,373.972066,371.4499907986111,2.5220752013888728
D3,2017-11-16 23:35:02.000000,1026,379.012391,371.47995660278747,7.532434397212512
D3,2017-11-16 23:40:02.000000,1026,379.870243,371.4964293923611,8.373813607638908
D3,2017-11-16 23:45:01.000000,1026,366.695131,371.5967541875,-4.901623187499979
D3,2017-11-16 23:50:02.000000,1026,374.722818,371.6802695347222,3.0425484652778323
D3,2017-11-16 23:55:05.000000,1026,363.906949,371.8573539097222,-7.950404909722181
