date,level,n_observations,offset_ppm,cosine_ppm,sine_ppm,amplitude_ppm,peak_hour_local,peak_time_local,r_squared
2017-11-16 00:00:00.000000,D1,288,-0.2748825443755656,-17.26789391924447,-9.831492966645367,19.87054137056858,13.977004456289816,13:59,0.6978185768142413
2017-11-16 00:00:00.000000,D2,288,-0.20649168285888528,2.565282222905118,-19.226027259416288,19.39641196363315,18.50666324800822,18:30,0.8115231844930485
2017-11-16 00:00:00.000000,D3,288,-0.6363756008983448,8.076197836222043,-3.902764200292169,8.969756958406386,22.280545333109078,22:17,0.44119372300925785
2017-11-17 00:00:00.000000,D1,288,0.0009498648980156918,-20.744866194876757,-10.114182345392951,23.07912818888961,13.732773278433623,13:44,0.71901850329955
2017-11-17 00:00:00.000000,D2,288,0.4367702916338144,-4.855451582934389,-21.626772432571826,22.165123413246963,17.15641857485107,17:09,0.806989006863514
2017-11-17 00:00:00.000000,D3,288,0.9312933006915031,3.0171620923675864,-8.239824263015267,8.774848772314828,19.34074179514507,19:20,0.37849511196463004
2017-11-18 00:00:00.000000,D1,288,0.1794332440050412,-18.13612603300192,-11.625045108503095,21.54206910349286,14.177293164387864,14:11,0.6320570767384053
2017-11-18 00:00:00.000000,D2,288,-0.08882108804364791,-0.8469006068559994,-20.770707004282208,20.78796551121901,17.844341787402534,17:51,0.850181447709611
2017-11-18 00:00:00.000000,D3,288,-0.20528211489001855,4.196183475170607,-7.888153420782025,8.934815059478849,19.867413262760294,19:52,0.456957065747422
2017-11-19 00:00:00.000000,D1,288,0.41216159057953766,-21.112650666634778,-10.337155440124555,23.50746266113488,13.739149957071653,13:44,0.7352961415020098
2017-11-19 00:00:00.000000,D2,288,0.3306208143580614,-3.1169277560198285,-19.889698364867897,20.132444950419597,17.406238521179848,17:24,0.7733017680748424
2017-11-19 00:00:00.000000,D3,288,0.04313312980578141,3.0663710121281227,-4.714797320358127,5.624228387616902,20.20258924551557,20:12,0.24261111512704314
2017-11-20 00:00:00.000000,D1,288,0.3815352036515928,-17.234354895818196,-13.243158404323717,21.734862161905294,14.502617396910232,14:30,0.772785368708542
2017-11-20 00:00:00.000000,D2,288,0.798262773931325,-0.23212531405793158,-22.104746111214055,22.1059648692985,17.959890025716348,17:58,0.85425757999342
2017-11-20 00:00:00.000000,D3,288,1.1462986212072162,5.346382746406263,-7.392323608888096,9.123061811124316,20.39171654105987,20:24,0.4278158310068496
2017-11-21 00:00:00.000000,D1,288,-0.3006013183990209,-21.205740718179648,-15.941844812115015,26.529716459476546,14.46231706709592,14:28,0.7753055908410795
2017-11-21 00:00:00.000000,D2,288,-0.628152985742736,-6.824234253315337,-25.64480199961975,26.537257634198443,17.006572074380045,17:00,0.7869940057754252
2017-11-21 00:00:00.000000,D3,288,-1.0274278560010013,-1.3049620392280579,-11.831304146678812,11.903053546676395,17.580391082009594,17:35,0.48511997198503554
2017-11-22 00:00:00.000000,D1,288,-0.06984578063328913,-18.214068803209894,-9.463557460243129,20.525867147854857,13.830347839856843,13:50,0.6088883047635134
2017-11-22 00:00:00.000000,D2,288,-0.33195021662541785,-4.083588357207386,-17.89832659649937,18.358262140684136,17.14317924453278,17:09,0.6587212659191668
2017-11-22 00:00:00.000000,D3,288,0.28236207789139944,2.764627864455287,-4.612495019312289,5.377571713338956,20.06250288976506,20:04,0.13151908425528247
2017-11-23 00:00:00.000000,D1,288,1.0773225482598399,-23.698938905914805,-16.271863423822744,28.747404135848907,14.298251670515668,14:18,0.8243329159165387
2017-11-23 00:00:00.000000,D2,288,1.550460167579511,-5.845974528156667,-25.96720584827346,26.617122266512283,17.154171630962455,17:09,0.8487450056492294
2017-11-23 00:00:00.000000,D3,288,0.5892252965053918,-0.4736403329450063,-10.529247884792676,10.539895454149596,17.828292199086746,17:50,0.5191558053782628
2017-11-24 00:00:00.000000,D1,288,-0.9548605232137265,-22.027299176382698,-16.873998982179074,27.74768009503588,14.496926532388068,14:30,0.5940682824652732
2017-11-24 00:00:00.000000,D2,288,-1.3646078001844224,-5.658651056942677,-24.746341484450735,25.38506940406675,17.141322662648605,17:08,0.8003878614330565
2017-11-24 00:00:00.000000,D3,288,-0.6461467682979971,-0.37858105852115465,-10.383113439683486,10.39001291236959,17.86079003860657,17:52,0.4292783231155918
