date,D1_records,D1_window,D2_records,D2_window,D3_records,D3_window,common_records,common_window
2017-11-01,False,False,False,False,False,False,False,False
2017-11-02,False,False,False,False,False,False,False,False
2017-11-03,False,False,False,False,False,False,False,False
2017-11-04,True,False,True,False,True,False,True,False
2017-11-05,True,False,True,False,True,False,True,False
2017-11-06,False,False,False,False,False,False,False,False
2017-11-07,True,True,True,True,True,True,True,True
2017-11-08,True,True,True,True,True,True,True,True
2017-11-09,True,True,True,True,True,True,True,True
2017-11-10,True,True,True,True,True,True,True,True
2017-11-11,True,False,True,False,True,False,True,False
2017-11-12,False,False,False,False,False,False,False,False
2017-11-13,False,False,False,False,False,False,False,False
2017-11-14,False,False,False,False,False,False,False,False
2017-11-15,False,False,False,False,False,False,False,False
2017-11-16,True,True,True,True,True,True,True,True
2017-11-17,True,True,True,True,True,True,True,True
2017-11-18,True,True,True,True,True,True,True,True
2017-11-19,True,True,True,True,True,True,True,True
2017-11-20,True,True,True,True,True,True,True,True
2017-11-21,True,True,True,True,True,True,True,True
2017-11-22,True,True,True,True,True,True,True,True
2017-11-23,True,True,True,True,True,True,True,True
2017-11-24,True,True,True,True,True,True,True,True
2017-11-25,True,False,True,False,True,False,True,False
2017-11-26,False,False,False,False,False,False,False,False
2017-11-27,False,False,False,False,False,False,False,False
2017-11-28,True,True,True,True,True,True,True,True
2017-11-29,True,True,True,True,True,True,True,True
2017-11-30,False,False,False,False,False,False,False,False
