date,pair,first_level,second_level,first_peak_hour_local,second_peak_hour_local,first_peak_time_local,second_peak_time_local,raw_difference_hours,lag_hours,first_r_squared,second_r_squared
2017-11-16 00:00:00.000000,D1 → D2,D1,D2,13.977004456289816,18.50666324800822,13:59,18:30,4.529658791718404,4.529658791718404,0.6978185768142413,0.8115231844930485
2017-11-16 00:00:00.000000,D2 → D3,D2,D3,18.50666324800822,22.280545333109078,18:30,22:17,3.7738820851008583,3.7738820851008583,0.8115231844930485,0.44119372300925785
2017-11-16 00:00:00.000000,D1 → D3,D1,D3,13.977004456289816,22.280545333109078,13:59,22:17,8.303540876819262,8.303540876819262,0.6978185768142413,0.44119372300925785
2017-11-17 00:00:00.000000,D1 → D2,D1,D2,13.732773278433623,17.15641857485107,13:44,17:09,3.4236452964174475,3.4236452964174475,0.71901850329955,0.806989006863514
2017-11-17 00:00:00.000000,D2 → D3,D2,D3,17.15641857485107,19.34074179514507,17:09,19:20,2.184323220294001,2.184323220294001,0.806989006863514,0.37849511196463004
2017-11-17 00:00:00.000000,D1 → D3,D1,D3,13.732773278433623,19.34074179514507,13:44,19:20,5.607968516711448,5.607968516711448,0.71901850329955,0.37849511196463004
2017-11-18 00:00:00.000000,D1 → D2,D1,D2,14.177293164387864,17.844341787402534,14:11,17:51,3.6670486230146704,3.6670486230146704,0.6320570767384053,0.850181447709611
2017-11-18 00:00:00.000000,D2 → D3,D2,D3,17.844341787402534,19.867413262760294,17:51,19:52,2.02307147535776,2.02307147535776,0.850181447709611,0.456957065747422
2017-11-18 00:00:00.000000,D1 → D3,D1,D3,14.177293164387864,19.867413262760294,14:11,19:52,5.6901200983724305,5.690120098372432,0.6320570767384053,0.456957065747422
2017-11-19 00:00:00.000000,D1 → D2,D1,D2,13.739149957071653,17.406238521179848,13:44,17:24,3.6670885641081945,3.6670885641081945,0.7352961415020098,0.7733017680748424
2017-11-19 00:00:00.000000,D2 → D3,D2,D3,17.406238521179848,20.20258924551557,17:24,20:12,2.7963507243357206,2.7963507243357206,0.7733017680748424,0.24261111512704314
2017-11-19 00:00:00.000000,D1 → D3,D1,D3,13.739149957071653,20.20258924551557,13:44,20:12,6.463439288443915,6.463439288443915,0.7352961415020098,0.24261111512704314
2017-11-20 00:00:00.000000,D1 → D2,D1,D2,14.502617396910232,17.959890025716348,14:30,17:58,3.457272628806116,3.457272628806116,0.772785368708542,0.85425757999342
2017-11-20 00:00:00.000000,D2 → D3,D2,D3,17.959890025716348,20.39171654105987,17:58,20:24,2.4318265153435235,2.4318265153435235,0.85425757999342,0.4278158310068496
2017-11-20 00:00:00.000000,D1 → D3,D1,D3,14.502617396910232,20.39171654105987,14:30,20:24,5.88909914414964,5.88909914414964,0.772785368708542,0.4278158310068496
2017-11-21 00:00:00.000000,D1 → D2,D1,D2,14.46231706709592,17.006572074380045,14:28,17:00,2.544255007284125,2.544255007284125,0.7753055908410795,0.7869940057754252
2017-11-21 00:00:00.000000,D2 → D3,D2,D3,17.006572074380045,17.580391082009594,17:00,17:35,0.5738190076295488,0.5738190076295488,0.7869940057754252,0.48511997198503554
2017-11-21 00:00:00.000000,D1 → D3,D1,D3,14.46231706709592,17.580391082009594,14:28,17:35,3.118074014913674,3.118074014913674,0.7753055908410795,0.48511997198503554
2017-11-22 00:00:00.000000,D1 → D2,D1,D2,13.830347839856843,17.14317924453278,13:50,17:09,3.312831404675938,3.312831404675938,0.6088883047635134,0.6587212659191668
2017-11-22 00:00:00.000000,D2 → D3,D2,D3,17.14317924453278,20.06250288976506,17:09,20:04,2.9193236452322786,2.9193236452322786,0.6587212659191668,0.13151908425528247
2017-11-22 00:00:00.000000,D1 → D3,D1,D3,13.830347839856843,20.06250288976506,13:50,20:04,6.232155049908217,6.232155049908215,0.6088883047635134,0.13151908425528247
2017-11-23 00:00:00.000000,D1 → D2,D1,D2,14.298251670515668,17.154171630962455,14:18,17:09,2.855919960446787,2.855919960446787,0.8243329159165387,0.8487450056492294
2017-11-23 00:00:00.000000,D2 → D3,D2,D3,17.154171630962455,17.828292199086746,17:09,17:50,0.674120568124291,0.674120568124291,0.8487450056492294,0.5191558053782628
2017-11-23 00:00:00.000000,D1 → D3,D1,D3,14.298251670515668,17.828292199086746,14:18,17:50,3.530040528571078,3.530040528571078,0.8243329159165387,0.5191558053782628
2017-11-24 00:00:00.000000,D1 → D2,D1,D2,14.496926532388068,17.141322662648605,14:30,17:08,2.644396130260537,2.644396130260537,0.5940682824652732,0.8003878614330565
2017-11-24 00:00:00.000000,D2 → D3,D2,D3,17.141322662648605,17.86079003860657,17:08,17:52,0.7194673759579651,0.7194673759579651,0.8003878614330565,0.4292783231155918
2017-11-24 00:00:00.000000,D1 → D3,D1,D3,14.496926532388068,17.86079003860657,14:30,17:52,3.363863506218502,3.363863506218502,0.5940682824652732,0.4292783231155918
