date,level,n_observations,offset_ppm,cosine_ppm,sine_ppm,amplitude_ppm,peak_hour_local,peak_time_local,r_squared,month
2017-10-02,D1,288,-0.35008977745479153,-10.216088967851906,-21.95584909835753,24.216271047147465,16.336491442904872,16:20,0.8560327498363476,October
2017-10-02,D2,288,-0.45781196849152117,6.837708209644283,-14.33350331089674,15.880918447108927,19.70021227970412,19:42,0.8096066552909518,October
2017-10-02,D3,288,-0.61498861407116,5.630374674958198,0.02983236885284979,5.630453707352722,0.02023847354013785,00:01,0.3150365840262026,October
2017-10-03,D1,288,1.770678320645719,-15.96519783212156,-23.618483945080747,28.508250133651067,15.729520046333127,15:44,0.7970093291582455,October
2017-10-03,D2,288,2.1942531229816864,9.179457943879381,-22.232790219392626,24.053261921888488,19.49564767322173,19:30,0.8323830185011416,October
2017-10-03,D3,288,1.230235340752393,12.197061929793609,-4.956474663193942,13.165673579657977,22.525655560196494,22:32,0.6647602222438826,October
2017-10-04,D1,288,-0.6132900564899643,-24.987907120867735,-25.18517076521082,35.47799781207984,15.01501776983685,15:01,0.7656673303818783,October
2017-10-04,D2,288,1.24358754368464,3.583166234007594,-37.91403839878653,38.082980292582036,18.35992355249151,18:22,0.8003419677868283,October
2017-10-04,D3,288,0.7473114732757882,10.967312922581572,-17.424418269814247,20.58864504486056,20.14581438581315,20:09,0.7160240298881679,October
2017-10-07,D1,288,0.18295078552731656,-25.538923597225423,-13.77853138840364,29.01869303959332,13.889823447697419,13:53,0.6949716382802227,October
2017-10-07,D2,288,0.0979143985208452,1.9650443859361246,-27.26193157777351,27.332660185022306,18.274850587494775,18:16,0.8555527931907965,October
2017-10-07,D3,288,0.03559797667532617,11.73510242633141,-7.626275141221113,13.995452886066118,21.798761560709487,21:48,0.6816133784314392,October
2017-10-08,D1,288,-0.5856627298418048,-27.41649223642806,-12.238514623162299,30.024078449329256,13.603708189763797,13:36,0.6921627980326995,October
2017-10-08,D2,288,-0.12440631202472055,-0.07302229860836107,-27.085462095703477,27.08556052943863,17.989702078629996,17:59,0.8604249000095121,October
2017-10-08,D3,288,-0.008402383094739176,11.264301709773841,-6.943558371890548,13.232441039833324,21.889961646498833,21:53,0.6723649127779878,October
2017-10-09,D1,288,0.13280758221406044,-26.939874802276567,-11.285194664037563,29.20808917008365,13.515263778748158,13:31,0.7488268780291021,October
2017-10-09,D2,288,0.047793936814881276,-1.1517324373656908,-26.76185522500036,26.78662693754403,17.83571464635236,17:50,0.8685114969348693,October
2017-10-09,D3,288,0.015469626838798838,10.655723826018347,-8.266958096314243,13.486550575391421,21.47965727534648,21:29,0.6815248439457628,October
2017-10-10,D1,288,0.11257388775745476,-27.66524017029544,-11.598119542830322,29.99803144557841,13.51632866072975,13:31,0.7589797643191115,October
2017-10-10,D2,288,-0.08998415694890192,-0.377071086731128,-27.439120120043086,27.44171087171137,17.94751235479046,17:57,0.8597148640336758,October
2017-10-10,D3,288,-0.1923865150006534,9.903336087414274,-7.583106746118316,12.473154115271205,21.503884888476698,21:30,0.690386582825557,October
2017-10-11,D1,288,-0.29135691300919686,-26.666521090697454,-10.10261402915162,28.516068405420537,13.383279840726189,13:23,0.8051639247881693,October
2017-10-11,D2,288,-0.07774479153844695,-0.6271192983091822,-26.02964451575819,26.0371978567405,17.90799121529163,17:54,0.8697016634059161,October
2017-10-11,D3,288,-0.12777926216749508,9.652900228675374,-6.951804037531198,11.895632063955079,21.615960384254457,21:37,0.6161109057304525,October
2017-10-15,D1,288,0.04525853062463263,-23.046455341033226,-12.477564477154809,26.2074172529037,13.895434996669355,13:54,0.776305861207709,October
2017-10-15,D2,288,-0.20887067528348274,2.4184339316438814,-24.764351662217553,24.882160998026354,18.371846484657283,18:22,0.8643684841303878,October
2017-10-15,D3,288,-0.04308070188694786,11.931760062436354,-6.475582516569622,13.575716081166892,22.100700908579118,22:06,0.6819124508769447,October
2017-10-16,D1,288,-0.5273386718138453,-24.788963167012597,-8.899873088854036,26.33819348196105,13.316629252023457,13:19,0.7567518293859676,October
2017-10-16,D2,288,-0.02223598752317376,-0.5874386477515117,-24.46742079988134,24.474471695285644,17.908309936967708,17:54,0.8284370585842062,October
2017-10-16,D3,288,0.01745736057054388,9.981808679491674,-7.173475492523267,12.292080993705145,21.61979349364714,21:37,0.6158028766189579,October
2017-10-17,D1,288,-0.06214362582555393,-16.980960504676354,-8.319055031080614,18.909248961064684,13.740030533590646,13:44,0.695844174602579,October
2017-10-17,D2,288,-0.9150892757649144,-2.1021848780101067,-19.331155329041373,19.44512143487047,17.58624692211892,17:35,0.822892391994673,October
2017-10-17,D3,288,0.18240518549096843,8.985571038994307,-6.374345143327099,11.01693073877979,21.643212723873507,21:39,0.5562703352715272,October
2017-10-18,D1,288,0.46752555486503383,-21.986306857148612,-9.026365795226415,23.767056374021866,13.488023388130012,13:29,0.7023978910562768,October
2017-10-18,D2,288,0.8584726639924909,-0.8575591886919973,-21.94969450305084,21.966440233669413,17.85084212979951,17:51,0.8048676243383655,October
2017-10-18,D3,288,0.012625549756449387,8.274615533453462,-7.938543146614208,11.46689711810151,21.079165212470436,21:05,0.5653251372471311,October
2017-10-19,D1,288,0.1679550153029861,-18.389554259708962,-11.99554789385629,21.956066932503646,14.207766744972723,14:12,0.7600088424377736,October
2017-10-19,D2,288,-0.5559937304084882,-0.6360927520297608,-19.4716720711668,19.482059111814696,17.87526332709253,17:53,0.8361202204269922,October
2017-10-19,D3,288,-0.32542415610051956,7.106944969992272,-5.470993480373165,8.968859262402557,21.49403887024241,21:30,0.4524073978388605,October
2017-10-20,D1,288,-0.45623947753250027,-22.474725067811633,-8.332340053962803,23.96958818270755,13.356126246164607,13:21,0.7503497786720321,October
2017-10-20,D2,288,0.4062373497112289,-0.573958223917872,-21.205875359977,21.21364131462778,17.896640729505073,17:54,0.7912547398674472,October
2017-10-20,D3,288,0.41987193325887784,8.872494799780545,-6.250226263789039,10.852948554226685,21.65581537850276,21:39,0.5367087977445111,October
2017-10-21,D1,288,-0.05320430647286926,-22.175242015225876,-9.548633405935764,24.143689824771844,13.553110347603948,13:33,0.7583170098477972,October
2017-10-21,D2,288,0.10636120025176571,0.5257755439463949,-21.572436747054965,21.578843044248213,18.093077900608556,18:06,0.8234496326403179,October
2017-10-21,D3,288,-0.07922928452995297,10.185976838238668,-6.71170622675711,12.19840664281302,21.77456409038747,21:46,0.6008537928684803,October
2017-10-22,D1,288,0.35751514143854496,-22.963893137699007,-8.867719799478937,24.61659689075097,13.407635274736872,13:24,0.7692123149269395,October
2017-10-22,D2,288,0.29654885943067294,-0.42693712334865097,-23.698689897843217,23.702535269068356,17.931194369609557,17:56,0.8447373595817562,October
2017-10-22,D3,288,0.05143900033757595,10.506150732907498,-6.882896119531109,12.559994514920346,21.784665545441655,21:47,0.5909688705157052,October
2017-10-25,D1,288,-0.08610028189896847,-19.975123774807546,-10.337279965255336,22.491441192127976,13.824127460447421,13:49,0.7040194508172369,October
2017-10-25,D2,288,-0.056920676602063486,0.572358499422704,-21.91963337202392,21.927104720318326,18.09971662006549,18:06,0.8375701370271966,October
2017-10-25,D3,288,0.10150606186720733,9.23022594417187,-5.141047964379786,10.565389020406066,22.058872216666387,22:04,0.5747975162028899,October
2017-10-26,D1,288,0.021369176550335992,-20.956378707013492,-11.313351114218808,23.815157399130587,13.890833188567777,13:53,0.6027374131871882,October
2017-10-26,D2,288,0.018671183736580756,0.21718054401114362,-21.18566393334167,21.18677709528259,18.039155700564784,18:02,0.822538525742019,October
2017-10-26,D3,288,-0.003408334773026782,9.957903583912339,-5.676634445831313,11.462286962822592,22.020941767507257,22:01,0.5616814026368414,October
2017-10-27,D1,288,0.4451200847511849,-18.57655589710849,-13.354845585633724,22.87881836141274,14.380845485846164,14:23,0.752811030223539,October
2017-10-27,D2,288,-0.20097873274164826,1.6725407418983327,-21.795508896630615,21.859588298877316,18.292543704305466,18:18,0.8295088790239987,October
2017-10-27,D3,288,-0.29788272604388066,9.456043572496938,-4.858313044536023,10.63108487802019,22.187124679569116,22:11,0.571233833106175,October
2017-10-28,D1,288,-0.12761252391679348,-17.689531279576727,-10.56657685377403,20.605146524541787,14.056756780353787,14:03,0.7355817068108744,October
2017-10-28,D2,288,0.04081228882972984,2.6806455953656685,-18.991292645324954,19.179547886963526,18.535619771367575,18:32,0.7933956587460465,October
2017-10-28,D3,288,0.3882732234941912,9.933999954785355,-4.438999648910042,10.880674289064023,22.394837318522043,22:24,0.569931783782462,October
2017-10-29,D1,288,-0.2920551965662554,-19.22006350125217,-10.557664765176314,21.92886513903561,13.918678958853938,13:55,0.6221242899364798,October
2017-10-29,D2,288,-0.07817901860576514,1.7539357794007806,-19.48447796954455,19.56326078300673,18.342915680649714,18:21,0.8025455501432806,October
2017-10-29,D3,288,-0.18053790160034908,8.803946884262466,-5.126563274885502,10.18779327196619,21.985842355834528,21:59,0.4959280278506466,October
2017-10-30,D1,288,-0.1688569166845309,-13.94141717520025,-9.145321838682086,16.673332731821915,14.217610843743431,14:13,0.6758452625699054,October
2017-10-30,D2,288,-1.001087060305503,1.6648673358743924,-13.788164050954439,13.888313473640125,18.45899416398652,18:28,0.7502238912711338,October
2017-10-30,D3,288,-0.3023885322334849,7.164993109408497,-2.1543035826957144,7.4818547288948904,22.884367088164556,22:53,0.36404337042045753,October
2017-11-16,D1,288,-0.2748825443755656,-17.26789391924447,-9.831492966645367,19.87054137056858,13.977004456289816,13:59,0.6978185768142413,November
2017-11-16,D2,288,-0.20649168285888528,2.565282222905118,-19.226027259416288,19.39641196363315,18.50666324800822,18:30,0.8115231844930485,November
2017-11-16,D3,288,-0.6363756008983448,8.076197836222043,-3.902764200292169,8.969756958406386,22.280545333109078,22:17,0.44119372300925785,November
2017-11-17,D1,288,0.0009498648980156918,-20.744866194876757,-10.114182345392951,23.07912818888961,13.732773278433623,13:44,0.71901850329955,November
2017-11-17,D2,288,0.4367702916338144,-4.855451582934389,-21.626772432571826,22.165123413246963,17.15641857485107,17:09,0.806989006863514,November
2017-11-17,D3,288,0.9312933006915031,3.0171620923675864,-8.239824263015267,8.774848772314828,19.34074179514507,19:20,0.37849511196463004,November
2017-11-18,D1,288,0.1794332440050412,-18.13612603300192,-11.625045108503095,21.54206910349286,14.177293164387864,14:11,0.6320570767384053,November
2017-11-18,D2,288,-0.08882108804364791,-0.8469006068559994,-20.770707004282208,20.78796551121901,17.844341787402534,17:51,0.850181447709611,November
2017-11-18,D3,288,-0.20528211489001855,4.196183475170607,-7.888153420782025,8.934815059478849,19.867413262760294,19:52,0.456957065747422,November
2017-11-19,D1,288,0.41216159057953766,-21.112650666634778,-10.337155440124555,23.50746266113488,13.739149957071653,13:44,0.7352961415020098,November
2017-11-19,D2,288,0.3306208143580614,-3.1169277560198285,-19.889698364867897,20.132444950419597,17.406238521179848,17:24,0.7733017680748424,November
2017-11-19,D3,288,0.04313312980578141,3.0663710121281227,-4.714797320358127,5.624228387616902,20.20258924551557,20:12,0.24261111512704314,November
2017-11-20,D1,288,0.3815352036515928,-17.234354895818196,-13.243158404323717,21.734862161905294,14.502617396910232,14:30,0.772785368708542,November
2017-11-20,D2,288,0.798262773931325,-0.23212531405793158,-22.104746111214055,22.1059648692985,17.959890025716348,17:58,0.85425757999342,November
2017-11-20,D3,288,1.1462986212072162,5.346382746406263,-7.392323608888096,9.123061811124316,20.39171654105987,20:24,0.4278158310068496,November
2017-11-21,D1,288,-0.3006013183990209,-21.205740718179648,-15.941844812115015,26.529716459476546,14.46231706709592,14:28,0.7753055908410795,November
2017-11-21,D2,288,-0.628152985742736,-6.824234253315337,-25.64480199961975,26.537257634198443,17.006572074380045,17:00,0.7869940057754252,November
2017-11-21,D3,288,-1.0274278560010013,-1.3049620392280579,-11.831304146678812,11.903053546676395,17.580391082009594,17:35,0.48511997198503554,November
2017-11-22,D1,288,-0.06984578063328913,-18.214068803209894,-9.463557460243129,20.525867147854857,13.830347839856843,13:50,0.6088883047635134,November
2017-11-22,D2,288,-0.33195021662541785,-4.083588357207386,-17.89832659649937,18.358262140684136,17.14317924453278,17:09,0.6587212659191668,November
2017-11-22,D3,288,0.28236207789139944,2.764627864455287,-4.612495019312289,5.377571713338956,20.06250288976506,20:04,0.13151908425528247,November
2017-11-23,D1,288,1.0773225482598399,-23.698938905914805,-16.271863423822744,28.747404135848907,14.298251670515668,14:18,0.8243329159165387,November
2017-11-23,D2,288,1.550460167579511,-5.845974528156667,-25.96720584827346,26.617122266512283,17.154171630962455,17:09,0.8487450056492294,November
2017-11-23,D3,288,0.5892252965053918,-0.4736403329450063,-10.529247884792676,10.539895454149596,17.828292199086746,17:50,0.5191558053782628,November
2017-11-24,D1,288,-0.9548605232137265,-22.027299176382698,-16.873998982179074,27.74768009503588,14.496926532388068,14:30,0.5940682824652732,November
2017-11-24,D2,288,-1.3646078001844224,-5.658651056942677,-24.746341484450735,25.38506940406675,17.141322662648605,17:08,0.8003878614330565,November
2017-11-24,D3,288,-0.6461467682979971,-0.37858105852115465,-10.383113439683486,10.39001291236959,17.86079003860657,17:52,0.4292783231155918,November
2017-11-28,D1,288,0.6879701192564673,-18.888729869955654,-16.04347162345047,24.782596672516288,14.689565877605173,14:41,0.6027399827468918,November
2017-11-28,D2,288,0.0687293266889131,-4.851285590486084,-23.75796733378452,24.248216093429022,17.230605345176407,17:14,0.7610618343215163,November
2017-11-28,D3,288,0.1673180147626576,1.037903134084063,-9.917674837436287,9.971836194846885,18.39829085928551,18:24,0.44298567796793087,November
