date,pair,lag_hours,month
2017-10-02,D1 → D2,3.3637208367992493,October
2017-10-03,D1 → D2,3.7661276268886024,October
2017-10-04,D1 → D2,3.344905782654658,October
2017-10-07,D1 → D2,4.385027139797359,October
2017-10-08,D1 → D2,4.385993888866199,October
2017-10-09,D1 → D2,4.320450867604201,October
2017-10-10,D1 → D2,4.431183694060714,October
2017-10-11,D1 → D2,4.524711374565442,October
2017-10-15,D1 → D2,4.476411487987928,October
2017-10-16,D1 → D2,4.591680684944251,October
2017-10-17,D1 → D2,3.8462163885282745,October
2017-10-18,D1 → D2,4.3628187416695,October
2017-10-19,D1 → D2,3.6674965821198064,October
2017-10-20,D1 → D2,4.540514483340466,October
2017-10-21,D1 → D2,4.539967553004608,October
2017-10-22,D1 → D2,4.5235590948726845,October
2017-10-25,D1 → D2,4.275589159618068,October
2017-10-26,D1 → D2,4.148322511997009,October
2017-10-27,D1 → D2,3.9116982184593017,October
2017-10-28,D1 → D2,4.478862991013788,October
2017-10-29,D1 → D2,4.424236721795776,October
2017-10-30,D1 → D2,4.241383320243088,October
2017-10-02,D2 → D3,4.320026193836018,October
2017-10-03,D2 → D3,3.030007886974765,October
2017-10-04,D2 → D3,1.7858908333216412,October
2017-10-07,D2 → D3,3.5239109732147114,October
2017-10-08,D2 → D3,3.9002595678688365,October
2017-10-09,D2 → D3,3.643942628994118,October
2017-10-10,D2 → D3,3.556372533686236,October
2017-10-11,D2 → D3,3.7079691689628262,October
2017-10-15,D2 → D3,3.7288544239218346,October
2017-10-16,D2 → D3,3.7114835566794326,October
2017-10-17,D2 → D3,4.056965801754586,October
2017-10-18,D2 → D3,3.2283230826709257,October
2017-10-19,D2 → D3,3.61877554314988,October
2017-10-20,D2 → D3,3.7591746489976856,October
2017-10-21,D2 → D3,3.6814861897789157,October
2017-10-22,D2 → D3,3.853471175832098,October
2017-10-25,D2 → D3,3.9591555966008976,October
2017-10-26,D2 → D3,3.9817860669424725,October
2017-10-27,D2 → D3,3.8945809752636507,October
2017-10-28,D2 → D3,3.8592175471544685,October
2017-10-29,D2 → D3,3.642926675184814,October
2017-10-30,D2 → D3,4.425372924178035,October
2017-10-02,D1 → D3,7.683747030635267,October
2017-10-03,D1 → D3,6.796135513863369,October
2017-10-04,D1 → D3,5.130796615976301,October
2017-10-07,D1 → D3,7.90893811301207,October
2017-10-08,D1 → D3,8.286253456735036,October
2017-10-09,D1 → D3,7.964393496598319,October
2017-10-10,D1 → D3,7.98755622774695,October
2017-10-11,D1 → D3,8.232680543528268,October
2017-10-15,D1 → D3,8.205265911909763,October
2017-10-16,D1 → D3,8.303164241623683,October
2017-10-17,D1 → D3,7.9031821902828625,October
2017-10-18,D1 → D3,7.591141824340426,October
2017-10-19,D1 → D3,7.2862721252696865,October
2017-10-20,D1 → D3,8.299689132338152,October
2017-10-21,D1 → D3,8.221453742783524,October
2017-10-22,D1 → D3,8.377030270704783,October
2017-10-25,D1 → D3,8.234744756218966,October
2017-10-26,D1 → D3,8.130108578939478,October
2017-10-27,D1 → D3,7.8062791937229505,October
2017-10-28,D1 → D3,8.338080538168256,October
2017-10-29,D1 → D3,8.06716339698059,October
2017-10-30,D1 → D3,8.666756244421123,October
2017-11-16,D1 → D2,4.529658791718404,November
2017-11-16,D2 → D3,3.7738820851008583,November
2017-11-16,D1 → D3,8.303540876819262,November
2017-11-17,D1 → D2,3.4236452964174475,November
2017-11-17,D2 → D3,2.184323220294001,November
2017-11-17,D1 → D3,5.607968516711448,November
2017-11-18,D1 → D2,3.6670486230146704,November
2017-11-18,D2 → D3,2.02307147535776,November
2017-11-18,D1 → D3,5.690120098372432,November
2017-11-19,D1 → D2,3.6670885641081945,November
2017-11-19,D2 → D3,2.7963507243357206,November
2017-11-19,D1 → D3,6.463439288443915,November
2017-11-20,D1 → D2,3.457272628806116,November
2017-11-20,D2 → D3,2.4318265153435235,November
2017-11-20,D1 → D3,5.88909914414964,November
2017-11-21,D1 → D2,2.544255007284125,November
2017-11-21,D2 → D3,0.5738190076295488,November
2017-11-21,D1 → D3,3.118074014913674,November
2017-11-22,D1 → D2,3.312831404675938,November
2017-11-22,D2 → D3,2.9193236452322786,November
2017-11-22,D1 → D3,6.232155049908215,November
2017-11-23,D1 → D2,2.855919960446787,November
2017-11-23,D2 → D3,0.674120568124291,November
2017-11-23,D1 → D3,3.530040528571078,November
2017-11-24,D1 → D2,2.644396130260537,November
2017-11-24,D2 → D3,0.7194673759579651,November
2017-11-24,D1 → D3,3.363863506218502,November
2017-11-28,D1 → D2,2.5410394675712347,November
2017-11-28,D2 → D3,1.1676855141091025,November
2017-11-28,D1 → D3,3.708724981680337,November
