date,full_window,duplicate_extra_rows_context,included,reason
2017-11-01,False,0,False,incomplete_window
2017-11-02,False,0,False,incomplete_window
2017-11-03,False,0,False,incomplete_window
2017-11-04,False,0,False,incomplete_window
2017-11-05,False,6,False,incomplete_window
2017-11-06,False,12,False,incomplete_window
2017-11-07,True,15,False,duplicates_in_context
2017-11-08,True,15,False,duplicates_in_context
2017-11-09,True,15,False,duplicates_in_context
2017-11-10,True,22,False,duplicates_in_context
2017-11-11,False,28,False,incomplete_window
2017-11-12,False,31,False,incomplete_window
2017-11-13,False,30,False,incomplete_window
2017-11-14,False,18,False,incomplete_window
2017-11-15,False,9,False,incomplete_window
2017-11-16,True,0,True,included
2017-11-17,True,0,True,included
2017-11-18,True,0,True,included
2017-11-19,True,0,True,included
2017-11-20,True,0,True,included
2017-11-21,True,0,True,included
2017-11-22,True,0,True,included
2017-11-23,True,0,True,included
2017-11-24,True,0,True,included
2017-11-25,False,0,False,incomplete_window
2017-11-26,False,0,False,incomplete_window
2017-11-27,False,0,False,incomplete_window
2017-11-28,True,0,True,included
2017-11-29,True,6,False,duplicates_in_context
2017-11-30,False,6,False,incomplete_window
