month,A,B,C,total
2017-10,23,8,0,31
2017-11,11,13,6,30
2017-12,8,23,0,31
2018-01,26,5,0,31
2018-02,20,7,1,28
2018-03,20,11,0,31
2018-04,28,2,0,30
2018-05,29,2,0,31
2018-06,18,12,0,30
2018-07,20,10,1,31
2018-08,13,12,6,31
2018-09,16,12,2,30
2018-10,20,11,0,31
2018-11,9,17,4,30
2018-12,15,10,6,31
2019-01,15,16,0,31
2019-02,16,11,1,28
2019-03,27,4,0,31
2019-04,23,4,3,30
2019-05,31,0,0,31
2019-06,23,2,5,30
2019-07,23,4,4,31
2019-08,30,0,1,31
2019-09,22,8,0,30
2019-10,31,0,0,31
2019-11,28,2,0,30
2019-12,31,0,0,31
2020-01,28,3,0,31
2020-02,27,2,0,29
2020-03,29,2,0,31
2020-04,27,3,0,30
2020-05,23,8,0,31
2020-06,25,5,0,30
2020-07,18,13,0,31
2020-08,30,1,0,31
