date,level,n_observations,offset_ppm,cosine_ppm,sine_ppm,amplitude_ppm,peak_hour_local,peak_time_local,r_squared,sensorid,phase_status,phase_note
2014-03-12,D1,96,0.6599227628038237,-18.94339530079258,-2.904168400047542,19.16471809388088,12.581068141444419,12:35,0.7711643166535043,994,not_assessed,Надёжность отдельно не установлена; R² сохранён без порога
2014-03-12,D2,96,-0.06925732324218539,-3.9162804639032283,-18.24116422307461,18.656830515527744,17.192189524709526,17:12,0.9032420674801459,1010,not_assessed,Надёжность отдельно не установлена; R² сохранён без порога
2014-03-12,D3,96,0.42984657703993595,3.561529376001271,-9.161548746826519,9.829469311036002,19.416231300027015,19:25,0.6256387368855948,1026,not_assessed,Надёжность отдельно не установлена; R² сохранён без порога
2018-03-26,D1,96,1.157319182264138,-25.942253433397294,-12.824153744779483,28.93889134836294,13.753652054728997,13:45,0.5049314618576768,994,not_assessed,Надёжность отдельно не установлена; R² сохранён без порога
2018-03-26,D2,96,1.7181858001448829,-3.995137602623199,-34.946067569241286,35.173694190657194,17.565206147022685,17:34,0.8670184153878593,1010,not_assessed,Надёжность отдельно не установлена; R² сохранён без порога
2018-03-26,D3,96,1.1730304562484852,7.07821813291757,-19.128688264379104,20.396271390941973,19.35373757406113,19:21,0.8174408557259216,1026,not_assessed,Надёжность отдельно не установлена; R² сохранён без порога
2018-04-23,D1,96,-0.30085273080751207,-32.96578483689087,-18.312451151457367,37.71059316805685,13.93680769717576,13:56,0.7741790164168776,994,not_assessed,Надёжность отдельно не установлена; R² сохранён без порога
2018-04-23,D2,96,1.284097507723709,2.223427990940806,-27.260931225203663,27.35145340372579,18.310851892876858,18:19,0.8232233455238115,1010,not_assessed,Надёжность отдельно не установлена; R² сохранён без порога
2018-04-23,D3,96,1.1813518182000444,13.197314935366176,-2.2487090603359405,13.387524563610558,23.35534400213236,23:21,0.602392258069385,1026,not_assessed,Надёжность отдельно не установлена; R² сохранён без порога
2018-04-24,D1,96,0.6749103356874764,-33.32061525846192,-17.790645412000096,37.77261528380005,13.873252495343612,13:52,0.7846345279293415,994,not_assessed,Надёжность отдельно не установлена; R² сохранён без порога
2018-04-24,D2,96,1.2480271179787021,2.9339102509079567,-34.30766365833015,34.43288566259717,18.325860478294537,18:20,0.8612629125036936,1010,not_assessed,Надёжность отдельно не установлена; R² сохранён без порога
2018-04-24,D3,96,0.5797591818143916,15.539679039283005,-8.150933460573519,17.54763063557666,22.154794309543515,22:09,0.7570972783628451,1026,not_assessed,Надёжность отдельно не установлена; R² сохранён без порога
2018-04-25,D1,96,-1.1379263881679922,-31.02407456314199,-13.305526256734737,33.75692864388067,13.547560151779338,13:33,0.8296588013496982,994,not_assessed,Надёжность отдельно не установлена; R² сохранён без порога
2018-04-25,D2,96,-1.7080598569202146,-0.17198408455671554,-30.519049884042122,30.519534471383935,17.97847495707679,17:59,0.8684332249005835,1010,not_assessed,Надёжность отдельно не установлена; R² сохранён без порога
2018-04-25,D3,96,-0.5735587708855974,11.264656249654895,-8.211998164944841,13.94020782786062,21.59384928503455,21:36,0.6444318357844785,1026,not_assessed,Надёжность отдельно не установлена; R² сохранён без порога
2018-07-22,D1,96,0.23565047601683706,-24.76026493155418,-9.984126771913422,26.697443826673556,13.464057369544488,13:28,0.5951078932389674,994,not_assessed,Надёжность отдельно не установлена; R² сохранён без порога
2018-07-22,D2,96,-0.26839084591412044,3.4974933630092586,-33.85245578491554,34.032649360488456,18.393242050447007,18:24,0.8568509496916651,1010,not_assessed,Надёжность отдельно не установлена; R² сохранён без порога
2018-07-22,D3,96,0.5349807753227952,16.905367999827227,-14.58813414918566,22.329467641755798,21.280542325225262,21:17,0.8094788558815654,1026,not_assessed,Надёжность отдельно не установлена; R² сохранён без порога
2018-07-31,D1,96,0.0,0.0,0.0,0.0,,не определён,,994,undefined,Нулевая/численно неразличимая амплитуда по прежней защите fit_diurnal
2018-07-31,D2,96,0.0,0.0,0.0,0.0,,не определён,,1010,undefined,Нулевая/численно неразличимая амплитуда по прежней защите fit_diurnal
2018-07-31,D3,96,0.0,0.0,0.0,0.0,,не определён,,1026,undefined,Нулевая/численно неразличимая амплитуда по прежней защите fit_diurnal
2019-05-04,D1,96,0.03767428190924936,-33.02054197363723,-11.63645148679603,35.01090109433483,13.29416512937153,13:18,0.8296722044729175,994,not_assessed,Надёжность отдельно не установлена; R² сохранён без порога
2019-05-04,D2,96,0.874355868782395,2.152752349736531,-30.687624673616817,30.76304033719801,18.267516937980602,18:16,0.9025327296737475,1010,not_assessed,Надёжность отдельно не установлена; R² сохранён без порога
2019-05-04,D3,96,0.3705167740108332,14.600990370506741,-8.526931395801983,16.90850315162002,21.981013941466003,21:59,0.7525722632495903,1026,not_assessed,Надёжность отдельно не установлена; R² сохранён без порога
2019-05-05,D1,96,-0.3382466237408706,-30.562566303949517,-10.357343491682588,32.269877955889605,13.2480665358748,13:15,0.8306873238721713,994,not_assessed,Надёжность отдельно не установлена; R² сохранён без порога
2019-05-05,D2,96,-0.27598792355135493,-1.116198622121665,-32.54174658857115,32.56088405431905,17.869033034833382,17:52,0.8990486816518036,1010,not_assessed,Надёжность отдельно не установлена; R² сохранён без порога
2019-05-05,D3,96,-0.09175095091230757,13.261295237654716,-8.199337934613567,15.591378834029937,21.88479173993724,21:53,0.6244847573676524,1026,not_assessed,Надёжность отдельно не установлена; R² сохранён без порога
2019-05-11,D1,96,0.3123169998693341,-21.913031668753828,-37.737152904206496,43.637984213655756,15.990488272245328,15:59,0.8913224764313618,994,not_assessed,Надёжность отдельно не установлена; R² сохранён без порога
2019-05-11,D2,96,0.721797631476836,10.630968559620523,-19.855656315594786,22.52253494255607,19.877677172136696,19:53,0.8625033019187001,1010,not_assessed,Надёжность отдельно не установлена; R² сохранён без порога
2019-05-11,D3,96,-0.01650295285805124,8.88127444339186,0.30733404168060474,8.886590457088765,0.13212758162078997,00:08,0.5435290331384317,1026,not_assessed,Надёжность отдельно не установлена; R² сохранён без порога
2019-05-12,D1,96,-1.6313181002072743,-28.609906395951967,-28.195853003227352,40.16880469424922,14.972158818602693,14:58,0.8336433168958934,994,not_assessed,Надёжность отдельно не установлена; R² сохранён без порога
2019-05-12,D2,96,-0.40465917372466353,2.464009859726829,-20.80630199012516,20.95169556606618,18.450257401343357,18:27,0.854619560030827,1010,not_assessed,Надёжность отдельно не установлена; R² сохранён без порога
2019-05-12,D3,96,0.5200463431437854,9.043601251291525,-0.940615664063559,9.092385903592268,23.60413835845228,23:36,0.5233150802053494,1026,not_assessed,Надёжность отдельно не установлена; R² сохранён без порога
2019-06-30,D1,96,0.0,0.0,0.0,0.0,,не определён,,994,undefined,Нулевая/численно неразличимая амплитуда по прежней защите fit_diurnal
2019-06-30,D2,96,0.0,0.0,0.0,0.0,,не определён,,1010,undefined,Нулевая/численно неразличимая амплитуда по прежней защите fit_diurnal
2019-06-30,D3,96,0.0,0.0,0.0,0.0,,не определён,,1026,undefined,Нулевая/численно неразличимая амплитуда по прежней защите fit_diurnal
2019-08-01,D1,96,6.013046060527043,-1.9530886781232084,-30.36432782697121,30.427076096273055,17.7546467583419,17:45,0.6205324602400443,994,not_assessed,Надёжность отдельно не установлена; R² сохранён без порога
2019-08-01,D2,96,3.041909645580617,14.070767961095028,-15.388968472487646,20.852022963304954,20.829197431748785,20:50,0.7601720732718782,1010,not_assessed,Надёжность отдельно не установлена; R² сохранён без порога
2019-08-01,D3,96,-0.804134985975688,9.19982411341953,2.628188773081664,9.5678701885429,1.0628987965107937,01:04,0.5460163001308773,1026,not_assessed,Надёжность отдельно не установлена; R² сохранён без порога
2019-08-25,D1,96,0.07082613857443042,-24.51730138823402,-13.242312849557539,27.864976529095777,13.891627997551433,13:53,0.7777157717007421,994,not_assessed,Надёжность отдельно не установлена; R² сохранён без порога
2019-08-25,D2,96,0.18401219080328005,1.9455882796814974,-25.33464248599515,25.409238942700046,18.292762838709393,18:18,0.8570859053050766,1010,not_assessed,Надёжность отдельно не установлена; R² сохранён без порога
2019-08-25,D3,96,0.08305539628156645,13.333972781982482,-6.968886274627909,15.045271883862615,22.16043788556073,22:10,0.736347890251057,1026,not_assessed,Надёжность отдельно не установлена; R² сохранён без порога
2019-09-02,D1,96,0.6263213324435413,-14.697438977826872,-11.111630200153552,18.4250654873167,14.47267928370259,14:28,0.6809267058131967,994,not_assessed,Надёжность отдельно не установлена; R² сохранён без порога
2019-09-02,D2,96,-0.36179569754073543,0.848506426198508,-16.931922259420162,16.953169454540003,18.191256890741897,18:11,0.7853569324122776,1010,not_assessed,Надёжность отдельно не установлена; R² сохранён без порога
2019-09-02,D3,96,-0.4743947246675252,7.429403939921053,-5.476569262808243,9.229780809577791,21.57361970884055,21:34,0.539514606875271,1026,not_assessed,Надёжность отдельно не установлена; R² сохранён без порога
2019-09-07,D1,96,0.25591077014894353,-23.97623536726234,-10.371512097473342,26.123325316169023,13.559472428504778,13:34,0.7762013070317535,994,not_assessed,Надёжность отдельно не установлена; R² сохранён без порога
2019-09-07,D2,96,1.064709290152529,0.7587412228779442,-22.90592954262391,22.9184924559829,18.12647898463073,18:08,0.8639607279218757,1010,not_assessed,Надёжность отдельно не установлена; R² сохранён без порога
2019-09-07,D3,96,1.0296999584730662,10.723170760561523,-7.706396442981319,13.205110272033199,21.619761201502406,21:37,0.6392148811428033,1026,not_assessed,Надёжность отдельно не установлена; R² сохранён без порога
2019-09-28,D1,96,0.0027042382357083425,-23.693772995109068,-6.599203636807561,24.595616832757294,13.037574314940406,13:02,0.7797200114772662,994,not_assessed,Надёжность отдельно не установлена; R² сохранён без порога
2019-09-28,D2,96,0.6085575221149132,0.4216506443744006,-22.234693244980537,22.238690900416877,18.072427075165578,18:04,0.8553621596245368,1010,not_assessed,Надёжность отдельно не установлена; R² сохранён без порога
2019-09-28,D3,96,-0.2768137075249347,8.547898847360146,-8.200392343183958,11.845379237780909,21.079243107243084,21:05,0.6273745428443507,1026,not_assessed,Надёжность отдельно не установлена; R² сохранён без порога
2020-02-01,D1,96,0.9119235046484473,-17.232186214014,-38.161799457405316,41.872081146530974,16.37987752767032,16:23,0.8197876278259878,994,not_assessed,Надёжность отдельно не установлена; R² сохранён без порога
2020-02-01,D2,96,0.13967474960637496,9.566753435607161,-17.70226819519352,20.12195493863013,19.8925272644937,19:54,0.8450096290029862,1010,not_assessed,Надёжность отдельно не установлена; R² сохранён без порога
2020-02-01,D3,96,0.07207057363003985,6.276837072586114,-1.4844045058308288,6.4499721218562085,23.112974228004983,23:07,0.4312536747484841,1026,not_assessed,Надёжность отдельно не установлена; R² сохранён без порога
2020-02-09,D1,96,-1.8682192159849818,-19.95838127104753,-30.412202539577393,36.3763528445167,15.781641357682732,15:47,0.8162523481272603,994,not_assessed,Надёжность отдельно не установлена; R² сохранён без порога
2020-02-09,D2,96,-0.5981029960419085,6.5540946244285285,-19.251836095655097,20.33689625778554,19.25337512057969,19:15,0.8379080409091826,1010,not_assessed,Надёжность отдельно не установлена; R² сохранён без порога
2020-02-09,D3,96,-0.7596460916495251,6.658425894942161,-1.3209038912362265,6.7881825615049065,23.251953337824624,23:15,0.3525794750401958,1026,not_assessed,Надёжность отдельно не установлена; R² сохранён без порога
2020-02-10,D1,96,-0.3432245334556986,-25.881709924769588,-22.928392699844952,34.57707478125094,14.769164497249315,14:46,0.7206021501328699,994,not_assessed,Надёжность отдельно не установлена; R² сохранён без порога
2020-02-10,D2,96,0.48241454317459803,0.5073526930668635,-19.276172542146377,19.28284819806867,18.100512547911553,18:06,0.8080473604941232,1010,not_assessed,Надёжность отдельно не установлена; R² сохранён без порога
2020-02-10,D3,96,1.4484171150237892,8.211167819017124,-3.219784916812021,8.81988049026701,22.572581954538556,22:34,0.48270831913130685,1026,not_assessed,Надёжность отдельно не установлена; R² сохранён без порога
2020-02-11,D1,96,-0.5919690447180475,-16.0570486801688,-14.77815134757645,21.822524362895926,14.841666997852617,14:51,0.6699240003704631,994,not_assessed,Надёжность отдельно не установлена; R² сохранён без порога
2020-02-11,D2,96,-1.723276343536529,0.170451043224086,-11.891166493127017,11.892388074957983,18.05474908114046,18:03,0.6770886069305957,1010,not_assessed,Надёжность отдельно не установлена; R² сохранён без порога
2020-02-11,D3,96,-0.8316376389745778,3.781085183564713,-3.431462358072504,5.1060296787466,21.18501317115292,21:11,0.2342190992204476,1026,not_assessed,Надёжность отдельно не установлена; R² сохранён без порога
2020-03-06,D1,96,0.031013363761292337,-27.10267629111255,-12.754987814473772,29.954044406193447,13.680165739080522,13:41,0.7995706800707211,994,not_assessed,Надёжность отдельно не установлена; R² сохранён без порога
2020-03-06,D2,96,-0.37790641372664613,1.1021539509845741,-24.75136044984079,24.775887218213068,18.169976061542357,18:10,0.8599740245197824,1010,not_assessed,Надёжность отдельно не установлена; R² сохранён без порога
2020-03-06,D3,96,0.25675774192702366,11.893081691433022,-7.4323947672689155,14.024474467716274,21.8664882340801,21:52,0.671738790738974,1026,not_assessed,Надёжность отдельно не установлена; R² сохранён без порога
2020-04-21,D1,96,0.9457225081255203,30.10687671070471,-22.8925528507937,37.8218587763737,21.516767008569172,21:31,0.43170673999551357,994,not_assessed,Надёжность отдельно не установлена; R² сохранён без порога
2020-04-21,D2,96,-0.6419727009393749,10.974297253800842,-19.810238581668248,22.646870708276627,19.93234536639003,19:56,0.8260345631246704,1010,not_assessed,Надёжность отдельно не установлена; R² сохранён без порога
2020-04-21,D3,96,-1.8078869029991615,14.925178857834076,1.988469465771633,15.057057307277654,0.5059186967338493,00:30,0.5974290676058134,1026,not_assessed,Надёжность отдельно не установлена; R² сохранён без порога
2020-04-27,D1,96,-1.5341555311905632,-29.59949186051187,-16.005806244133865,33.64989973128097,13.893475192906552,13:54,0.8635268244046158,994,not_assessed,Надёжность отдельно не установлена; R² сохранён без порога
2020-04-27,D2,96,-0.6354867312693419,2.049232217532456,-25.53712243775951,25.61921105503628,18.30585881177446,18:18,0.8946559923233708,1010,not_assessed,Надёжность отдельно не установлена; R² сохранён без порога
2020-04-27,D3,96,-0.13484853208322073,11.262310826716913,-7.051382100111653,13.287649704871061,21.863275829615336,21:52,0.6335332865425966,1026,not_assessed,Надёжность отдельно не установлена; R² сохранён без порога
2020-05-09,D1,96,3.2473013038584417,-48.532637007074484,-52.319670016376605,71.36360925207605,15.143364171557812,15:09,0.8636268291065529,994,not_assessed,Надёжность отдельно не установлена; R² сохранён без порога
2020-05-09,D2,96,1.150648199861432,0.05670914670834293,-41.574983019805906,41.57502169601923,18.005210172905393,18:00,0.9057291327585135,1010,not_assessed,Надёжность отдельно не установлена; R² сохранён без порога
2020-05-09,D3,96,-1.1707790105443483,11.134460093200023,-12.495997924430727,16.736970027291107,20.780158821726634,20:47,0.727702467736365,1026,not_assessed,Надёжность отдельно не установлена; R² сохранён без порога
