month,admission_status,days,calculated_days,preliminary_days
2013-09,confirmed,20,7,7
2013-10,unconfirmed,31,27,27
2013-11,unconfirmed,30,25,25
2013-12,unconfirmed,31,31,31
2014-01,unconfirmed,31,31,31
2014-02,unconfirmed,28,28,28
2014-03,unconfirmed,31,28,28
2014-04,unconfirmed,30,24,24
2014-05,unconfirmed,31,0,0
2014-06,unconfirmed,30,24,24
2014-07,unconfirmed,31,13,13
2014-08,unconfirmed,31,31,31
2014-09,unconfirmed,30,30,30
2014-10,unconfirmed,31,29,29
2014-11,unconfirmed,30,30,30
2014-12,unconfirmed,31,31,31
2015-01,unconfirmed,31,31,31
2015-02,unconfirmed,28,24,24
2015-03,unconfirmed,31,26,26
2015-04,unconfirmed,30,27,27
2015-05,unconfirmed,31,27,27
2015-06,unconfirmed,30,29,29
2015-07,unconfirmed,31,26,26
2015-08,unconfirmed,31,28,28
2015-09,unconfirmed,30,25,25
2015-10,unconfirmed,31,31,31
2015-11,unconfirmed,30,30,30
2015-12,unconfirmed,31,28,28
2016-01,unconfirmed,31,29,29
2016-02,unconfirmed,29,28,28
2016-03,unconfirmed,31,0,0
2016-04,unconfirmed,30,0,0
2016-05,unconfirmed,31,0,0
2016-06,unconfirmed,30,0,0
2016-07,unconfirmed,31,6,6
2016-08,unconfirmed,31,31,31
2016-09,unconfirmed,30,30,30
2016-10,unconfirmed,31,25,25
2016-11,unconfirmed,30,28,28
2016-12,unconfirmed,31,29,29
2017-01,unconfirmed,31,31,31
2017-02,unconfirmed,28,28,28
2017-03,unconfirmed,31,28,28
2017-04,unconfirmed,30,28,28
2017-05,unconfirmed,31,31,31
2017-06,unconfirmed,30,30,30
2017-07,unconfirmed,31,31,31
2017-08,unconfirmed,31,21,21
2017-09,unconfirmed,30,6,6
2017-10,confirmed,31,24,24
2017-11,confirmed,30,11,11
2017-12,confirmed,31,8,8
2018-01,confirmed,31,26,26
2018-02,confirmed,28,20,20
2018-03,confirmed,31,20,20
2018-04,confirmed,30,28,28
2018-05,confirmed,31,29,29
2018-06,confirmed,30,18,18
2018-07,confirmed,31,20,20
2018-08,confirmed,31,13,13
2018-09,confirmed,30,16,16
2018-10,confirmed,31,20,20
2018-11,confirmed,30,9,9
2018-12,confirmed,31,15,15
2019-01,confirmed,31,15,15
2019-02,confirmed,28,16,16
2019-03,confirmed,31,27,27
2019-04,confirmed,30,23,23
2019-05,confirmed,31,31,31
2019-06,confirmed,30,23,23
2019-07,confirmed,31,23,23
2019-08,confirmed,31,30,30
2019-09,confirmed,30,22,22
2019-10,confirmed,31,31,31
2019-11,confirmed,30,28,28
2019-12,confirmed,31,31,31
2020-01,confirmed,31,28,28
2020-02,confirmed,29,27,27
2020-03,confirmed,31,29,29
2020-04,confirmed,30,27,27
2020-05,confirmed,31,23,23
2020-06,confirmed,30,25,25
2020-07,confirmed,31,18,18
2020-08,confirmed,31,31,31
2020-09,unconfirmed,30,8,8
2020-10,unconfirmed,31,23,23
2020-11,unconfirmed,30,28,28
2020-12,unconfirmed,31,31,31
2021-01,not_admitted_audit,31,3,0
2021-02,not_admitted_audit,28,0,0
2021-03,not_admitted_audit,31,0,0
2021-04,not_admitted_audit,30,0,0
2021-05,not_admitted_audit,31,0,0
2021-06,not_admitted_audit,30,0,0
2021-07,not_admitted_audit,31,0,0
2021-08,not_admitted_audit,31,0,0
2021-09,not_admitted_audit,30,0,0
2021-10,not_admitted_audit,31,0,0
2021-11,not_admitted_audit,30,0,0
2021-12,not_admitted_audit,31,0,0
2022-01,not_admitted_audit,31,0,0
2022-02,not_admitted_audit,28,0,0
2022-03,not_admitted_audit,31,0,0
2022-04,not_admitted_audit,30,0,0
2022-05,not_admitted_audit,31,0,0
2022-06,not_admitted_audit,30,0,0
2022-07,not_admitted_audit,31,0,0
2022-08,not_admitted_audit,31,0,0
2022-09,not_admitted_audit,30,0,0
2022-10,not_admitted_audit,31,0,0
2022-11,not_admitted_audit,30,0,0
2022-12,not_admitted_audit,31,0,0
2023-01,not_admitted_audit,31,0,0
2023-02,not_admitted_audit,28,0,0
2023-03,not_admitted_audit,31,0,0
2023-04,not_admitted_audit,30,0,0
2023-05,not_admitted_audit,31,0,0
2023-06,not_admitted_audit,30,0,0
2023-07,not_admitted_audit,31,0,0
2023-08,not_admitted_audit,31,0,0
2023-09,not_admitted_audit,30,0,0
2023-10,not_admitted_audit,31,0,0
2023-11,not_admitted_audit,30,0,0
2023-12,not_admitted_audit,31,0,0
2024-01,not_admitted_audit,31,0,0
2024-02,not_admitted_audit,29,0,0
2024-03,not_admitted_audit,31,0,0
2024-04,not_admitted_audit,30,0,0
2024-05,not_admitted_audit,31,0,0
2024-06,not_admitted_audit,30,0,0
2024-07,not_admitted_audit,31,0,0
2024-08,not_admitted_audit,31,0,0
2024-09,not_admitted_audit,30,0,0
2024-10,not_admitted_audit,31,0,0
2024-11,not_admitted_audit,30,0,0
2024-12,not_admitted_audit,31,0,0
2025-01,not_admitted_audit,31,0,0
2025-02,not_admitted_audit,28,0,0
2025-03,not_admitted_audit,31,0,0
2025-04,not_admitted_audit,30,0,0
2025-05,not_admitted_audit,31,0,0
2025-06,not_admitted_audit,30,0,0
2025-07,not_admitted_audit,31,0,0
2025-08,not_admitted_audit,31,0,0
2025-09,not_admitted_audit,30,0,0
2025-10,not_admitted_audit,31,0,0
2025-11,not_admitted_audit,30,0,0
2025-12,not_admitted_audit,31,0,0
2026-01,not_admitted_audit,31,0,0
2026-02,not_admitted_audit,28,0,0
2026-03,not_admitted_audit,31,0,0
2026-04,not_admitted_audit,30,0,0
2026-05,not_admitted_audit,31,0,0
2026-06,unconfirmed,30,0,0
2026-07,unconfirmed,31,0,0
2026-08,unconfirmed,31,0,0
2026-09,unconfirmed,26,0,0
