month,level,sensorid,valid_days,median_concentration,median_raw_amplitude,minimum_valid_days,doubtful_valid_days,status,reason,concentration_lower,concentration_upper,amplitude_lower,amplitude_upper,source_rows,unique_timestamps,exact_duplicate_extra,doubtful_samples,constant_1h_samples,constant_2h_samples,service_code,outside_0_3000,nonfinite,conflicting_timestamp,approved_individual_exclusion,isolated_7_sample_MAD_spike
2013-09,D1,994,19,332.266166,16.388645869447203,19,3,pass,all_three_criteria_invariant_to_flagged_samples,332.266166,332.266166,16.388645869447203,16.388645869447203,1876.0,1866.0,0.0,3.0,0.0,0.0,0.0,2.0,0.0,10.0,0.0,3.0
2013-09,D2,1010,19,371.491341,9.028736539172915,19,2,pass,all_three_criteria_invariant_to_flagged_samples,371.491341,371.491341,9.028736539172915,9.028736539172915,1876.0,1866.0,0.0,2.0,0.0,0.0,0.0,2.0,0.0,10.0,0.0,6.0
2013-09,D3,1026,19,379.939548,3.446717480817786,19,3,fail,median_raw_amplitude_below_8,379.939548,379.939548,3.446717480817786,3.446717480817786,1876.0,1866.0,0.0,4.0,0.0,0.0,0.0,2.0,0.0,10.0,0.0,2.0
2013-10,D1,994,31,342.1522195,17.24307340589966,31,9,pass,all_three_criteria_invariant_to_flagged_samples,342.1522195,342.177003,17.23348136392351,17.24307340589966,2976.0,2973.0,0.0,11.0,0.0,0.0,0.0,0.0,0.0,3.0,0.0,15.0
2013-10,D2,1010,31,363.906795,12.780388698747178,31,9,pass,all_three_criteria_invariant_to_flagged_samples,363.906795,363.906795,12.760125895778046,12.780388698747178,2976.0,2973.0,0.0,9.0,0.0,0.0,0.0,0.0,0.0,3.0,0.0,12.0
2013-10,D3,1026,31,362.517035,5.3589881322625095,31,13,fail,median_raw_amplitude_below_8,362.517035,362.517035,5.3589881322625095,5.3589881322625095,2976.0,2973.0,0.0,16.0,0.0,0.0,0.0,0.0,0.0,3.0,0.0,18.0
2013-11,D1,994,30,359.8224665,15.414402569771418,30,9,pass,all_three_criteria_invariant_to_flagged_samples,359.8224665,359.8224665,15.386155578562555,15.445817187245858,2886.0,2880.0,6.0,14.0,0.0,0.0,0.0,0.0,0.0,0.0,0.0,5.0
2013-11,D2,1010,30,376.0814425,12.868929734192335,30,9,pass,all_three_criteria_invariant_to_flagged_samples,376.0814425,376.0814425,12.858647384850629,12.868929734192335,2886.0,2880.0,6.0,12.0,0.0,0.0,0.0,0.0,0.0,0.0,0.0,11.0
2013-11,D3,1026,30,370.99768625,5.909461651069178,30,10,fail,median_raw_amplitude_below_8,370.99768625,370.999179,5.842111370306313,5.916296735509578,2886.0,2880.0,6.0,11.0,0.0,0.0,0.0,0.0,0.0,0.0,0.0,26.0
2013-12,D1,994,31,383.03346799999997,16.603828695401415,31,7,pass,all_three_criteria_invariant_to_flagged_samples,383.03346799999997,383.03346799999997,16.471646246769453,16.603828695401415,2976.0,2976.0,0.0,10.0,0.0,0.0,0.0,0.0,0.0,0.0,0.0,9.0
2013-12,D2,1010,31,390.2089175,13.974373150484688,31,8,pass,all_three_criteria_invariant_to_flagged_samples,390.2089175,390.2089175,13.974373150484688,13.974373150484688,2976.0,2976.0,0.0,9.0,0.0,0.0,0.0,0.0,0.0,0.0,0.0,8.0
2013-12,D3,1026,31,386.5367975,6.7385020806865725,31,11,fail,median_raw_amplitude_below_8,386.5367975,386.577547,6.7385020806865725,6.7385020806865725,2976.0,2976.0,0.0,12.0,0.0,0.0,0.0,0.0,0.0,0.0,0.0,17.0
2014-01,D1,994,31,383.3190165,17.16027171851413,31,13,pass,all_three_criteria_invariant_to_flagged_samples,383.267314,383.319177,17.136189165435983,17.16027171851413,2976.0,2976.0,0.0,14.0,0.0,0.0,0.0,0.0,0.0,0.0,0.0,8.0
2014-01,D2,1010,31,403.062776,14.18514975425077,31,4,pass,all_three_criteria_invariant_to_flagged_samples,403.062776,403.062776,14.18514975425077,14.18514975425077,2976.0,2976.0,0.0,4.0,0.0,0.0,0.0,0.0,0.0,0.0,0.0,10.0
2014-01,D3,1026,31,410.32132049999996,6.584827358801099,31,6,fail,median_raw_amplitude_below_8,410.32132049999996,410.32132049999996,6.584827358801099,6.584827358801099,2976.0,2976.0,0.0,9.0,0.0,0.0,0.0,0.0,0.0,0.0,0.0,10.0
2014-02,D1,994,28,373.99078225,18.410045414173887,28,10,pass,all_three_criteria_invariant_to_flagged_samples,373.99078225,373.995895,18.40978587606717,18.410045414173887,2688.0,2688.0,0.0,11.0,0.0,0.0,0.0,0.0,0.0,0.0,0.0,9.0
2014-02,D2,1010,28,400.64681499999995,15.307842014497615,28,6,pass,all_three_criteria_invariant_to_flagged_samples,400.006672,400.64681499999995,15.307842014497615,15.307842014497615,2688.0,2688.0,0.0,7.0,0.0,0.0,0.0,0.0,0.0,0.0,0.0,11.0
2014-02,D3,1026,28,404.52051900000004,7.218022089428674,28,8,fail,median_raw_amplitude_below_8,404.43120375,404.53066775,7.218022089428674,7.218022089428674,2688.0,2688.0,0.0,9.0,0.0,0.0,0.0,0.0,0.0,0.0,0.0,17.0
2014-03,D1,994,31,359.173114,21.640014268948487,31,10,pass,all_three_criteria_invariant_to_flagged_samples,359.173114,359.173114,21.545864806580326,21.662577001520887,2976.0,2975.0,0.0,10.0,0.0,0.0,0.0,0.0,0.0,1.0,0.0,9.0
2014-03,D2,1010,31,392.9857515,18.091994186119056,31,8,pass,all_three_criteria_invariant_to_flagged_samples,392.90899,392.9857515,18.091994186119056,18.091994186119056,2976.0,2975.0,0.0,9.0,0.0,0.0,0.0,0.0,0.0,1.0,0.0,9.0
2014-03,D3,1026,31,398.080257,8.637552193605542,31,12,pass,all_three_criteria_invariant_to_flagged_samples,398.080257,398.080257,8.434715391727417,8.637552193605542,2976.0,2975.0,0.0,13.0,0.0,0.0,0.0,0.0,0.0,1.0,0.0,13.0
2014-04,D1,994,24,349.086408,22.561773412079972,24,7,pass,all_three_criteria_invariant_to_flagged_samples,349.086408,349.12968149999995,22.54733398058994,22.561773412079972,2368.0,2368.0,0.0,9.0,0.0,0.0,0.0,0.0,0.0,0.0,0.0,13.0
2014-04,D2,1010,24,389.15984725,17.642503040634526,24,6,pass,all_three_criteria_invariant_to_flagged_samples,389.15984725,389.15984725,17.642503040634526,17.700396698449374,2368.0,2368.0,0.0,7.0,0.0,0.0,0.0,0.0,0.0,0.0,0.0,7.0
2014-04,D3,1026,24,397.54919025000004,10.007065781694552,24,13,pass,all_three_criteria_invariant_to_flagged_samples,397.54505500000005,397.70744475000004,9.939954038729319,10.107774941711817,2368.0,2368.0,0.0,17.0,0.0,0.0,0.0,0.0,0.0,0.0,0.0,11.0
2014-05,D1,994,0,,,0,0,fail,fewer_than_10_valid_days,,,,,,,,,,,,,,,,
2014-05,D2,1010,0,,,0,0,fail,fewer_than_10_valid_days,,,,,,,,,,,,,,,,
2014-05,D3,1026,0,,,0,0,fail,fewer_than_10_valid_days,,,,,,,,,,,,,,,,
2014-06,D1,994,28,385.803616,34.260674778198094,28,11,pass,all_three_criteria_invariant_to_flagged_samples,385.803616,385.81730125,34.260674778198094,34.260674778198094,2719.0,2719.0,0.0,15.0,0.0,0.0,0.0,0.0,0.0,0.0,0.0,37.0
2014-06,D2,1010,28,426.994597,32.19641348188546,28,9,pass,all_three_criteria_invariant_to_flagged_samples,426.994597,427.1056755,32.1836138750245,32.19641348188546,2719.0,2719.0,0.0,10.0,0.0,0.0,0.0,0.0,0.0,0.0,0.0,12.0
2014-06,D3,1026,28,424.501288,17.329338935222246,28,13,pass,all_three_criteria_invariant_to_flagged_samples,424.501288,424.69278099999997,17.178738033379545,17.355237888148537,2719.0,2719.0,0.0,17.0,0.0,0.0,0.0,0.0,0.0,0.0,0.0,11.0
2014-07,D1,994,14,378.71267775,34.55203047887789,14,6,pass,all_three_criteria_invariant_to_flagged_samples,378.6606865,378.71267775,34.37052469519439,34.55203047887789,1439.0,1439.0,0.0,6.0,0.0,0.0,0.0,0.0,0.0,0.0,0.0,16.0
2014-07,D2,1010,14,398.2389375,27.131720919700655,14,6,pass,all_three_criteria_invariant_to_flagged_samples,398.2389375,398.2389375,27.11588585535359,27.131720919700655,1439.0,1439.0,0.0,6.0,0.0,0.0,0.0,0.0,0.0,0.0,0.0,6.0
2014-07,D3,1026,14,406.90625925,14.65503260387138,14,6,pass,all_three_criteria_invariant_to_flagged_samples,406.90625925,406.90625925,14.649668509342789,14.65503260387138,1439.0,1439.0,0.0,8.0,0.0,0.0,0.0,0.0,0.0,0.0,0.0,8.0
2014-08,D1,994,31,362.807226,16.440830106709782,31,7,pass,all_three_criteria_invariant_to_flagged_samples,362.807226,362.807226,16.440830106709782,16.440830106709782,2976.0,2976.0,0.0,7.0,0.0,0.0,0.0,0.0,0.0,0.0,0.0,12.0
2014-08,D2,1010,31,392.892326,21.279091050919558,31,8,pass,all_three_criteria_invariant_to_flagged_samples,392.892326,392.892326,21.279091050919558,21.279091050919558,2976.0,2976.0,0.0,10.0,0.0,0.0,0.0,0.0,0.0,0.0,0.0,16.0
2014-08,D3,1026,31,391.528877,10.638428322215276,31,8,pass,all_three_criteria_invariant_to_flagged_samples,391.528877,391.528877,10.638428322215276,10.638428322215276,2976.0,2976.0,0.0,11.0,0.0,0.0,0.0,0.0,0.0,0.0,0.0,11.0
2014-09,D1,994,30,343.3508595,12.753037075751866,30,9,pass,all_three_criteria_invariant_to_flagged_samples,343.3508595,343.3508595,12.753037075751866,12.753037075751866,2880.0,2880.0,0.0,12.0,0.0,0.0,0.0,0.0,0.0,0.0,0.0,8.0
2014-09,D2,1010,30,374.761064,10.405117929347968,30,7,pass,all_three_criteria_invariant_to_flagged_samples,374.761064,374.761064,10.405117929347968,10.405117929347968,2880.0,2880.0,0.0,7.0,0.0,0.0,0.0,0.0,0.0,0.0,0.0,12.0
2014-09,D3,1026,30,372.35201374999997,6.293540417807391,30,9,fail,median_raw_amplitude_below_8,372.29076399999997,372.35201374999997,6.184879800474244,6.293540417807391,2880.0,2880.0,0.0,13.0,0.0,0.0,0.0,0.0,0.0,0.0,0.0,13.0
2014-10,D1,994,31,335.45007699999996,15.412319011888577,31,6,pass,all_three_criteria_invariant_to_flagged_samples,335.45007699999996,335.45007699999996,15.412319011888577,15.4969770363599,2975.0,2975.0,0.0,9.0,0.0,0.0,0.0,0.0,0.0,0.0,0.0,5.0
2014-10,D2,1010,31,359.540717,8.481035230616982,31,5,pass,all_three_criteria_invariant_to_flagged_samples,359.540717,359.540717,8.464476053644038,8.481035230616982,2975.0,2975.0,0.0,7.0,0.0,0.0,0.0,0.0,0.0,0.0,0.0,10.0
2014-10,D3,1026,31,355.6800255,3.8766467417690436,31,10,fail,median_raw_amplitude_below_8,355.511541,355.6800255,3.862684615836578,3.8766467417690436,2975.0,2975.0,0.0,13.0,0.0,0.0,0.0,0.0,0.0,0.0,0.0,15.0
2014-11,D1,994,30,350.89046575,15.868361392215325,30,9,pass,all_three_criteria_invariant_to_flagged_samples,350.89046575,350.89046575,15.714833029124666,16.011387226226113,2880.0,2880.0,0.0,11.0,0.0,0.0,0.0,0.0,0.0,0.0,0.0,17.0
2014-11,D2,1010,30,359.55212125,14.144344573832225,30,9,pass,all_three_criteria_invariant_to_flagged_samples,359.49467649999997,359.55212125,14.141018649304192,14.144344573832225,2880.0,2880.0,0.0,11.0,0.0,0.0,0.0,0.0,0.0,0.0,0.0,13.0
2014-11,D3,1026,30,351.27168,7.134611395284498,30,10,fail,median_raw_amplitude_below_8,351.26402525000003,351.27168,7.134611395284498,7.165340064066021,2880.0,2880.0,0.0,12.0,0.0,0.0,0.0,0.0,0.0,0.0,0.0,15.0
2014-12,D1,994,31,377.2025905,14.621292196899907,31,12,pass,all_three_criteria_invariant_to_flagged_samples,377.2025905,377.2025905,14.621292196899907,14.621292196899907,2976.0,2976.0,0.0,17.0,0.0,0.0,0.0,0.0,0.0,0.0,0.0,11.0
2014-12,D2,1010,31,376.254784,11.342095084053037,31,8,pass,all_three_criteria_invariant_to_flagged_samples,376.254784,376.254784,11.342095084053037,11.342095084053037,2976.0,2976.0,0.0,10.0,0.0,0.0,0.0,0.0,0.0,0.0,0.0,14.0
2014-12,D3,1026,31,367.131756,4.453117396726947,31,8,fail,median_raw_amplitude_below_8,367.12409,367.139422,4.453117396726947,4.48127299927458,2976.0,2976.0,0.0,11.0,0.0,0.0,0.0,0.0,0.0,0.0,0.0,11.0
2015-01,D1,994,31,393.994379,16.942364049232488,31,8,pass,all_three_criteria_invariant_to_flagged_samples,393.92872650000004,394.147603,16.942364049232488,16.942364049232488,2976.0,2976.0,0.0,10.0,0.0,0.0,0.0,0.0,0.0,0.0,0.0,13.0
2015-01,D2,1010,31,408.14336449999996,11.394947690192208,31,14,pass,all_three_criteria_invariant_to_flagged_samples,408.14336449999996,408.14336449999996,11.394947690192208,11.394947690192208,2976.0,2976.0,0.0,18.0,0.0,0.0,0.0,0.0,0.0,0.0,0.0,23.0
2015-01,D3,1026,31,411.107763,4.119449076873694,31,12,fail,median_raw_amplitude_below_8,411.107763,411.107763,4.119449076873694,4.119449076873694,2976.0,2976.0,0.0,16.0,0.0,0.0,0.0,0.0,0.0,0.0,0.0,15.0
2015-02,D1,994,28,180.77289674999997,32.18578542443614,28,15,pass,all_three_criteria_invariant_to_flagged_samples,180.77289674999997,180.94525349999998,31.924016623912195,32.36139945886936,2688.0,2688.0,0.0,25.0,0.0,0.0,0.0,18.0,0.0,0.0,0.0,37.0
2015-02,D2,1010,28,111.180621,8.323819919028017,28,6,pass,all_three_criteria_invariant_to_flagged_samples,111.180621,111.180621,8.288229814350322,8.323819919028017,2688.0,2688.0,0.0,7.0,0.0,0.0,0.0,0.0,0.0,0.0,0.0,14.0
2015-02,D3,1026,28,101.41028175,3.713742828001121,28,7,fail,median_raw_amplitude_below_8,101.41028175,101.41028175,3.663535103259465,3.733589989203159,2688.0,2688.0,0.0,9.0,0.0,0.0,0.0,0.0,0.0,0.0,0.0,9.0
2015-03,D1,994,31,359.09215600000005,38.91632855981177,31,12,pass,all_three_criteria_invariant_to_flagged_samples,359.09215600000005,359.152349,38.91632855981177,38.91632855981177,2968.0,2968.0,0.0,17.0,0.0,0.0,0.0,5.0,0.0,0.0,0.0,33.0
2015-03,D2,1010,31,336.9053745,30.999799526084242,31,6,pass,all_three_criteria_invariant_to_flagged_samples,336.88241,336.9053745,30.999799526084242,30.999799526084242,2968.0,2968.0,0.0,7.0,0.0,0.0,0.0,0.0,0.0,0.0,0.0,12.0
2015-03,D3,1026,31,304.6108325,10.325488902124334,31,8,pass,all_three_criteria_invariant_to_flagged_samples,304.6108325,304.6108325,10.325488902124334,10.325488902124334,2968.0,2968.0,0.0,11.0,0.0,0.0,0.0,0.0,0.0,0.0,0.0,11.0
2015-04,D1,994,30,382.00373249999996,32.59023688355856,30,6,pass,all_three_criteria_invariant_to_flagged_samples,382.00373249999996,382.00373249999996,32.511512754899016,32.59023688355856,2878.0,2877.0,0.0,6.0,0.0,0.0,0.0,0.0,0.0,1.0,0.0,14.0
2015-04,D2,1010,30,391.66278600000004,31.118788820974125,30,5,pass,all_three_criteria_invariant_to_flagged_samples,391.66278600000004,391.66278600000004,31.118788820974125,31.118788820974125,2878.0,2877.0,0.0,7.0,0.0,0.0,0.0,0.0,0.0,1.0,0.0,6.0
2015-04,D3,1026,30,385.22844875,13.79799238502472,30,8,pass,all_three_criteria_invariant_to_flagged_samples,385.22844875,385.22844875,13.79799238502472,13.79799238502472,2878.0,2877.0,0.0,12.0,0.0,0.0,0.0,0.0,0.0,1.0,0.0,14.0
2015-05,D1,994,31,289.0907125,37.521763676644994,31,7,pass,all_three_criteria_invariant_to_flagged_samples,289.0907125,289.0907125,37.521763676644994,37.521763676644994,2975.0,2974.0,0.0,7.0,0.0,0.0,0.0,0.0,0.0,1.0,0.0,10.0
2015-05,D2,1010,31,232.5380215,27.05628394792682,31,12,pass,all_three_criteria_invariant_to_flagged_samples,232.5380215,232.5380215,27.05628394792682,27.05628394792682,2975.0,2974.0,0.0,18.0,0.0,0.0,0.0,0.0,0.0,1.0,0.0,11.0
2015-05,D3,1026,31,168.431403,7.272890398794226,31,11,fail,median_raw_amplitude_below_8,168.431403,180.0516065,7.272890398794226,7.272890398794226,2975.0,2974.0,0.0,14.0,0.0,0.0,0.0,0.0,0.0,1.0,0.0,16.0
2015-06,D1,994,30,113.89017125000001,30.340830145534927,30,5,pass,all_three_criteria_invariant_to_flagged_samples,113.89017125000001,113.89017125000001,30.274482125584804,30.340830145534927,2880.0,2880.0,0.0,9.0,0.0,0.0,0.0,0.0,0.0,0.0,0.0,11.0
2015-06,D2,1010,30,120.63686200000001,13.459760672743993,30,4,pass,all_three_criteria_invariant_to_flagged_samples,120.63686200000001,120.63686200000001,13.459760672743993,13.459760672743993,2880.0,2880.0,0.0,5.0,0.0,0.0,0.0,0.0,0.0,0.0,0.0,8.0
2015-06,D3,1026,30,99.47613100000001,7.685937120735963,30,11,fail,median_concentration_outside_100_2000;median_raw_amplitude_below_8,99.38803924999999,99.47613100000001,7.685937120735963,7.685937120735963,2880.0,2880.0,0.0,15.0,0.0,0.0,0.0,0.0,0.0,0.0,0.0,10.0
2015-07,D1,994,31,324.731612,22.79023341745334,31,9,pass,all_three_criteria_invariant_to_flagged_samples,324.731612,324.731612,22.79023341745334,22.79023341745334,2975.0,2974.0,0.0,11.0,0.0,0.0,0.0,0.0,0.0,1.0,0.0,13.0
2015-07,D2,1010,31,294.23923349999995,22.954153308697375,31,7,pass,all_three_criteria_invariant_to_flagged_samples,294.23923349999995,294.23923349999995,22.876596458360495,23.191744989328882,2975.0,2974.0,0.0,12.0,0.0,0.0,0.0,0.0,0.0,1.0,0.0,8.0
2015-07,D3,1026,31,254.169825,11.326069391708604,31,9,pass,all_three_criteria_invariant_to_flagged_samples,254.169825,254.200478,11.326069391708604,11.43663698502562,2975.0,2974.0,0.0,9.0,0.0,0.0,0.0,0.0,0.0,1.0,0.0,18.0
2015-08,D1,994,31,350.299581,14.358180853251417,31,8,pass,all_three_criteria_invariant_to_flagged_samples,350.299581,350.299581,14.358180853251417,14.358180853251417,2974.0,2974.0,0.0,11.0,0.0,0.0,0.0,0.0,0.0,0.0,0.0,14.0
2015-08,D2,1010,31,354.93704,19.837635995010565,31,7,pass,all_three_criteria_invariant_to_flagged_samples,354.93704,354.93704,19.837635995010565,19.837635995010565,2974.0,2974.0,0.0,8.0,0.0,0.0,0.0,0.0,0.0,0.0,0.0,10.0
2015-08,D3,1026,31,346.794386,10.920873077360593,31,12,pass,all_three_criteria_invariant_to_flagged_samples,346.76374450000003,346.794386,10.920873077360593,10.920873077360593,2974.0,2974.0,0.0,14.0,0.0,0.0,0.0,0.0,0.0,0.0,0.0,7.0
2015-09,D1,994,30,358.5887515,8.973521262652941,30,7,pass,all_three_criteria_invariant_to_flagged_samples,358.5887515,358.5887515,8.908390894517575,9.01279921753881,2869.0,2861.0,0.0,12.0,0.0,0.0,0.0,0.0,0.0,8.0,0.0,15.0
2015-09,D2,1010,30,360.5135025,14.314926197947697,30,8,pass,all_three_criteria_invariant_to_flagged_samples,360.5135025,360.5135025,14.314926197947697,14.314926197947697,2869.0,2861.0,0.0,8.0,0.0,0.0,0.0,0.0,0.0,8.0,0.0,13.0
2015-09,D3,1026,30,348.7936475,8.26990739348759,30,9,pass,all_three_criteria_invariant_to_flagged_samples,348.7936475,348.9085535,8.229337508377546,8.26990739348759,2869.0,2861.0,0.0,12.0,0.0,0.0,0.0,0.0,0.0,8.0,0.0,11.0
2015-10,D1,994,31,363.2175845,6.671635805971569,31,7,fail,median_raw_amplitude_below_8,363.2175845,363.255914,6.671635805971569,6.676526035058068,2976.0,2976.0,0.0,8.0,0.0,0.0,0.0,0.0,0.0,0.0,0.0,14.0
2015-10,D2,1010,31,361.63953000000004,13.589486294669609,31,8,pass,all_three_criteria_invariant_to_flagged_samples,361.63953000000004,361.63953000000004,13.443488613512883,13.618424985315887,2976.0,2976.0,0.0,12.0,0.0,0.0,0.0,0.0,0.0,0.0,0.0,11.0
2015-10,D3,1026,31,346.6795415,8.28292052212421,31,7,pass,all_three_criteria_invariant_to_flagged_samples,346.6795415,346.6795415,8.28292052212421,8.28292052212421,2976.0,2976.0,0.0,11.0,0.0,0.0,0.0,0.0,0.0,0.0,0.0,12.0
2015-11,D1,994,30,395.68504475000003,10.687314018519828,30,6,pass,all_three_criteria_invariant_to_flagged_samples,395.68504475000003,395.68504475000003,10.687314018519828,10.687314018519828,2880.0,2880.0,0.0,9.0,0.0,0.0,0.0,0.0,0.0,0.0,0.0,17.0
2015-11,D2,1010,30,380.5290695,11.397903051777293,30,9,pass,all_three_criteria_invariant_to_flagged_samples,380.50611649999996,380.5290695,11.38362351020511,11.443507382615167,2880.0,2880.0,0.0,12.0,0.0,0.0,0.0,0.0,0.0,0.0,0.0,7.0
2015-11,D3,1026,30,362.432344,5.570547321337296,30,13,fail,median_raw_amplitude_below_8,362.432344,362.47829525,5.570547321337296,5.643344709415151,2880.0,2880.0,0.0,17.0,0.0,0.0,0.0,0.0,0.0,0.0,0.0,17.0
2015-12,D1,994,31,434.5978735,10.557249693487437,31,5,pass,all_three_criteria_invariant_to_flagged_samples,434.5978735,434.5978735,10.557249693487437,10.674034851790683,2994.0,2966.0,0.0,11.0,0.0,0.0,0.0,0.0,0.0,28.0,0.0,10.0
2015-12,D2,1010,31,417.66473299999996,10.64447100780587,31,7,pass,all_three_criteria_invariant_to_flagged_samples,417.66473299999996,417.66473299999996,10.64447100780587,10.812605021043643,2994.0,2966.0,0.0,9.0,0.0,0.0,0.0,0.0,0.0,28.0,0.0,9.0
2015-12,D3,1026,31,406.075104,5.935664628267445,31,11,fail,median_raw_amplitude_below_8,406.067371,406.075104,5.935664628267445,5.935664628267445,2994.0,2966.0,0.0,11.0,0.0,0.0,0.0,0.0,0.0,28.0,0.0,18.0
2016-01,D1,994,31,456.543668,12.551686638838124,31,11,pass,all_three_criteria_invariant_to_flagged_samples,456.543668,456.543668,12.551686638838124,12.558581482238552,2958.0,2958.0,0.0,14.0,0.0,0.0,0.0,0.0,0.0,0.0,0.0,14.0
2016-01,D2,1010,31,444.198974,10.763422503147986,31,8,pass,all_three_criteria_invariant_to_flagged_samples,444.198974,444.198974,10.652972142530148,10.83137430054662,2958.0,2958.0,0.0,12.0,0.0,0.0,0.0,0.0,0.0,0.0,0.0,13.0
2016-01,D3,1026,31,438.96722350000005,4.704976552468118,31,8,fail,median_raw_amplitude_below_8,438.928916,438.96722350000005,4.704976552468118,4.704976552468118,2958.0,2958.0,0.0,11.0,0.0,0.0,0.0,0.0,0.0,0.0,0.0,10.0
2016-02,D1,994,29,435.883625,16.34713606664114,29,11,pass,all_three_criteria_invariant_to_flagged_samples,435.883625,435.883625,16.34104412119221,16.34713606664114,2784.0,2784.0,0.0,13.0,0.0,0.0,0.0,0.0,0.0,0.0,0.0,12.0
2016-02,D2,1010,29,439.526348,10.696004063358679,29,7,pass,all_three_criteria_invariant_to_flagged_samples,439.526348,439.526348,10.696004063358679,10.696004063358679,2784.0,2784.0,0.0,9.0,0.0,0.0,0.0,0.0,0.0,0.0,0.0,11.0
2016-02,D3,1026,29,447.3548765,5.681283446279197,29,9,fail,median_raw_amplitude_below_8,447.3548765,447.3548765,5.681283446279197,5.681283446279197,2784.0,2784.0,0.0,10.0,0.0,0.0,0.0,0.0,0.0,0.0,0.0,14.0
2016-03,D1,994,0,,,0,0,fail,fewer_than_10_valid_days,,,,,41.0,41.0,0.0,0.0,0.0,0.0,0.0,0.0,0.0,0.0,0.0,0.0
2016-03,D2,1010,0,,,0,0,fail,fewer_than_10_valid_days,,,,,41.0,41.0,0.0,1.0,0.0,0.0,0.0,0.0,0.0,0.0,0.0,0.0
2016-03,D3,1026,0,,,0,0,fail,fewer_than_10_valid_days,,,,,41.0,41.0,0.0,0.0,0.0,0.0,0.0,0.0,0.0,0.0,0.0,1.0
2016-04,D1,994,0,,,0,0,fail,fewer_than_10_valid_days,,,,,,,,,,,,,,,,
2016-04,D2,1010,0,,,0,0,fail,fewer_than_10_valid_days,,,,,,,,,,,,,,,,
2016-04,D3,1026,0,,,0,0,fail,fewer_than_10_valid_days,,,,,,,,,,,,,,,,
2016-05,D1,994,0,,,0,0,fail,fewer_than_10_valid_days,,,,,,,,,,,,,,,,
2016-05,D2,1010,0,,,0,0,fail,fewer_than_10_valid_days,,,,,,,,,,,,,,,,
2016-05,D3,1026,0,,,0,0,fail,fewer_than_10_valid_days,,,,,,,,,,,,,,,,
2016-06,D1,994,0,,,0,0,fail,fewer_than_10_valid_days,,,,,,,,,,,,,,,,
2016-06,D2,1010,0,,,0,0,fail,fewer_than_10_valid_days,,,,,,,,,,,,,,,,
2016-06,D3,1026,0,,,0,0,fail,fewer_than_10_valid_days,,,,,,,,,,,,,,,,
2016-07,D1,994,9,354.496161,18.121775777099906,9,9,fail,fewer_than_10_valid_days,,,,,10546.0,10546.0,0.0,53.0,0.0,0.0,0.0,0.0,0.0,0.0,0.0,44.0
2016-07,D2,1010,9,401.3297905,11.732066685230986,9,8,fail,fewer_than_10_valid_days,,,,,10546.0,10546.0,0.0,39.0,0.0,0.0,0.0,0.0,0.0,0.0,0.0,46.0
2016-07,D3,1026,9,396.657176,6.748387307203974,9,9,fail,fewer_than_10_valid_days,,,,,10546.0,10546.0,0.0,32.0,0.0,0.0,0.0,0.0,0.0,0.0,0.0,47.0
2016-08,D1,994,31,345.8075285,19.034378697983914,31,31,pass,all_three_criteria_invariant_to_flagged_samples,345.802045,348.069926,19.0244908035479,19.049519099950114,44640.0,44640.0,0.0,176.0,0.0,0.0,0.0,0.0,0.0,0.0,0.0,180.0
2016-08,D2,1010,31,386.220489,12.956213018989114,31,30,pass,all_three_criteria_invariant_to_flagged_samples,386.143851,386.26644550000003,12.914986108565863,12.965644497750835,44640.0,44640.0,0.0,169.0,0.0,0.0,0.0,0.0,0.0,0.0,0.0,186.0
2016-08,D3,1026,31,381.524854,7.606135544024004,31,31,fail,median_raw_amplitude_below_8,380.988626,381.547763,7.568440083579931,7.636600312901002,44640.0,44640.0,0.0,167.0,0.0,0.0,0.0,0.0,0.0,0.0,0.0,194.0
2016-09,D1,994,30,362.123281,16.19318571171246,30,30,pass,all_three_criteria_invariant_to_flagged_samples,362.06038424999997,362.225914,16.18677874780778,16.213181765511806,43200.0,43200.0,0.0,181.0,0.0,0.0,0.0,0.0,0.0,0.0,0.0,167.0
2016-09,D2,1010,30,390.62493125000003,12.570803653518276,30,30,pass,all_three_criteria_invariant_to_flagged_samples,390.59811725,391.08644300000003,12.557156334776762,12.572008526207789,43200.0,43200.0,0.0,148.0,0.0,0.0,0.0,0.0,0.0,0.0,0.0,190.0
2016-09,D3,1026,30,381.56889950000004,7.068746063808044,30,30,fail,median_raw_amplitude_below_8,381.0843955,382.1721595,7.037231416959101,7.219996734521232,43200.0,43200.0,0.0,159.0,0.0,0.0,0.0,0.0,0.0,0.0,0.0,185.0
2016-10,D1,994,27,371.3481625,16.331705054565788,27,27,pass,all_three_criteria_invariant_to_flagged_samples,371.3262555,371.43021,16.293828892164438,16.339288314364694,40301.0,40300.0,0.0,155.0,0.0,0.0,0.0,0.0,0.0,1.0,0.0,159.0
2016-10,D2,1010,27,398.41516,13.187764487729877,27,27,pass,all_three_criteria_invariant_to_flagged_samples,398.269696,398.434275,13.173873154485834,13.19909626011482,40301.0,40300.0,0.0,144.0,0.0,0.0,0.0,0.0,0.0,1.0,0.0,199.0
2016-10,D3,1026,27,391.253002,7.918790136707218,27,27,fail,median_raw_amplitude_below_8,391.061543,391.743273,7.864312403851809,7.923203623578121,40301.0,40300.0,0.0,161.0,0.0,0.0,0.0,0.0,0.0,1.0,0.0,165.0
2016-11,D1,994,30,92.16315349999999,5.012992961497249,30,29,fail,median_concentration_outside_100_2000;median_raw_amplitude_below_8,92.15764200000001,92.7444875,4.926311789494305,5.0665373501740785,43199.0,43199.0,0.0,161.0,0.0,0.0,0.0,0.0,0.0,0.0,0.0,196.0
2016-11,D2,1010,30,109.7558445,3.8974214043974866,30,30,fail,median_raw_amplitude_below_8,109.73481575,110.701833,3.889964501128212,3.902346133790531,43199.0,43199.0,0.0,174.0,0.0,0.0,0.0,0.0,0.0,0.0,0.0,202.0
2016-11,D3,1026,30,101.50025600000001,2.9770286272651365,30,30,fail,median_raw_amplitude_below_8,101.50025600000001,103.0820655,2.971583542368605,2.9892173041987027,43199.0,43199.0,0.0,173.0,0.0,0.0,0.0,0.0,0.0,0.0,0.0,161.0
2016-12,D1,994,31,103.144296,5.188154246664214,31,31,fail,median_raw_amplitude_below_8,103.100538,108.944003,5.188154246664214,5.191065574987781,44639.0,44639.0,0.0,166.0,0.0,0.0,0.0,0.0,0.0,0.0,0.0,148.0
2016-12,D2,1010,31,125.880129,5.139166842814553,31,31,fail,median_raw_amplitude_below_8,122.4102,125.895427,5.139166842814553,5.164471085661428,44639.0,44639.0,0.0,164.0,0.0,0.0,0.0,0.0,0.0,0.0,0.0,169.0
2016-12,D3,1026,31,115.6387115,4.602630241112478,31,31,fail,median_raw_amplitude_below_8,115.596571,116.531105,4.569123469168264,4.619106467268638,44639.0,44639.0,0.0,174.0,0.0,0.0,0.0,0.0,0.0,0.0,0.0,176.0
2017-01,D1,994,31,220.462584,25.603248995169892,31,31,pass,all_three_criteria_invariant_to_flagged_samples,210.00669,220.473528,25.573153922431967,25.607999499249967,44640.0,44640.0,0.0,185.0,0.0,0.0,0.0,0.0,0.0,0.0,0.0,169.0
2017-01,D2,1010,31,193.157881,18.0453339103722,31,31,pass,all_three_criteria_invariant_to_flagged_samples,193.157859,193.177057,18.043648230289097,18.05863470650544,44640.0,44640.0,0.0,152.0,0.0,0.0,0.0,0.0,0.0,0.0,0.0,182.0
2017-01,D3,1026,31,163.536665,10.961791143561868,31,31,pass,all_three_criteria_invariant_to_flagged_samples,163.502229,163.544397,10.959670099245928,10.989839926249225,44640.0,44640.0,0.0,144.0,0.0,0.0,0.0,0.0,0.0,0.0,0.0,187.0
2017-02,D1,994,28,381.91483200000005,26.344896436671846,28,28,pass,all_three_criteria_invariant_to_flagged_samples,380.85747375000005,383.3920895,26.189785661739627,26.54150341985056,40320.0,40320.0,0.0,154.0,0.0,0.0,0.0,0.0,0.0,0.0,0.0,158.0
2017-02,D2,1010,28,347.07021525000005,24.689052986012424,28,28,pass,all_three_criteria_invariant_to_flagged_samples,346.98789,347.13147100000003,24.674576885130605,24.691967793901412,40320.0,40320.0,0.0,138.0,0.0,0.0,0.0,0.0,0.0,0.0,0.0,137.0
2017-02,D3,1026,28,302.18452249999996,9.663838443705359,28,28,pass,all_three_criteria_invariant_to_flagged_samples,302.13854925,308.5978785,9.619806184906132,9.694390876630054,40320.0,40320.0,0.0,166.0,0.0,0.0,0.0,0.0,0.0,0.0,0.0,189.0
2017-03,D1,994,31,400.573762,20.047425152811993,31,31,pass,all_three_criteria_invariant_to_flagged_samples,397.60008700000003,400.576456,20.038073543986112,20.069421722726325,44641.0,44639.0,0.0,206.0,0.0,0.0,0.0,0.0,0.0,2.0,0.0,189.0
2017-03,D2,1010,31,405.638501,25.69503334114991,31,31,pass,all_three_criteria_invariant_to_flagged_samples,405.5044745,407.1782,25.68083634319702,25.712997208239226,44641.0,44639.0,0.0,178.0,0.0,0.0,0.0,0.0,0.0,2.0,0.0,172.0
2017-03,D3,1026,31,398.0513165,13.890143160270547,31,31,pass,all_three_criteria_invariant_to_flagged_samples,398.035957,403.555075,13.84389089598116,13.927386267665154,44641.0,44639.0,0.0,180.0,0.0,0.0,0.0,0.0,0.0,2.0,0.0,187.0
2017-04,D1,994,30,420.3940055,13.014819882067698,30,25,pass,all_three_criteria_invariant_to_flagged_samples,419.66904,420.437761,12.982070570206128,13.03885180794969,35565.0,35565.0,0.0,143.0,0.0,0.0,0.0,0.0,0.0,0.0,0.0,146.0
2017-04,D2,1010,30,430.74034900000004,19.20445311394726,30,26,pass,all_three_criteria_invariant_to_flagged_samples,427.9655335,430.76139150000006,19.19211552403081,19.220849250773526,35565.0,35565.0,0.0,138.0,0.0,0.0,0.0,0.0,0.0,0.0,0.0,151.0
2017-04,D3,1026,30,422.5211465,11.483068149471864,30,27,pass,all_three_criteria_invariant_to_flagged_samples,422.486678,422.5288185,11.471695076648198,11.495083485452906,35565.0,35565.0,0.0,133.0,0.0,0.0,0.0,0.0,0.0,0.0,0.0,124.0
2017-05,D1,994,31,329.24552,39.33339450994985,31,22,pass,all_three_criteria_invariant_to_flagged_samples,328.9938135,329.7543685,39.33339450994985,39.37012539458361,8928.0,8928.0,0.0,43.0,0.0,0.0,0.0,0.0,0.0,0.0,0.0,42.0
2017-05,D2,1010,31,273.074697,30.530217135835024,31,23,pass,all_three_criteria_invariant_to_flagged_samples,272.52316,273.074697,30.530217135835024,30.651257342819623,8928.0,8928.0,0.0,41.0,0.0,0.0,0.0,0.0,0.0,0.0,0.0,46.0
2017-05,D3,1026,31,254.997114,13.53105959894208,31,19,pass,all_three_criteria_invariant_to_flagged_samples,254.997114,254.997114,13.53105959894208,13.53105959894208,8928.0,8928.0,0.0,31.0,0.0,0.0,0.0,0.0,0.0,0.0,0.0,31.0
2017-06,D1,994,30,331.6912095,35.16699107102967,30,25,pass,all_three_criteria_invariant_to_flagged_samples,331.54897700000004,331.699427,35.15307048738805,35.25693515310543,8640.0,8640.0,0.0,54.0,0.0,0.0,0.0,0.0,0.0,0.0,0.0,54.0
2017-06,D2,1010,30,289.44786899999997,33.83665522180967,30,18,pass,all_three_criteria_invariant_to_flagged_samples,289.44786899999997,289.83471575,33.83665522180967,33.83665522180967,8640.0,8640.0,0.0,29.0,0.0,0.0,0.0,0.0,0.0,0.0,0.0,37.0
2017-06,D3,1026,30,261.243763,17.47611236577693,30,15,pass,all_three_criteria_invariant_to_flagged_samples,261.243763,261.63059875,17.46273277991317,17.49368371672363,8640.0,8640.0,0.0,36.0,0.0,0.0,0.0,0.0,0.0,0.0,0.0,36.0
2017-07,D1,994,31,309.5757405,31.28001665847174,31,22,pass,all_three_criteria_invariant_to_flagged_samples,309.5757405,309.635941,31.28001665847174,31.28001665847174,8928.0,8928.0,0.0,33.0,0.0,0.0,0.0,0.0,0.0,0.0,0.0,62.0
2017-07,D2,1010,31,262.396593,27.97192348306687,31,18,pass,all_three_criteria_invariant_to_flagged_samples,262.33529899999996,262.396593,27.97192348306687,27.983134971495417,8928.0,8928.0,0.0,37.0,0.0,0.0,0.0,0.0,0.0,0.0,0.0,29.0
2017-07,D3,1026,31,238.45904050000001,13.75204992860375,31,16,pass,all_three_criteria_invariant_to_flagged_samples,237.5934,239.324681,13.75204992860375,13.75204992860375,8928.0,8928.0,0.0,34.0,0.0,0.0,0.0,0.0,0.0,0.0,0.0,33.0
2017-08,D1,994,31,346.338209,28.31227527940893,31,14,pass,all_three_criteria_invariant_to_flagged_samples,346.338209,346.3765305,28.31227527940893,28.314103734808608,12806.0,12503.0,129.0,34.0,0.0,0.0,1.0,0.0,0.0,168.0,0.0,47.0
2017-08,D2,1010,31,304.6874365,29.144565226935,31,15,pass,all_three_criteria_invariant_to_flagged_samples,304.66445,304.710423,29.144565226935,29.144565226935,12806.0,12512.0,129.0,21.0,0.0,0.0,1.0,0.0,0.0,159.0,0.0,39.0
2017-08,D3,1026,31,272.852462,16.382687148866573,31,16,pass,all_three_criteria_invariant_to_flagged_samples,272.852462,272.852462,16.382687148866573,16.382687148866573,12806.0,12523.0,126.0,30.0,0.0,0.0,1.0,0.0,0.0,151.0,0.0,22.0
2017-09,D1,994,17,451.25823,83.67654731511517,17,7,pass,all_three_criteria_invariant_to_flagged_samples,448.54447,451.25823,83.67654731511517,83.67654731511517,6704.0,6704.0,0.0,16.0,0.0,0.0,0.0,3318.0,0.0,0.0,0.0,17.0
2017-09,D2,1010,22,285.644661,25.049344186675285,22,15,pass,all_three_criteria_invariant_to_flagged_samples,285.55272525,286.23066125,25.035336188664775,25.051530827292645,6704.0,6704.0,0.0,28.0,0.0,0.0,0.0,0.0,0.0,0.0,0.0,30.0
2017-09,D3,1026,22,257.283548,12.303790251535112,22,16,pass,all_three_criteria_invariant_to_flagged_samples,257.2146265,259.374728,12.270130165093477,12.307175983830724,6704.0,6704.0,0.0,29.0,0.0,0.0,0.0,0.0,0.0,0.0,0.0,33.0
2017-10,D1,994,31,370.915906,25.583206986381203,31,16,pass,all_three_criteria_invariant_to_flagged_samples,370.89947900000004,370.948728,25.583206986381203,25.583206986381203,8846.0,8846.0,0.0,24.0,0.0,0.0,0.0,0.0,0.0,0.0,0.0,51.0
2017-10,D2,1010,31,334.0635205,24.35502593822936,31,23,pass,all_three_criteria_invariant_to_flagged_samples,334.0635205,334.0635205,24.35502593822936,24.370190223430903,8846.0,8846.0,0.0,41.0,0.0,0.0,0.0,0.0,0.0,0.0,0.0,45.0
2017-10,D3,1026,31,319.9614395,12.212789078546859,31,17,pass,all_three_criteria_invariant_to_flagged_samples,319.823586,319.9614395,12.212789078546859,12.212789078546859,8846.0,8846.0,0.0,34.0,0.0,0.0,0.0,0.0,0.0,0.0,0.0,35.0
2017-11,D1,994,25,418.17805,21.935180890783357,25,14,pass,all_three_criteria_invariant_to_flagged_samples,418.1233405,418.17805,21.935180890783357,21.935180890783357,10582.0,10556.0,16.0,26.0,1450.0,1425.0,0.0,0.0,0.0,10.0,1450.0,36.0
2017-11,D2,1010,25,372.66223449999995,21.440156993476926,25,12,pass,all_three_criteria_invariant_to_flagged_samples,372.66223449999995,372.66223449999995,21.440156993476926,21.440156993476926,10582.0,10558.0,15.0,23.0,1451.0,1426.0,0.0,0.0,0.0,9.0,1451.0,26.0
2017-11,D3,1026,25,376.959518,10.168630961187162,25,9,pass,all_three_criteria_invariant_to_flagged_samples,376.959518,376.959518,10.10775453440387,10.168630961187162,10582.0,10559.0,14.0,20.0,1452.0,1427.0,0.0,0.0,0.0,9.0,1452.0,21.0
2017-12,D1,994,20,458.3137275,17.133423650077795,20,9,pass,all_three_criteria_invariant_to_flagged_samples,458.3137275,458.5353375,17.133423650077795,17.15797695480764,8925.0,8894.0,17.0,14.0,0.0,0.0,5.0,1010.0,0.0,14.0,0.0,16.0
2017-12,D2,1010,20,390.900669,19.75115719825964,20,11,pass,all_three_criteria_invariant_to_flagged_samples,390.87389375,390.900669,19.75115719825964,19.75115719825964,8925.0,8895.0,19.0,14.0,0.0,0.0,5.0,1010.0,0.0,11.0,0.0,10.0
2017-12,D3,1026,20,392.04588875,11.277239477906742,20,13,pass,all_three_criteria_invariant_to_flagged_samples,391.99993225,392.07652475,11.126638863506706,11.319520241316344,8925.0,8896.0,19.0,27.0,0.0,0.0,5.0,1010.0,0.0,10.0,0.0,21.0
2018-01,D1,994,29,237.216123,24.216859722088007,29,12,pass,all_three_criteria_invariant_to_flagged_samples,236.3078435,237.216123,24.216859722088007,24.216859722088007,2974.0,2974.0,0.0,17.0,0.0,0.0,1.0,151.0,0.0,0.0,0.0,12.0
2018-01,D2,1010,29,199.454387,16.409176875402526,29,8,pass,all_three_criteria_invariant_to_flagged_samples,199.454387,199.454387,16.409176875402526,16.409176875402526,2974.0,2974.0,0.0,11.0,0.0,0.0,1.0,151.0,0.0,0.0,0.0,3.0
2018-01,D3,1026,29,220.557674,6.958502785322876,29,8,fail,median_raw_amplitude_below_8,220.557674,220.573017,6.958502785322876,6.958502785322876,2974.0,2974.0,0.0,12.0,0.0,0.0,1.0,151.0,0.0,0.0,0.0,17.0
2018-02,D1,994,28,293.744151,33.533738203198865,28,6,pass,all_three_criteria_invariant_to_flagged_samples,293.744151,293.744151,33.533738203198865,33.533738203198865,2681.0,2679.0,2.0,9.0,0.0,0.0,0.0,0.0,0.0,0.0,0.0,10.0
2018-02,D2,1010,28,229.1522185,21.023402519572052,28,6,pass,all_three_criteria_invariant_to_flagged_samples,229.1522185,229.1522185,21.022584463972475,21.023402519572052,2681.0,2679.0,2.0,8.0,0.0,0.0,0.0,0.0,0.0,0.0,0.0,9.0
2018-02,D3,1026,28,223.4531675,7.25937405558207,28,4,fail,median_raw_amplitude_below_8,223.40336675,223.4531675,7.25937405558207,7.293176389132835,2681.0,2679.0,2.0,5.0,0.0,0.0,0.0,0.0,0.0,0.0,0.0,18.0
2018-03,D1,994,31,433.722393,28.633830841498266,31,6,pass,all_three_criteria_invariant_to_flagged_samples,433.722393,433.722393,28.58454559864944,28.921811713651188,2972.0,2972.0,0.0,8.0,0.0,0.0,1.0,0.0,0.0,0.0,0.0,7.0
2018-03,D2,1010,31,376.208833,29.737823461033834,31,7,pass,all_three_criteria_invariant_to_flagged_samples,376.20882200000005,376.208833,29.737823461033834,29.814684050301107,2972.0,2972.0,0.0,9.0,0.0,0.0,1.0,0.0,0.0,0.0,0.0,8.0
2018-03,D3,1026,31,385.24760249999997,15.309099271580564,31,7,pass,all_three_criteria_invariant_to_flagged_samples,385.24760249999997,385.24760249999997,15.145787002713549,15.309099271580564,2972.0,2972.0,0.0,8.0,0.0,0.0,1.0,0.0,0.0,0.0,0.0,10.0
2018-04,D1,994,30,415.21529350000003,29.27488000373951,30,4,pass,all_three_criteria_invariant_to_flagged_samples,415.21529350000003,415.21529350000003,29.27488000373951,29.27488000373951,2879.0,2879.0,0.0,5.0,0.0,0.0,0.0,0.0,0.0,0.0,0.0,12.0
2018-04,D2,1010,30,393.82684900000004,29.110916242687075,30,6,pass,all_three_criteria_invariant_to_flagged_samples,393.82684900000004,393.82684900000004,28.978367888960733,29.45224696797898,2879.0,2879.0,0.0,9.0,0.0,0.0,0.0,0.0,0.0,0.0,0.0,9.0
2018-04,D3,1026,30,398.1508965,15.84680931096971,30,5,pass,all_three_criteria_invariant_to_flagged_samples,398.1508965,398.192998,15.84680931096971,15.84680931096971,2879.0,2879.0,0.0,5.0,0.0,0.0,0.0,0.0,0.0,0.0,0.0,7.0
2018-05,D1,994,31,377.569151,37.784152657828,31,7,pass,all_three_criteria_invariant_to_flagged_samples,377.569151,377.569151,37.784152657828,37.784152657828,2972.0,2972.0,0.0,7.0,0.0,0.0,0.0,0.0,0.0,0.0,0.0,10.0
2018-05,D2,1010,31,319.93857549999996,36.42420153748961,31,8,pass,all_three_criteria_invariant_to_flagged_samples,319.93857549999996,319.93857549999996,36.42420153748961,36.42420153748961,2972.0,2972.0,0.0,11.0,0.0,0.0,0.0,0.0,0.0,0.0,0.0,6.0
2018-05,D3,1026,31,307.851049,19.5197151359352,31,6,pass,all_three_criteria_invariant_to_flagged_samples,307.851049,307.851049,19.5197151359352,19.5197151359352,2972.0,2972.0,0.0,9.0,0.0,0.0,0.0,0.0,0.0,0.0,0.0,7.0
2018-06,D1,994,30,403.7937285,27.64527915950206,30,6,pass,all_three_criteria_invariant_to_flagged_samples,403.7937285,403.7937285,27.64527915950206,27.64527915950206,4006.0,4000.0,3.0,9.0,0.0,0.0,0.0,2.0,0.0,3.0,0.0,9.0
2018-06,D2,1010,30,366.10914149999996,26.574528438498575,30,7,pass,all_three_criteria_invariant_to_flagged_samples,365.55759924999995,366.10914149999996,26.574528438498575,26.574528438498575,4006.0,4000.0,3.0,9.0,0.0,0.0,0.0,0.0,0.0,3.0,0.0,7.0
2018-06,D3,1026,30,380.146028,16.948000952534024,30,11,pass,all_three_criteria_invariant_to_flagged_samples,380.146028,380.613295,16.948000952534024,16.948000952534024,4006.0,4001.0,3.0,15.0,0.0,0.0,0.0,0.0,0.0,2.0,0.0,9.0
2018-07,D1,994,31,390.492686,27.651369402726484,31,9,pass,all_three_criteria_invariant_to_flagged_samples,390.164375,390.700579,27.651369402726484,27.651369402726484,2979.0,2979.0,0.0,13.0,0.0,0.0,9.0,0.0,0.0,0.0,0.0,15.0
2018-07,D2,1010,31,357.08948150000003,25.59847196979852,31,5,pass,all_three_criteria_invariant_to_flagged_samples,357.08948150000003,357.08948150000003,25.236755450851096,25.59847196979852,2979.0,2979.0,0.0,5.0,0.0,0.0,9.0,0.0,0.0,0.0,0.0,6.0
2018-07,D3,1026,31,341.095379,15.368432767297952,31,9,pass,all_three_criteria_invariant_to_flagged_samples,341.095379,341.233266,15.368432767297952,15.368432767297952,2979.0,2979.0,0.0,12.0,0.0,0.0,9.0,0.0,0.0,0.0,0.0,15.0
2018-08,D1,994,31,379.363759,19.05924408461016,31,2,pass,all_three_criteria_invariant_to_flagged_samples,379.363759,379.363759,19.05924408461016,19.283576690880473,2976.0,2976.0,0.0,2.0,0.0,0.0,15.0,0.0,0.0,0.0,0.0,4.0
2018-08,D2,1010,31,376.7143965,11.516648972990987,31,5,pass,all_three_criteria_invariant_to_flagged_samples,376.7143965,376.7143965,11.516648972990987,11.516648972990987,2976.0,2976.0,0.0,6.0,0.0,0.0,15.0,0.0,0.0,0.0,0.0,3.0
2018-08,D3,1026,31,368.57182,5.262964249057541,31,2,fail,median_raw_amplitude_below_8,368.57182,368.57182,5.262964249057541,5.262964249057541,2976.0,2976.0,0.0,2.0,0.0,0.0,15.0,0.0,0.0,0.0,0.0,4.0
2018-09,D1,994,30,333.0207745,29.50618461713253,30,8,pass,all_three_criteria_invariant_to_flagged_samples,333.0207745,333.2834285,29.50618461713253,29.54548085925648,3543.0,3529.0,6.0,12.0,0.0,0.0,5.0,0.0,0.0,8.0,0.0,5.0
2018-09,D2,1010,30,248.41711775,24.952699059331373,30,11,pass,all_three_criteria_invariant_to_flagged_samples,248.41711775,248.41711775,24.952699059331373,24.952699059331373,3543.0,3531.0,6.0,17.0,0.0,0.0,5.0,0.0,0.0,6.0,0.0,11.0
2018-09,D3,1026,30,233.801874,13.325434906599282,30,12,pass,all_three_criteria_invariant_to_flagged_samples,233.77121575,233.81716699999998,13.213478889861605,13.483163580904819,3543.0,3531.0,6.0,19.0,0.0,0.0,5.0,0.0,0.0,6.0,0.0,10.0
2018-10,D1,994,31,229.041751,24.489833604551773,31,6,pass,all_three_criteria_invariant_to_flagged_samples,229.041751,229.43032549999998,24.489833604551773,24.489833604551773,2973.0,2973.0,0.0,7.0,0.0,0.0,12.0,0.0,0.0,0.0,0.0,13.0
2018-10,D2,1010,31,191.3654725,13.004883629753648,31,9,pass,all_three_criteria_invariant_to_flagged_samples,191.3654725,191.3654725,13.004883629753648,13.047894204010605,2973.0,2973.0,0.0,9.0,0.0,0.0,12.0,0.0,0.0,0.0,0.0,6.0
2018-10,D3,1026,31,197.593018,4.843209197184427,31,6,fail,median_raw_amplitude_below_8,197.593018,197.593018,4.843209197184427,4.843209197184427,2973.0,2973.0,0.0,7.0,0.0,0.0,12.0,0.0,0.0,0.0,0.0,19.0
2018-11,D1,994,23,219.4558225,18.870478304715075,23,5,pass,all_three_criteria_invariant_to_flagged_samples,219.4558225,219.4558225,18.870478304715075,18.870478304715075,2974.0,2971.0,1.0,8.0,0.0,0.0,4.0,587.0,0.0,2.0,0.0,9.0
2018-11,D2,1010,23,170.399984,9.580005297628757,23,5,pass,all_three_criteria_invariant_to_flagged_samples,170.399984,170.399984,9.568825484893434,9.580005297628757,2974.0,2971.0,1.0,5.0,0.0,0.0,4.0,587.0,0.0,2.0,0.0,6.0
2018-11,D3,1026,23,175.69314,2.3498350741925385,23,10,fail,median_raw_amplitude_below_8,175.685507,175.69314,2.3498350741925385,2.3816707157058024,2974.0,2972.0,0.0,13.0,0.0,0.0,4.0,587.0,0.0,2.0,0.0,11.0
2018-12,D1,994,31,234.43117949999998,17.90978669736556,31,8,pass,all_three_criteria_invariant_to_flagged_samples,234.43117949999998,234.43117949999998,17.90978669736556,17.90978669736556,3305.0,3300.0,2.0,10.0,0.0,0.0,6.0,0.0,0.0,3.0,0.0,12.0
2018-12,D2,1010,31,172.314981,8.077767105922938,31,10,pass,all_three_criteria_invariant_to_flagged_samples,172.314981,172.314981,8.027580537446507,8.077767105922938,3305.0,3300.0,2.0,10.0,0.0,0.0,6.0,0.0,0.0,3.0,0.0,14.0
2018-12,D3,1026,31,175.0419455,3.3801055521465013,31,7,fail,median_raw_amplitude_below_8,175.0419455,175.0419455,3.3801055521465013,3.3801055521465013,3305.0,3300.0,2.0,7.0,0.0,0.0,6.0,0.0,0.0,3.0,0.0,8.0
2019-01,D1,994,31,357.751584,25.533437433856015,31,3,pass,all_three_criteria_invariant_to_flagged_samples,357.751584,357.751584,25.533437433856015,25.533437433856015,2976.0,2976.0,0.0,3.0,0.0,0.0,31.0,0.0,0.0,0.0,0.0,7.0
2019-01,D2,1010,31,271.512,18.095145580379175,31,9,pass,all_three_criteria_invariant_to_flagged_samples,271.512,271.512,18.095145580379175,18.095145580379175,2976.0,2976.0,0.0,13.0,0.0,0.0,31.0,0.0,0.0,0.0,0.0,13.0
2019-01,D3,1026,31,289.8807115,6.990290300029368,31,12,fail,median_raw_amplitude_below_8,289.8807115,289.926618,6.80540006090407,7.090612187581656,2976.0,2976.0,0.0,16.0,0.0,0.0,31.0,0.0,0.0,0.0,0.0,17.0
2019-02,D1,994,28,246.41906,22.082303044488462,28,10,pass,all_three_criteria_invariant_to_flagged_samples,246.361605,246.41906,21.972417448176515,22.082303044488462,2685.0,2685.0,0.0,14.0,0.0,0.0,14.0,0.0,0.0,0.0,0.0,10.0
2019-02,D2,1010,28,184.01187175,11.250977070794157,28,5,pass,all_three_criteria_invariant_to_flagged_samples,184.01187175,184.01187175,11.222049849596306,11.250977070794157,2685.0,2685.0,0.0,6.0,0.0,0.0,14.0,0.0,0.0,0.0,0.0,12.0
2019-02,D3,1026,28,201.17408025,3.6073939028076607,28,9,fail,median_raw_amplitude_below_8,201.17408025,201.17408025,3.6073939028076607,3.6073939028076607,2685.0,2685.0,0.0,13.0,0.0,0.0,14.0,0.0,0.0,0.0,0.0,13.0
2019-03,D1,994,31,451.49354900000003,29.525166829009226,31,7,pass,all_three_criteria_invariant_to_flagged_samples,451.49354900000003,451.49354900000003,29.525166829009226,29.525166829009226,2973.0,2973.0,0.0,7.0,0.0,0.0,1.0,0.0,0.0,0.0,0.0,6.0
2019-03,D2,1010,31,359.1729735,26.92883569891655,31,3,pass,all_three_criteria_invariant_to_flagged_samples,359.1729735,359.862375,26.92883569891655,26.92883569891655,2973.0,2973.0,0.0,5.0,0.0,0.0,1.0,0.0,0.0,0.0,0.0,9.0
2019-03,D3,1026,31,345.04796150000004,14.054340051101944,31,6,pass,all_three_criteria_invariant_to_flagged_samples,345.04796150000004,345.04796150000004,14.054340051101944,14.054340051101944,2973.0,2973.0,0.0,8.0,0.0,0.0,1.0,0.0,0.0,0.0,0.0,13.0
2019-04,D1,994,30,450.01633949999996,23.522506542890362,30,7,pass,all_three_criteria_invariant_to_flagged_samples,449.7044125,450.01633949999996,23.522506542890362,23.620509117524264,2932.0,2930.0,2.0,10.0,0.0,0.0,0.0,0.0,0.0,0.0,0.0,9.0
2019-04,D2,1010,30,377.9131665,24.080506243015392,30,10,pass,all_three_criteria_invariant_to_flagged_samples,377.8020825,377.9131665,24.080506243015392,24.080506243015392,2932.0,2931.0,1.0,14.0,0.0,0.0,0.0,0.0,0.0,0.0,0.0,8.0
2019-04,D3,1026,30,387.56859475,12.772629435333274,30,8,pass,all_three_criteria_invariant_to_flagged_samples,387.56859475,387.629889,12.66252884478401,12.772629435333274,2932.0,2931.0,1.0,9.0,0.0,0.0,0.0,0.0,0.0,0.0,0.0,13.0
2019-05,D1,994,31,429.2029775,37.1080789223056,31,6,pass,all_three_criteria_invariant_to_flagged_samples,429.2029775,429.2029775,37.1080789223056,37.1080789223056,2976.0,2976.0,0.0,9.0,0.0,0.0,0.0,0.0,0.0,0.0,0.0,4.0
2019-05,D2,1010,31,335.50364049999996,29.7089066552763,31,9,pass,all_three_criteria_invariant_to_flagged_samples,335.50364049999996,336.46115,29.7089066552763,29.7089066552763,2976.0,2976.0,0.0,9.0,0.0,0.0,0.0,0.0,0.0,0.0,0.0,5.0
2019-05,D3,1026,31,330.00370350000003,13.638117475220781,31,9,pass,all_three_criteria_invariant_to_flagged_samples,330.00370350000003,330.00370350000003,13.638117475220781,13.638117475220781,2976.0,2976.0,0.0,16.0,0.0,0.0,0.0,0.0,0.0,0.0,0.0,8.0
2019-06,D1,994,30,436.808276,26.835667895224667,30,6,pass,all_three_criteria_invariant_to_flagged_samples,436.808276,436.887618,26.835667895224667,26.835667895224667,2880.0,2880.0,0.0,8.0,0.0,0.0,1.0,0.0,0.0,0.0,0.0,10.0
2019-06,D2,1010,30,366.94405725,26.860696901281553,30,5,pass,all_three_criteria_invariant_to_flagged_samples,366.94405725,366.94405725,26.860696901281553,26.860696901281553,2880.0,2880.0,0.0,7.0,0.0,0.0,1.0,0.0,0.0,0.0,0.0,5.0
2019-06,D3,1026,30,387.15112825,15.219389932857174,30,8,pass,all_three_criteria_invariant_to_flagged_samples,386.77960775,387.15112825,15.219389932857174,15.34431906806329,2880.0,2880.0,0.0,11.0,0.0,0.0,1.0,0.0,0.0,0.0,0.0,8.0
2019-07,D1,994,31,418.593852,47.492084332820916,31,7,pass,all_three_criteria_invariant_to_flagged_samples,417.41209,418.593852,47.30268789146515,47.492084332820916,2973.0,2973.0,0.0,10.0,0.0,0.0,2.0,0.0,0.0,0.0,0.0,7.0
2019-07,D2,1010,31,321.7615475,25.57012491664981,31,11,pass,all_three_criteria_invariant_to_flagged_samples,321.7615475,321.7615475,25.57012491664981,25.57012491664981,2973.0,2973.0,0.0,14.0,0.0,0.0,2.0,0.0,0.0,0.0,0.0,7.0
2019-07,D3,1026,31,333.971574,10.44776381398183,31,7,pass,all_three_criteria_invariant_to_flagged_samples,333.971574,333.971574,10.420340003806718,10.44776381398183,2973.0,2973.0,0.0,11.0,0.0,0.0,2.0,0.0,0.0,0.0,0.0,11.0
2019-08,D1,994,31,413.385129,38.6508211157283,31,3,pass,all_three_criteria_invariant_to_flagged_samples,413.385129,413.385129,38.6508211157283,38.6508211157283,2976.0,2976.0,0.0,4.0,0.0,0.0,0.0,0.0,0.0,0.0,0.0,6.0
2019-08,D2,1010,31,315.526381,25.165594878224727,31,4,pass,all_three_criteria_invariant_to_flagged_samples,315.526381,315.526381,25.165594878224727,25.165594878224727,2976.0,2976.0,0.0,4.0,0.0,0.0,0.0,0.0,0.0,0.0,0.0,14.0
2019-08,D3,1026,31,324.327639,10.810235687989676,31,11,pass,all_three_criteria_invariant_to_flagged_samples,324.327639,324.350637,10.810235687989676,10.810235687989676,2976.0,2976.0,0.0,14.0,0.0,0.0,0.0,0.0,0.0,0.0,0.0,14.0
2019-09,D1,994,30,446.24923075000004,24.535221212185967,30,7,pass,all_three_criteria_invariant_to_flagged_samples,446.24923075000004,446.26837975,24.535221212185967,24.535221212185967,2862.0,2862.0,0.0,11.0,0.0,0.0,1.0,0.0,0.0,0.0,0.0,9.0
2019-09,D2,1010,30,345.46543375,22.65043528557603,30,2,pass,all_three_criteria_invariant_to_flagged_samples,345.354355,345.5688405,22.65043528557603,22.65043528557603,2862.0,2862.0,0.0,3.0,0.0,0.0,1.0,0.0,0.0,0.0,0.0,10.0
2019-09,D3,1026,30,360.0117,12.365658188966398,30,9,pass,all_three_criteria_invariant_to_flagged_samples,360.0117,360.35640624999996,12.365658188966398,12.365658188966398,2862.0,2862.0,0.0,9.0,0.0,0.0,1.0,0.0,0.0,0.0,0.0,7.0
2019-10,D1,994,31,455.2525045,27.50497547619091,31,7,pass,all_three_criteria_invariant_to_flagged_samples,455.2525045,455.383762,27.487868007781266,27.691083551251044,2976.0,2976.0,0.0,9.0,0.0,0.0,0.0,0.0,0.0,0.0,0.0,13.0
2019-10,D2,1010,31,343.27854,21.074732685828653,31,5,pass,all_three_criteria_invariant_to_flagged_samples,343.27854,343.27854,21.074732685828653,21.074732685828653,2976.0,2976.0,0.0,6.0,0.0,0.0,0.0,0.0,0.0,0.0,0.0,6.0
2019-10,D3,1026,31,350.379292,11.023618132874642,31,10,pass,all_three_criteria_invariant_to_flagged_samples,350.379292,350.379292,11.023618132874642,11.023618132874642,2976.0,2976.0,0.0,12.0,0.0,0.0,0.0,0.0,0.0,0.0,0.0,14.0
2019-11,D1,994,30,382.74512300000004,26.65542414136937,30,7,pass,all_three_criteria_invariant_to_flagged_samples,382.74512300000004,382.74512300000004,26.65542414136937,26.65542414136937,2880.0,2880.0,0.0,10.0,0.0,0.0,1.0,0.0,0.0,0.0,0.0,7.0
2019-11,D2,1010,30,270.0412495,13.741322302837842,30,9,pass,all_three_criteria_invariant_to_flagged_samples,270.0412495,270.0412495,13.741322302837842,13.741322302837842,2880.0,2880.0,0.0,9.0,0.0,0.0,1.0,0.0,0.0,0.0,0.0,9.0
2019-11,D3,1026,30,284.07820875000004,4.952648831200168,30,11,fail,median_raw_amplitude_below_8,284.07820875000004,284.39227875,4.909094087903819,4.952648831200168,2880.0,2880.0,0.0,12.0,0.0,0.0,1.0,0.0,0.0,0.0,0.0,18.0
2019-12,D1,994,31,492.9888645,24.38867243742682,31,8,pass,all_three_criteria_invariant_to_flagged_samples,492.9888645,492.9888645,24.371495075460686,24.38867243742682,2976.0,2976.0,0.0,10.0,0.0,0.0,0.0,0.0,0.0,0.0,0.0,12.0
2019-12,D2,1010,31,342.703994,16.017452019647557,31,8,pass,all_three_criteria_invariant_to_flagged_samples,342.703994,342.703994,16.017452019647557,16.017452019647557,2976.0,2976.0,0.0,12.0,0.0,0.0,0.0,0.0,0.0,0.0,0.0,15.0
2019-12,D3,1026,31,347.1084785,7.629882137802479,31,8,fail,median_raw_amplitude_below_8,347.070182,347.1084785,7.629882137802479,7.629882137802479,2976.0,2976.0,0.0,11.0,0.0,0.0,0.0,0.0,0.0,0.0,0.0,15.0
2020-01,D1,994,31,428.0485075,33.61042836594044,31,6,pass,all_three_criteria_invariant_to_flagged_samples,428.0485075,428.0485075,33.61042836594044,33.61042836594044,2976.0,2976.0,0.0,7.0,0.0,0.0,3.0,0.0,0.0,0.0,0.0,11.0
2020-01,D2,1010,31,298.383242,15.984971952822429,31,6,pass,all_three_criteria_invariant_to_flagged_samples,298.383242,298.383242,15.984971952822429,16.112516300008792,2976.0,2976.0,0.0,7.0,0.0,0.0,3.0,0.0,0.0,0.0,0.0,22.0
2020-01,D3,1026,31,299.762112,6.40500698385001,31,10,fail,median_raw_amplitude_below_8,299.762112,299.762112,6.40500698385001,6.40500698385001,2976.0,2976.0,0.0,12.0,0.0,0.0,3.0,0.0,0.0,0.0,0.0,17.0
2020-02,D1,994,29,490.182082,40.00862422499428,29,5,pass,all_three_criteria_invariant_to_flagged_samples,489.7662,490.182082,40.00862422499428,40.00862422499428,2784.0,2784.0,0.0,6.0,0.0,0.0,1.0,0.0,0.0,0.0,0.0,6.0
2020-02,D2,1010,29,341.187315,21.699882842170055,29,7,pass,all_three_criteria_invariant_to_flagged_samples,340.850325,341.187315,21.60927045071192,21.699882842170055,2784.0,2784.0,0.0,10.0,0.0,0.0,1.0,0.0,0.0,0.0,0.0,7.0
2020-02,D3,1026,29,331.160428,9.065280178366468,29,7,pass,all_three_criteria_invariant_to_flagged_samples,331.160428,331.160428,8.94115363846574,9.065280178366468,2784.0,2784.0,0.0,9.0,0.0,0.0,1.0,0.0,0.0,0.0,0.0,13.0
2020-03,D1,994,31,520.5922290000001,27.75259828479591,31,9,pass,all_three_criteria_invariant_to_flagged_samples,520.5922290000001,520.5922290000001,27.75259828479591,27.75259828479591,2973.0,2973.0,0.0,10.0,0.0,0.0,0.0,0.0,0.0,0.0,0.0,13.0
2020-03,D2,1010,31,381.831325,23.162665259506635,31,4,pass,all_three_criteria_invariant_to_flagged_samples,381.831325,381.831325,23.162665259506635,23.162665259506635,2973.0,2973.0,0.0,5.0,0.0,0.0,0.0,0.0,0.0,0.0,0.0,12.0
2020-03,D3,1026,31,389.414698,12.926795701574122,31,10,pass,all_three_criteria_invariant_to_flagged_samples,388.595031,389.5142555,12.816788433051213,12.926795701574122,2973.0,2973.0,0.0,12.0,0.0,0.0,0.0,0.0,0.0,0.0,0.0,11.0
2020-04,D1,994,30,507.07506725,24.78919222066365,30,9,pass,all_three_criteria_invariant_to_flagged_samples,507.01761650000003,507.07506725,24.78919222066365,24.78919222066365,2877.0,2877.0,0.0,10.0,0.0,0.0,0.0,0.0,0.0,0.0,0.0,6.0
2020-04,D2,1010,30,382.4249135,22.976470317280878,30,6,pass,all_three_criteria_invariant_to_flagged_samples,381.9614795,382.4249135,22.976470317280878,22.976470317280878,2877.0,2877.0,0.0,7.0,0.0,0.0,0.0,0.0,0.0,0.0,0.0,13.0
2020-04,D3,1026,30,392.87702724999997,12.609249970274181,30,12,pass,all_three_criteria_invariant_to_flagged_samples,392.8617175,392.87702724999997,12.53712106845082,12.763625992332415,2877.0,2877.0,0.0,14.0,0.0,0.0,0.0,0.0,0.0,0.0,0.0,7.0
2020-05,D1,994,31,522.583866,36.91266938897125,31,7,pass,all_three_criteria_invariant_to_flagged_samples,522.572883,522.594849,36.91266938897125,36.91266938897125,2968.0,2968.0,0.0,9.0,0.0,0.0,3.0,0.0,0.0,0.0,0.0,7.0
2020-05,D2,1010,31,401.050234,30.06574364939359,31,6,pass,all_three_criteria_invariant_to_flagged_samples,401.050234,401.050234,29.575632770420828,30.06574364939359,2968.0,2968.0,0.0,7.0,0.0,0.0,3.0,1.0,0.0,0.0,0.0,16.0
2020-05,D3,1026,31,413.65855550000003,15.559171918106255,31,7,pass,all_three_criteria_invariant_to_flagged_samples,413.65855550000003,413.65855550000003,15.426767465200918,15.559171918106255,2968.0,2968.0,0.0,9.0,0.0,0.0,3.0,0.0,0.0,0.0,0.0,18.0
2020-06,D1,994,30,498.889788,32.444438641589656,30,7,pass,all_three_criteria_invariant_to_flagged_samples,498.889788,498.889788,32.444438641589656,32.444438641589656,2880.0,2880.0,0.0,7.0,0.0,0.0,1.0,0.0,0.0,0.0,0.0,10.0
2020-06,D2,1010,30,382.8845645,26.604939293052215,30,6,pass,all_three_criteria_invariant_to_flagged_samples,382.8845645,383.10288249999996,25.64338646604533,28.133659501256133,2880.0,2880.0,0.0,14.0,0.0,0.0,1.0,2.0,0.0,0.0,0.0,36.0
2020-06,D3,1026,30,395.78397525,15.338348413661274,30,13,pass,all_three_criteria_invariant_to_flagged_samples,395.78397525,395.87586675,15.266996859294,15.508345361418641,2880.0,2880.0,0.0,14.0,0.0,0.0,1.0,0.0,0.0,0.0,0.0,13.0
2020-07,D1,994,31,486.0292355,22.462219452958568,31,11,pass,all_three_criteria_invariant_to_flagged_samples,486.0292355,486.0292355,22.462219452958568,22.501593445931828,2971.0,2971.0,0.0,15.0,0.0,0.0,16.0,0.0,0.0,0.0,0.0,10.0
2020-07,D2,1010,31,365.9214145,21.510948413731267,31,16,pass,all_three_criteria_invariant_to_flagged_samples,365.9214145,366.189556,21.089754464714407,21.510948413731267,2971.0,2971.0,0.0,28.0,0.0,0.0,16.0,2.0,0.0,0.0,0.0,31.0
2020-07,D3,1026,31,380.26093949999995,13.001391828039836,31,7,pass,all_three_criteria_invariant_to_flagged_samples,380.192057,380.26093949999995,13.001391828039836,13.001391828039836,2971.0,2971.0,0.0,9.0,0.0,0.0,16.0,0.0,0.0,0.0,0.0,9.0
2020-08,D1,994,31,511.87628100000006,31.03666687523563,31,6,pass,all_three_criteria_invariant_to_flagged_samples,511.87628100000006,512.16623,31.03666687523563,31.03666687523563,2976.0,2976.0,0.0,7.0,0.0,0.0,0.0,0.0,0.0,0.0,0.0,10.0
2020-08,D2,1010,31,379.043099,25.781088163509693,31,9,pass,all_three_criteria_invariant_to_flagged_samples,379.043099,379.59461350000004,25.781088163509693,25.781088163509693,2976.0,2976.0,0.0,9.0,0.0,0.0,0.0,0.0,0.0,0.0,0.0,14.0
2020-08,D3,1026,31,397.304465,13.99022554704796,31,9,pass,all_three_criteria_invariant_to_flagged_samples,397.197253,397.54193150000003,13.99022554704796,14.060942641141729,2976.0,2976.0,0.0,16.0,0.0,0.0,0.0,0.0,0.0,0.0,0.0,14.0
2020-09,D1,994,30,515.755463,2.6272959725543504e-15,30,2,fail,median_raw_amplitude_below_8,515.755463,515.755463,2.6272959725543504e-15,2.6272959725543504e-15,2851.0,2851.0,0.0,2.0,0.0,0.0,1.0,0.0,0.0,0.0,0.0,4.0
2020-09,D2,1010,30,381.969156,1.1535299022734914e-14,30,1,fail,median_raw_amplitude_below_8,381.969156,381.969156,1.1535299022734914e-14,1.1535299022734914e-14,2851.0,2851.0,0.0,1.0,0.0,0.0,1.0,0.0,0.0,0.0,0.0,6.0
2020-09,D3,1026,30,350.302788,4.032922540799921e-14,30,4,fail,median_raw_amplitude_below_8,350.302788,350.302788,4.032922540799921e-14,4.032922540799921e-14,2851.0,2851.0,0.0,4.0,0.0,0.0,1.0,0.0,0.0,0.0,0.0,5.0
2020-10,D1,994,31,482.128048,28.2809846092809,31,8,pass,all_three_criteria_invariant_to_flagged_samples,482.128048,482.128048,28.2809846092809,28.635898424697935,2976.0,2976.0,0.0,11.0,0.0,0.0,0.0,0.0,0.0,0.0,0.0,6.0
2020-10,D2,1010,31,322.1675985,17.060735292497398,31,9,pass,all_three_criteria_invariant_to_flagged_samples,322.1675985,322.1675985,17.060735292497398,17.060735292497398,2976.0,2976.0,0.0,9.0,0.0,0.0,0.0,0.0,0.0,0.0,0.0,10.0
2020-10,D3,1026,31,309.030704,7.226698025596496,31,11,fail,median_raw_amplitude_below_8,309.030704,309.030704,7.15344037281587,7.226698025596496,2976.0,2976.0,0.0,13.0,0.0,0.0,0.0,0.0,0.0,0.0,0.0,9.0
2020-11,D1,994,30,465.91898225,29.22185379377016,30,7,pass,all_three_criteria_invariant_to_flagged_samples,465.91898225,466.094069,29.22185379377016,29.22185379377016,2880.0,2880.0,0.0,8.0,0.0,0.0,1.0,0.0,0.0,0.0,0.0,9.0
2020-11,D2,1010,30,295.0741545,17.22692016349665,30,4,pass,all_three_criteria_invariant_to_flagged_samples,295.0741545,295.0741545,17.22692016349665,17.34507424702773,2880.0,2880.0,0.0,5.0,0.0,0.0,1.0,0.0,0.0,0.0,0.0,12.0
2020-11,D3,1026,30,282.57305625000004,7.94426375247553,30,5,fail,median_raw_amplitude_below_8,282.57305625000004,282.57305625000004,7.725940531736223,7.975251260734421,2880.0,2880.0,0.0,8.0,0.0,0.0,1.0,0.0,0.0,0.0,0.0,10.0
2020-12,D1,994,31,445.29441199999997,37.447169711228895,31,7,pass,all_three_criteria_invariant_to_flagged_samples,445.29441199999997,445.29441199999997,37.39630795292966,37.447169711228895,2976.0,2976.0,0.0,8.0,0.0,0.0,0.0,0.0,0.0,0.0,0.0,14.0
2020-12,D2,1010,31,280.78056949999996,18.034637006298926,31,9,pass,all_three_criteria_invariant_to_flagged_samples,280.78056949999996,281.02571350000005,18.034637006298926,18.214286837004305,2976.0,2976.0,0.0,13.0,0.0,0.0,0.0,0.0,0.0,0.0,0.0,8.0
2020-12,D3,1026,31,276.1692825,6.147025849902552,31,7,fail,median_raw_amplitude_below_8,276.1692825,276.1692825,6.147025849902552,6.147025849902552,2976.0,2976.0,0.0,11.0,0.0,0.0,0.0,0.0,0.0,0.0,0.0,23.0
2021-01,D1,994,31,511.64101,35.150106368454445,31,10,pass,all_three_criteria_invariant_to_flagged_samples,511.64101,511.64101,35.05345451805517,35.150106368454445,2971.0,2971.0,0.0,12.0,0.0,0.0,3.0,0.0,0.0,0.0,0.0,4.0
2021-01,D2,1010,4,355.170618,20.317881982052914,4,1,fail,fewer_than_10_valid_days,,,,,2971.0,2971.0,0.0,2.0,0.0,0.0,3.0,2550.0,0.0,0.0,0.0,0.0
2021-01,D3,1026,31,340.70478249999996,9.77485555432719,31,5,pass,all_three_criteria_invariant_to_flagged_samples,340.70478249999996,340.70478249999996,9.77485555432719,9.77485555432719,2971.0,2971.0,0.0,6.0,0.0,0.0,3.0,0.0,0.0,0.0,0.0,14.0
2021-02,D1,994,28,526.695629,32.91741337584364,28,7,pass,all_three_criteria_invariant_to_flagged_samples,526.695629,526.695629,32.8129484219092,32.91741337584364,2677.0,2677.0,0.0,8.0,0.0,0.0,1.0,0.0,0.0,0.0,0.0,7.0
2021-02,D2,1010,0,,,0,0,fail,fewer_than_10_valid_days,,,,,2677.0,2677.0,0.0,0.0,0.0,0.0,1.0,2676.0,0.0,0.0,0.0,0.0
2021-02,D3,1026,28,361.0114615,10.688462524231042,28,10,pass,all_three_criteria_invariant_to_flagged_samples,361.0114615,361.24891125,10.688462524231042,10.75033662478971,2677.0,2677.0,0.0,12.0,0.0,0.0,1.0,0.0,0.0,0.0,0.0,15.0
2021-03,D1,994,31,506.88629149999997,35.10412050406028,31,9,pass,all_three_criteria_invariant_to_flagged_samples,506.88629149999997,506.88629149999997,35.10412050406028,35.10412050406028,2976.0,2976.0,0.0,10.0,0.0,0.0,5.0,0.0,0.0,0.0,0.0,8.0
2021-03,D2,1010,0,,,0,0,fail,fewer_than_10_valid_days,,,,,2976.0,2976.0,0.0,0.0,0.0,0.0,5.0,2971.0,0.0,0.0,0.0,0.0
2021-03,D3,1026,31,345.875206,13.945847256101555,31,8,pass,all_three_criteria_invariant_to_flagged_samples,345.7143655,348.617503,13.945847256101555,13.945847256101555,2976.0,2976.0,0.0,10.0,0.0,0.0,5.0,0.0,0.0,0.0,0.0,16.0
2021-04,D1,994,30,510.88867600000003,34.01648855896226,30,7,pass,all_three_criteria_invariant_to_flagged_samples,510.88867600000003,510.88867600000003,34.01648855896226,34.197133456193775,2880.0,2880.0,0.0,7.0,0.0,0.0,1.0,0.0,0.0,0.0,0.0,11.0
2021-04,D2,1010,0,,,0,0,fail,fewer_than_10_valid_days,,,,,2880.0,2880.0,0.0,0.0,0.0,0.0,1.0,2879.0,0.0,0.0,0.0,0.0
2021-04,D3,1026,30,343.232572,14.600852940824518,30,10,pass,all_three_criteria_invariant_to_flagged_samples,343.232572,343.232572,14.530080450473779,14.600852940824518,2880.0,2880.0,0.0,12.0,0.0,0.0,1.0,0.0,0.0,0.0,0.0,13.0
2021-05,D1,994,31,511.55888200000004,33.35173704013039,31,6,pass,all_three_criteria_invariant_to_flagged_samples,511.55888200000004,511.55888200000004,33.35173704013039,33.35173704013039,2976.0,2976.0,0.0,8.0,0.0,0.0,2.0,0.0,0.0,0.0,0.0,12.0
2021-05,D2,1010,0,,,0,0,fail,fewer_than_10_valid_days,,,,,2976.0,2976.0,0.0,0.0,0.0,0.0,2.0,2974.0,0.0,0.0,0.0,0.0
2021-05,D3,1026,31,343.500697,15.383361811689962,31,6,pass,all_three_criteria_invariant_to_flagged_samples,343.500697,348.0277145,15.383361811689962,15.383361811689962,2976.0,2976.0,0.0,7.0,0.0,0.0,2.0,0.0,0.0,0.0,0.0,13.0
2021-06,D1,994,30,514.4231995,25.565705163914615,30,8,pass,all_three_criteria_invariant_to_flagged_samples,514.4231995,514.4231995,25.565705163914615,25.565705163914615,2880.0,2880.0,0.0,11.0,0.0,0.0,5.0,0.0,0.0,0.0,0.0,6.0
2021-06,D2,1010,0,,,0,0,fail,fewer_than_10_valid_days,,,,,2880.0,2880.0,0.0,0.0,0.0,0.0,5.0,2875.0,0.0,0.0,0.0,0.0
2021-06,D3,1026,30,368.0931045,13.828365309954087,30,7,pass,all_three_criteria_invariant_to_flagged_samples,368.0931045,368.207988,13.828365309954087,13.828365309954087,2880.0,2880.0,0.0,10.0,0.0,0.0,5.0,0.0,0.0,0.0,0.0,10.0
2021-07,D1,994,31,517.7634720000001,26.910794507044386,31,7,pass,all_three_criteria_invariant_to_flagged_samples,517.7634720000001,517.7634720000001,26.74296447573294,26.910794507044386,2976.0,2976.0,0.0,10.0,0.0,0.0,3.0,0.0,0.0,0.0,0.0,12.0
2021-07,D2,1010,0,,,0,0,fail,fewer_than_10_valid_days,,,,,2976.0,2976.0,0.0,0.0,0.0,0.0,3.0,2973.0,0.0,0.0,0.0,0.0
2021-07,D3,1026,31,365.040553,12.522120095261888,31,7,pass,all_three_criteria_invariant_to_flagged_samples,365.040553,365.109469,12.522120095261888,12.522120095261888,2976.0,2976.0,0.0,8.0,0.0,0.0,3.0,0.0,0.0,0.0,0.0,18.0
2021-08,D1,994,31,518.436464,26.13656606334691,31,5,pass,all_three_criteria_invariant_to_flagged_samples,518.436464,518.436464,26.13656606334691,26.17842888374136,2976.0,2976.0,0.0,8.0,0.0,0.0,10.0,0.0,0.0,0.0,0.0,9.0
2021-08,D2,1010,0,,,0,0,fail,fewer_than_10_valid_days,,,,,2976.0,2976.0,0.0,0.0,0.0,0.0,10.0,2966.0,0.0,0.0,0.0,0.0
2021-08,D3,1026,31,376.790956,13.592089232712162,31,13,pass,all_three_criteria_invariant_to_flagged_samples,376.790956,376.790956,13.592089232712162,13.592089232712162,2976.0,2976.0,0.0,16.0,0.0,0.0,10.0,0.0,0.0,0.0,0.0,13.0
2021-09,D1,994,30,513.1510735,29.088250264288877,30,9,pass,all_three_criteria_invariant_to_flagged_samples,513.1510735,513.1510735,29.006267930900414,29.12699611819196,2876.0,2876.0,0.0,12.0,0.0,0.0,1.0,0.0,0.0,0.0,0.0,10.0
2021-09,D2,1010,0,,,0,0,fail,fewer_than_10_valid_days,,,,,2876.0,2876.0,0.0,0.0,0.0,0.0,1.0,2875.0,0.0,0.0,0.0,0.0
2021-09,D3,1026,27,357.855431,12.51361589960683,27,8,pass,all_three_criteria_invariant_to_flagged_samples,357.855431,357.947378,12.51361589960683,12.51361589960683,2876.0,2876.0,0.0,11.0,0.0,0.0,1.0,294.0,0.0,0.0,0.0,7.0
2021-10,D1,994,31,485.0771505,35.75833359872482,31,7,pass,all_three_criteria_invariant_to_flagged_samples,485.0771505,485.0771505,35.75833359872482,35.75833359872482,2976.0,2976.0,0.0,9.0,0.0,0.0,2.0,0.0,0.0,0.0,0.0,11.0
2021-10,D2,1010,0,,,0,0,fail,fewer_than_10_valid_days,,,,,2976.0,2976.0,0.0,0.0,0.0,0.0,2.0,2974.0,0.0,0.0,0.0,0.0
2021-10,D3,1026,0,,,0,0,fail,fewer_than_10_valid_days,,,,,2976.0,2976.0,0.0,0.0,0.0,0.0,2.0,2974.0,0.0,0.0,0.0,0.0
2021-11,D1,994,30,490.4556195,34.38585113892782,30,6,pass,all_three_criteria_invariant_to_flagged_samples,490.4556195,490.4556195,34.38585113892782,34.38585113892782,2880.0,2880.0,0.0,8.0,0.0,0.0,6.0,0.0,0.0,0.0,0.0,11.0
2021-11,D2,1010,0,,,0,0,fail,fewer_than_10_valid_days,,,,,2880.0,2880.0,0.0,0.0,0.0,0.0,6.0,2874.0,0.0,0.0,0.0,0.0
2021-11,D3,1026,0,,,0,0,fail,fewer_than_10_valid_days,,,,,2880.0,2880.0,0.0,0.0,0.0,0.0,6.0,2874.0,0.0,0.0,0.0,0.0
2021-12,D1,994,31,496.331867,35.383070453957416,31,4,pass,all_three_criteria_invariant_to_flagged_samples,496.331867,496.331867,35.383070453957416,35.383070453957416,2976.0,2976.0,0.0,4.0,0.0,0.0,7.0,0.0,0.0,0.0,0.0,11.0
2021-12,D2,1010,0,,,0,0,fail,fewer_than_10_valid_days,,,,,2976.0,2976.0,0.0,0.0,0.0,0.0,7.0,2969.0,0.0,0.0,0.0,0.0
2021-12,D3,1026,0,,,0,0,fail,fewer_than_10_valid_days,,,,,2976.0,2976.0,0.0,0.0,0.0,0.0,7.0,2969.0,0.0,0.0,0.0,0.0
2022-01,D1,994,31,511.77226699999994,40.91279157527098,31,9,pass,all_three_criteria_invariant_to_flagged_samples,510.667038,511.77226699999994,40.91279157527098,40.91279157527098,2976.0,2976.0,0.0,11.0,0.0,0.0,5.0,0.0,0.0,0.0,0.0,7.0
2022-01,D2,1010,0,,,0,0,fail,fewer_than_10_valid_days,,,,,2976.0,2976.0,0.0,0.0,0.0,0.0,5.0,2971.0,0.0,0.0,0.0,0.0
2022-01,D3,1026,0,,,0,0,fail,fewer_than_10_valid_days,,,,,2976.0,2976.0,0.0,0.0,0.0,0.0,5.0,2971.0,0.0,0.0,0.0,0.0
2022-02,D1,994,28,545.6595580000001,44.14600249298841,28,5,pass,all_three_criteria_invariant_to_flagged_samples,545.6595580000001,545.6595580000001,44.09612702632769,44.14600249298841,2685.0,2685.0,0.0,6.0,0.0,0.0,3.0,0.0,0.0,0.0,0.0,5.0
2022-02,D2,1010,0,,,0,0,fail,fewer_than_10_valid_days,,,,,2685.0,2685.0,0.0,0.0,0.0,0.0,3.0,2682.0,0.0,0.0,0.0,0.0
2022-02,D3,1026,0,,,0,0,fail,fewer_than_10_valid_days,,,,,2685.0,2685.0,0.0,0.0,0.0,0.0,3.0,2682.0,0.0,0.0,0.0,0.0
2022-03,D1,994,31,552.036492,44.47120046629865,31,10,pass,all_three_criteria_invariant_to_flagged_samples,552.036492,552.036492,44.47120046629865,44.47120046629865,2976.0,2976.0,0.0,14.0,0.0,0.0,0.0,0.0,0.0,0.0,0.0,10.0
2022-03,D2,1010,0,,,0,0,fail,fewer_than_10_valid_days,,,,,2976.0,2976.0,0.0,0.0,0.0,0.0,0.0,2976.0,0.0,0.0,0.0,0.0
2022-03,D3,1026,0,,,0,0,fail,fewer_than_10_valid_days,,,,,2976.0,2976.0,0.0,0.0,0.0,0.0,0.0,2976.0,0.0,0.0,0.0,0.0
2022-04,D1,994,30,560.7415195000001,31.76314117867394,30,8,pass,all_three_criteria_invariant_to_flagged_samples,560.7415195000001,560.7415195000001,31.76314117867394,31.805471568710296,2883.0,2883.0,0.0,11.0,0.0,0.0,2.0,0.0,0.0,0.0,0.0,6.0
2022-04,D2,1010,0,,,0,0,fail,fewer_than_10_valid_days,,,,,2883.0,2883.0,0.0,0.0,0.0,0.0,2.0,2881.0,0.0,0.0,0.0,0.0
2022-04,D3,1026,0,,,0,0,fail,fewer_than_10_valid_days,,,,,2883.0,2883.0,0.0,0.0,0.0,0.0,2.0,2881.0,0.0,0.0,0.0,0.0
2022-05,D1,994,31,566.437316,29.952095484031677,31,4,pass,all_three_criteria_invariant_to_flagged_samples,566.437316,566.437316,29.952095484031677,29.952095484031677,3023.0,3014.0,6.0,5.0,0.0,0.0,1.0,0.0,0.0,3.0,0.0,8.0
2022-05,D2,1010,0,,,0,0,fail,fewer_than_10_valid_days,,,,,3023.0,3014.0,6.0,0.0,0.0,0.0,1.0,3010.0,0.0,3.0,0.0,0.0
2022-05,D3,1026,0,,,0,0,fail,fewer_than_10_valid_days,,,,,3023.0,3014.0,6.0,0.0,0.0,0.0,1.0,3010.0,0.0,3.0,0.0,0.0
2022-06,D1,994,30,572.420299,25.171553110577108,30,6,pass,all_three_criteria_invariant_to_flagged_samples,572.420299,572.61179275,25.159067972771513,25.171553110577108,2880.0,2880.0,0.0,6.0,0.0,0.0,4.0,0.0,0.0,0.0,0.0,7.0
2022-06,D2,1010,0,,,0,0,fail,fewer_than_10_valid_days,,,,,2880.0,2880.0,0.0,0.0,0.0,0.0,4.0,2876.0,0.0,0.0,0.0,0.0
2022-06,D3,1026,0,,,0,0,fail,fewer_than_10_valid_days,,,,,2880.0,2880.0,0.0,0.0,0.0,0.0,4.0,2876.0,0.0,0.0,0.0,0.0
2022-07,D1,994,31,566.88056,42.146898762111014,31,1,pass,all_three_criteria_invariant_to_flagged_samples,566.88056,566.88056,42.146898762111014,42.146898762111014,4273.0,4260.0,10.0,1.0,0.0,0.0,0.0,0.0,0.0,3.0,0.0,6.0
2022-07,D2,1010,0,,,0,0,fail,fewer_than_10_valid_days,,,,,4273.0,4261.0,9.0,0.0,0.0,0.0,0.0,4258.0,0.0,3.0,0.0,0.0
2022-07,D3,1026,0,,,0,0,fail,fewer_than_10_valid_days,,,,,4273.0,4262.0,9.0,0.0,0.0,0.0,0.0,4260.0,0.0,2.0,0.0,0.0
2022-08,D1,994,31,583.732526,26.69384626443714,31,0,pass,all_three_criteria_invariant_to_flagged_samples,583.732526,583.732526,26.69384626443714,26.69384626443714,5311.0,5295.0,12.0,0.0,0.0,0.0,1.0,0.0,0.0,4.0,0.0,0.0
2022-08,D2,1010,0,,,0,0,fail,fewer_than_10_valid_days,,,,,5311.0,5296.0,11.0,0.0,0.0,0.0,1.0,5291.0,0.0,4.0,0.0,0.0
2022-08,D3,1026,0,,,0,0,fail,fewer_than_10_valid_days,,,,,5311.0,5298.0,10.0,0.0,0.0,0.0,1.0,5294.0,0.0,3.0,0.0,0.0
2022-09,D1,994,30,586.0906440000001,19.42914774393357,30,0,pass,all_three_criteria_invariant_to_flagged_samples,586.0906440000001,586.0906440000001,19.42914774393357,19.42914774393357,5181.0,5166.0,9.0,0.0,0.0,0.0,6.0,0.0,0.0,6.0,0.0,0.0
2022-09,D2,1010,0,,,0,0,fail,fewer_than_10_valid_days,,,,,5181.0,5166.0,9.0,0.0,0.0,0.0,6.0,5154.0,0.0,6.0,0.0,0.0
2022-09,D3,1026,0,,,0,0,fail,fewer_than_10_valid_days,,,,,5181.0,5168.0,9.0,0.0,0.0,0.0,6.0,5158.0,0.0,4.0,0.0,0.0
2022-10,D1,994,31,505.173779,44.51005296750157,31,1,pass,all_three_criteria_invariant_to_flagged_samples,505.173779,505.173779,44.51005296750157,44.51005296750157,3101.0,3101.0,0.0,1.0,0.0,0.0,0.0,0.0,0.0,0.0,0.0,5.0
2022-10,D2,1010,0,,,0,0,fail,fewer_than_10_valid_days,,,,,3101.0,3101.0,0.0,0.0,0.0,0.0,0.0,3101.0,0.0,0.0,0.0,0.0
2022-10,D3,1026,0,,,0,0,fail,fewer_than_10_valid_days,,,,,3101.0,3101.0,0.0,0.0,0.0,0.0,0.0,3101.0,0.0,0.0,0.0,0.0
2022-11,D1,994,30,618.0984854999999,31.99230068251908,30,5,pass,all_three_criteria_invariant_to_flagged_samples,618.0984854999999,618.11766225,31.99230068251908,31.99230068251908,2880.0,2880.0,0.0,6.0,0.0,0.0,0.0,0.0,0.0,0.0,0.0,9.0
2022-11,D2,1010,0,,,0,0,fail,fewer_than_10_valid_days,,,,,2880.0,2880.0,0.0,0.0,0.0,0.0,0.0,2880.0,0.0,0.0,0.0,0.0
2022-11,D3,1026,0,,,0,0,fail,fewer_than_10_valid_days,,,,,2880.0,2880.0,0.0,0.0,0.0,0.0,0.0,2880.0,0.0,0.0,0.0,0.0
2022-12,D1,994,31,645.3790585,15.996713227736329,31,12,pass,all_three_criteria_invariant_to_flagged_samples,645.3790585,645.3790585,15.996713227736329,15.996713227736329,2976.0,2976.0,0.0,16.0,0.0,0.0,0.0,0.0,0.0,0.0,0.0,11.0
2022-12,D2,1010,0,,,0,0,fail,fewer_than_10_valid_days,,,,,2976.0,2976.0,0.0,0.0,0.0,0.0,0.0,2976.0,0.0,0.0,0.0,0.0
2022-12,D3,1026,0,,,0,0,fail,fewer_than_10_valid_days,,,,,2976.0,2976.0,0.0,0.0,0.0,0.0,0.0,2976.0,0.0,0.0,0.0,0.0
2023-01,D1,994,31,649.4279225,15.965015140300135,31,12,pass,all_three_criteria_invariant_to_flagged_samples,649.4279225,649.619389,15.965015140300135,15.978419425938025,2974.0,2974.0,0.0,17.0,0.0,0.0,2.0,0.0,0.0,0.0,0.0,15.0
2023-01,D2,1010,0,,,0,0,fail,fewer_than_10_valid_days,,,,,2974.0,2974.0,0.0,0.0,0.0,0.0,2.0,2972.0,0.0,0.0,0.0,0.0
2023-01,D3,1026,0,,,0,0,fail,fewer_than_10_valid_days,,,,,2974.0,2974.0,0.0,0.0,0.0,0.0,2.0,2972.0,0.0,0.0,0.0,0.0
2023-02,D1,994,28,512.5327785,47.40416389703093,28,6,pass,all_three_criteria_invariant_to_flagged_samples,511.55069275,512.5327785,47.40416389703093,47.40416389703093,2686.0,2686.0,0.0,7.0,0.0,0.0,0.0,0.0,0.0,0.0,0.0,7.0
2023-02,D2,1010,0,,,0,0,fail,fewer_than_10_valid_days,,,,,2686.0,2686.0,0.0,0.0,0.0,0.0,0.0,2686.0,0.0,0.0,0.0,0.0
2023-02,D3,1026,0,,,0,0,fail,fewer_than_10_valid_days,,,,,2686.0,2686.0,0.0,0.0,0.0,0.0,0.0,2686.0,0.0,0.0,0.0,0.0
2023-03,D1,994,31,632.15464,27.350789635365768,31,4,pass,all_three_criteria_invariant_to_flagged_samples,632.15464,632.1929455,27.350789635365768,27.350789635365768,2975.0,2975.0,0.0,4.0,0.0,0.0,1.0,0.0,0.0,0.0,0.0,9.0
2023-03,D2,1010,0,,,0,0,fail,fewer_than_10_valid_days,,,,,2975.0,2975.0,0.0,0.0,0.0,0.0,1.0,2974.0,0.0,0.0,0.0,0.0
2023-03,D3,1026,0,,,0,0,fail,fewer_than_10_valid_days,,,,,2975.0,2975.0,0.0,0.0,0.0,0.0,1.0,2974.0,0.0,0.0,0.0,0.0
2023-04,D1,994,26,618.12042825,23.818582845972784,26,7,pass,all_three_criteria_invariant_to_flagged_samples,618.12042825,618.12042825,23.76584089450477,23.824893997077897,2547.0,2547.0,0.0,11.0,0.0,0.0,1.0,0.0,0.0,0.0,0.0,14.0
2023-04,D2,1010,0,,,0,0,fail,fewer_than_10_valid_days,,,,,2547.0,2547.0,0.0,0.0,0.0,0.0,1.0,2546.0,0.0,0.0,0.0,0.0
2023-04,D3,1026,0,,,0,0,fail,fewer_than_10_valid_days,,,,,2547.0,2547.0,0.0,0.0,0.0,0.0,1.0,2546.0,0.0,0.0,0.0,0.0
2023-05,D1,994,29,614.996211,27.960729645273336,29,6,pass,all_three_criteria_invariant_to_flagged_samples,613.9457305000001,614.996211,27.800906125841497,27.99416558604037,2839.0,2839.0,0.0,7.0,0.0,0.0,1.0,8.0,0.0,0.0,0.0,10.0
2023-05,D2,1010,0,,,0,0,fail,fewer_than_10_valid_days,,,,,2839.0,2839.0,0.0,0.0,0.0,0.0,1.0,2838.0,0.0,0.0,0.0,0.0
2023-05,D3,1026,0,,,0,0,fail,fewer_than_10_valid_days,,,,,2839.0,2839.0,0.0,0.0,0.0,0.0,1.0,2838.0,0.0,0.0,0.0,0.0
2023-06,D1,994,17,603.1834205,28.636383747986972,17,4,pass,all_three_criteria_invariant_to_flagged_samples,603.1834205,603.1834205,28.636383747986972,28.636383747986972,2871.0,2871.0,0.0,5.0,0.0,0.0,0.0,1174.0,0.0,0.0,0.0,2.0
2023-06,D2,1010,0,,,0,0,fail,fewer_than_10_valid_days,,,,,2871.0,2871.0,0.0,0.0,0.0,0.0,0.0,2871.0,0.0,0.0,0.0,0.0
2023-06,D3,1026,0,,,0,0,fail,fewer_than_10_valid_days,,,,,2871.0,2871.0,0.0,0.0,0.0,0.0,0.0,2871.0,0.0,0.0,0.0,0.0
2023-07,D1,994,0,,,0,0,fail,fewer_than_10_valid_days,,,,,2964.0,2964.0,0.0,0.0,0.0,0.0,0.0,2964.0,0.0,0.0,0.0,0.0
2023-07,D2,1010,0,,,0,0,fail,fewer_than_10_valid_days,,,,,2964.0,2964.0,0.0,0.0,0.0,0.0,0.0,2964.0,0.0,0.0,0.0,0.0
2023-07,D3,1026,0,,,0,0,fail,fewer_than_10_valid_days,,,,,2964.0,2964.0,0.0,0.0,0.0,0.0,0.0,2964.0,0.0,0.0,0.0,0.0
2023-08,D1,994,0,,,0,0,fail,fewer_than_10_valid_days,,,,,2975.0,2975.0,0.0,0.0,0.0,0.0,0.0,2975.0,0.0,0.0,0.0,0.0
2023-08,D2,1010,0,,,0,0,fail,fewer_than_10_valid_days,,,,,2975.0,2975.0,0.0,0.0,0.0,0.0,0.0,2975.0,0.0,0.0,0.0,0.0
2023-08,D3,1026,0,,,0,0,fail,fewer_than_10_valid_days,,,,,2975.0,2975.0,0.0,0.0,0.0,0.0,0.0,2975.0,0.0,0.0,0.0,0.0
2023-09,D1,994,0,,,0,0,fail,fewer_than_10_valid_days,,,,,2880.0,2880.0,0.0,0.0,0.0,0.0,1.0,2879.0,0.0,0.0,0.0,0.0
2023-09,D2,1010,0,,,0,0,fail,fewer_than_10_valid_days,,,,,2880.0,2880.0,0.0,0.0,0.0,0.0,1.0,2879.0,0.0,0.0,0.0,0.0
2023-09,D3,1026,0,,,0,0,fail,fewer_than_10_valid_days,,,,,2880.0,2880.0,0.0,0.0,0.0,0.0,1.0,2879.0,0.0,0.0,0.0,0.0
2023-10,D1,994,0,,,0,0,fail,fewer_than_10_valid_days,,,,,2976.0,2976.0,0.0,0.0,0.0,0.0,3.0,2973.0,0.0,0.0,0.0,0.0
2023-10,D2,1010,0,,,0,0,fail,fewer_than_10_valid_days,,,,,2976.0,2976.0,0.0,0.0,0.0,0.0,3.0,2973.0,0.0,0.0,0.0,0.0
2023-10,D3,1026,0,,,0,0,fail,fewer_than_10_valid_days,,,,,2976.0,2976.0,0.0,0.0,0.0,0.0,3.0,2973.0,0.0,0.0,0.0,0.0
2023-11,D1,994,0,,,0,0,fail,fewer_than_10_valid_days,,,,,2859.0,2859.0,0.0,0.0,0.0,0.0,1.0,2858.0,0.0,0.0,0.0,0.0
2023-11,D2,1010,0,,,0,0,fail,fewer_than_10_valid_days,,,,,2859.0,2859.0,0.0,0.0,0.0,0.0,1.0,2858.0,0.0,0.0,0.0,0.0
2023-11,D3,1026,0,,,0,0,fail,fewer_than_10_valid_days,,,,,2859.0,2859.0,0.0,0.0,0.0,0.0,1.0,2858.0,0.0,0.0,0.0,0.0
2023-12,D1,994,0,,,0,0,fail,fewer_than_10_valid_days,,,,,2976.0,2976.0,0.0,0.0,0.0,0.0,3.0,2973.0,0.0,0.0,0.0,0.0
2023-12,D2,1010,0,,,0,0,fail,fewer_than_10_valid_days,,,,,2976.0,2976.0,0.0,0.0,0.0,0.0,3.0,2973.0,0.0,0.0,0.0,0.0
2023-12,D3,1026,0,,,0,0,fail,fewer_than_10_valid_days,,,,,2976.0,2976.0,0.0,0.0,0.0,0.0,3.0,2973.0,0.0,0.0,0.0,0.0
2024-01,D1,994,0,,,0,0,fail,fewer_than_10_valid_days,,,,,2976.0,2976.0,0.0,0.0,0.0,0.0,0.0,2976.0,0.0,0.0,0.0,0.0
2024-01,D2,1010,0,,,0,0,fail,fewer_than_10_valid_days,,,,,2976.0,2976.0,0.0,0.0,0.0,0.0,0.0,2976.0,0.0,0.0,0.0,0.0
2024-01,D3,1026,0,,,0,0,fail,fewer_than_10_valid_days,,,,,2976.0,2976.0,0.0,0.0,0.0,0.0,0.0,2976.0,0.0,0.0,0.0,0.0
2024-02,D1,994,0,,,0,0,fail,fewer_than_10_valid_days,,,,,2784.0,2784.0,0.0,0.0,0.0,0.0,1.0,2783.0,0.0,0.0,0.0,0.0
2024-02,D2,1010,0,,,0,0,fail,fewer_than_10_valid_days,,,,,2784.0,2784.0,0.0,0.0,0.0,0.0,1.0,2783.0,0.0,0.0,0.0,0.0
2024-02,D3,1026,0,,,0,0,fail,fewer_than_10_valid_days,,,,,2784.0,2784.0,0.0,0.0,0.0,0.0,1.0,2783.0,0.0,0.0,0.0,0.0
2024-03,D1,994,0,,,0,0,fail,fewer_than_10_valid_days,,,,,2974.0,2974.0,0.0,0.0,0.0,0.0,1.0,2973.0,0.0,0.0,0.0,0.0
2024-03,D2,1010,0,,,0,0,fail,fewer_than_10_valid_days,,,,,2974.0,2974.0,0.0,0.0,0.0,0.0,1.0,2973.0,0.0,0.0,0.0,0.0
2024-03,D3,1026,0,,,0,0,fail,fewer_than_10_valid_days,,,,,2974.0,2974.0,0.0,0.0,0.0,0.0,1.0,2973.0,0.0,0.0,0.0,0.0
2024-04,D1,994,0,,,0,0,fail,fewer_than_10_valid_days,,,,,2880.0,2880.0,0.0,0.0,0.0,0.0,2.0,2878.0,0.0,0.0,0.0,0.0
2024-04,D2,1010,0,,,0,0,fail,fewer_than_10_valid_days,,,,,2880.0,2880.0,0.0,0.0,0.0,0.0,2.0,2878.0,0.0,0.0,0.0,0.0
2024-04,D3,1026,0,,,0,0,fail,fewer_than_10_valid_days,,,,,2880.0,2880.0,0.0,0.0,0.0,0.0,2.0,2878.0,0.0,0.0,0.0,0.0
2024-05,D1,994,0,,,0,0,fail,fewer_than_10_valid_days,,,,,2975.0,2975.0,0.0,0.0,0.0,0.0,1.0,2974.0,0.0,0.0,0.0,0.0
2024-05,D2,1010,0,,,0,0,fail,fewer_than_10_valid_days,,,,,2975.0,2975.0,0.0,0.0,0.0,0.0,1.0,2974.0,0.0,0.0,0.0,0.0
2024-05,D3,1026,0,,,0,0,fail,fewer_than_10_valid_days,,,,,2975.0,2975.0,0.0,0.0,0.0,0.0,1.0,2974.0,0.0,0.0,0.0,0.0
2024-06,D1,994,0,,,0,0,fail,fewer_than_10_valid_days,,,,,2880.0,2880.0,0.0,0.0,0.0,0.0,0.0,2880.0,0.0,0.0,0.0,0.0
2024-06,D2,1010,0,,,0,0,fail,fewer_than_10_valid_days,,,,,2880.0,2880.0,0.0,0.0,0.0,0.0,0.0,2880.0,0.0,0.0,0.0,0.0
2024-06,D3,1026,0,,,0,0,fail,fewer_than_10_valid_days,,,,,2880.0,2880.0,0.0,0.0,0.0,0.0,0.0,2880.0,0.0,0.0,0.0,0.0
2024-07,D1,994,0,,,0,0,fail,fewer_than_10_valid_days,,,,,2976.0,2976.0,0.0,0.0,0.0,0.0,0.0,2976.0,0.0,0.0,0.0,0.0
2024-07,D2,1010,0,,,0,0,fail,fewer_than_10_valid_days,,,,,2976.0,2976.0,0.0,0.0,0.0,0.0,0.0,2976.0,0.0,0.0,0.0,0.0
2024-07,D3,1026,0,,,0,0,fail,fewer_than_10_valid_days,,,,,2976.0,2976.0,0.0,0.0,0.0,0.0,0.0,2976.0,0.0,0.0,0.0,0.0
2024-08,D1,994,0,,,0,0,fail,fewer_than_10_valid_days,,,,,2971.0,2971.0,0.0,0.0,0.0,0.0,0.0,2971.0,0.0,0.0,0.0,0.0
2024-08,D2,1010,0,,,0,0,fail,fewer_than_10_valid_days,,,,,2971.0,2971.0,0.0,0.0,0.0,0.0,0.0,2971.0,0.0,0.0,0.0,0.0
2024-08,D3,1026,0,,,0,0,fail,fewer_than_10_valid_days,,,,,2971.0,2971.0,0.0,0.0,0.0,0.0,0.0,2971.0,0.0,0.0,0.0,0.0
2024-09,D1,994,0,,,0,0,fail,fewer_than_10_valid_days,,,,,2880.0,2880.0,0.0,0.0,0.0,0.0,0.0,2880.0,0.0,0.0,0.0,0.0
2024-09,D2,1010,0,,,0,0,fail,fewer_than_10_valid_days,,,,,2880.0,2880.0,0.0,0.0,0.0,0.0,0.0,2880.0,0.0,0.0,0.0,0.0
2024-09,D3,1026,0,,,0,0,fail,fewer_than_10_valid_days,,,,,2880.0,2880.0,0.0,0.0,0.0,0.0,0.0,2880.0,0.0,0.0,0.0,0.0
2024-10,D1,994,0,,,0,0,fail,fewer_than_10_valid_days,,,,,3428.0,3408.0,11.0,0.0,0.0,0.0,0.0,3399.0,0.0,9.0,0.0,0.0
2024-10,D2,1010,0,,,0,0,fail,fewer_than_10_valid_days,,,,,3428.0,3409.0,10.0,0.0,0.0,0.0,0.0,3400.0,0.0,9.0,0.0,0.0
2024-10,D3,1026,0,,,0,0,fail,fewer_than_10_valid_days,,,,,3428.0,3412.0,9.0,0.0,0.0,0.0,0.0,3405.0,0.0,7.0,0.0,0.0
2024-11,D1,994,0,,,0,0,fail,fewer_than_10_valid_days,,,,,4966.0,4912.0,30.0,0.0,0.0,0.0,0.0,4888.0,0.0,24.0,0.0,0.0
2024-11,D2,1010,0,,,0,0,fail,fewer_than_10_valid_days,,,,,4966.0,4914.0,29.0,0.0,0.0,0.0,0.0,4891.0,0.0,23.0,0.0,0.0
2024-11,D3,1026,0,,,0,0,fail,fewer_than_10_valid_days,,,,,4966.0,4918.0,27.0,0.0,0.0,0.0,0.0,4897.0,0.0,21.0,0.0,0.0
2024-12,D1,994,0,,,0,0,fail,fewer_than_10_valid_days,,,,,5162.0,5096.0,44.0,0.0,0.0,0.0,0.0,5074.0,0.0,22.0,0.0,0.0
2024-12,D2,1010,0,,,0,0,fail,fewer_than_10_valid_days,,,,,5162.0,5100.0,41.0,0.0,0.0,0.0,0.0,5079.0,0.0,21.0,0.0,0.0
2024-12,D3,1026,0,,,0,0,fail,fewer_than_10_valid_days,,,,,5162.0,5104.0,37.0,0.0,0.0,0.0,0.0,5083.0,0.0,21.0,0.0,0.0
2025-01,D1,994,0,,,0,0,fail,fewer_than_10_valid_days,,,,,5187.0,5132.0,27.0,0.0,0.0,0.0,0.0,5104.0,0.0,28.0,0.0,0.0
2025-01,D2,1010,0,,,0,0,fail,fewer_than_10_valid_days,,,,,5187.0,5134.0,26.0,0.0,0.0,0.0,0.0,5107.0,0.0,27.0,0.0,0.0
2025-01,D3,1026,0,,,0,0,fail,fewer_than_10_valid_days,,,,,5187.0,5137.0,27.0,0.0,0.0,0.0,0.0,5114.0,0.0,23.0,0.0,0.0
2025-02,D1,994,0,,,0,0,fail,fewer_than_10_valid_days,,,,,4685.0,4635.0,35.0,0.0,0.0,0.0,0.0,4620.0,0.0,15.0,0.0,0.0
2025-02,D2,1010,0,,,0,0,fail,fewer_than_10_valid_days,,,,,4685.0,4638.0,32.0,0.0,0.0,0.0,0.0,4623.0,0.0,15.0,0.0,0.0
2025-02,D3,1026,0,,,0,0,fail,fewer_than_10_valid_days,,,,,4685.0,4643.0,29.0,0.0,0.0,0.0,0.0,4630.0,0.0,13.0,0.0,0.0
2025-03,D1,994,0,,,0,0,fail,fewer_than_10_valid_days,,,,,3727.0,3709.0,11.0,0.0,0.0,0.0,0.0,3702.0,0.0,7.0,0.0,0.0
2025-03,D2,1010,0,,,0,0,fail,fewer_than_10_valid_days,,,,,3727.0,3710.0,10.0,0.0,0.0,0.0,0.0,3703.0,0.0,7.0,0.0,0.0
2025-03,D3,1026,0,,,0,0,fail,fewer_than_10_valid_days,,,,,3727.0,3710.0,11.0,0.0,0.0,0.0,0.0,3704.0,0.0,6.0,0.0,0.0
2025-04,D1,994,0,,,0,0,fail,fewer_than_10_valid_days,,,,,2880.0,2880.0,0.0,0.0,0.0,0.0,0.0,2880.0,0.0,0.0,0.0,0.0
2025-04,D2,1010,0,,,0,0,fail,fewer_than_10_valid_days,,,,,2880.0,2880.0,0.0,0.0,0.0,0.0,0.0,2880.0,0.0,0.0,0.0,0.0
2025-04,D3,1026,0,,,0,0,fail,fewer_than_10_valid_days,,,,,2880.0,2880.0,0.0,0.0,0.0,0.0,0.0,2880.0,0.0,0.0,0.0,0.0
2025-05,D1,994,0,,,0,0,fail,fewer_than_10_valid_days,,,,,2976.0,2976.0,0.0,0.0,0.0,0.0,0.0,2976.0,0.0,0.0,0.0,0.0
2025-05,D2,1010,0,,,0,0,fail,fewer_than_10_valid_days,,,,,2976.0,2976.0,0.0,0.0,0.0,0.0,0.0,2976.0,0.0,0.0,0.0,0.0
2025-05,D3,1026,0,,,0,0,fail,fewer_than_10_valid_days,,,,,2976.0,2976.0,0.0,0.0,0.0,0.0,0.0,2976.0,0.0,0.0,0.0,0.0
2025-06,D1,994,0,,,0,0,fail,fewer_than_10_valid_days,,,,,2880.0,2880.0,0.0,0.0,0.0,0.0,0.0,2880.0,0.0,0.0,0.0,0.0
2025-06,D2,1010,0,,,0,0,fail,fewer_than_10_valid_days,,,,,2880.0,2880.0,0.0,0.0,0.0,0.0,0.0,2880.0,0.0,0.0,0.0,0.0
2025-06,D3,1026,0,,,0,0,fail,fewer_than_10_valid_days,,,,,2880.0,2880.0,0.0,0.0,0.0,0.0,0.0,2880.0,0.0,0.0,0.0,0.0
2025-07,D1,994,0,,,0,0,fail,fewer_than_10_valid_days,,,,,2976.0,2976.0,0.0,0.0,0.0,0.0,0.0,2976.0,0.0,0.0,0.0,0.0
2025-07,D2,1010,0,,,0,0,fail,fewer_than_10_valid_days,,,,,2976.0,2976.0,0.0,0.0,0.0,0.0,0.0,2976.0,0.0,0.0,0.0,0.0
2025-07,D3,1026,0,,,0,0,fail,fewer_than_10_valid_days,,,,,2976.0,2976.0,0.0,0.0,0.0,0.0,0.0,2976.0,0.0,0.0,0.0,0.0
2025-08,D1,994,0,,,0,0,fail,fewer_than_10_valid_days,,,,,2976.0,2976.0,0.0,0.0,0.0,0.0,0.0,2976.0,0.0,0.0,0.0,0.0
2025-08,D2,1010,0,,,0,0,fail,fewer_than_10_valid_days,,,,,2976.0,2976.0,0.0,0.0,0.0,0.0,0.0,2976.0,0.0,0.0,0.0,0.0
2025-08,D3,1026,0,,,0,0,fail,fewer_than_10_valid_days,,,,,2976.0,2976.0,0.0,0.0,0.0,0.0,0.0,2976.0,0.0,0.0,0.0,0.0
2025-09,D1,994,0,,,0,0,fail,fewer_than_10_valid_days,,,,,2880.0,2880.0,0.0,0.0,0.0,0.0,0.0,2880.0,0.0,0.0,0.0,0.0
2025-09,D2,1010,0,,,0,0,fail,fewer_than_10_valid_days,,,,,2880.0,2880.0,0.0,0.0,0.0,0.0,0.0,2880.0,0.0,0.0,0.0,0.0
2025-09,D3,1026,0,,,0,0,fail,fewer_than_10_valid_days,,,,,2880.0,2880.0,0.0,0.0,0.0,0.0,0.0,2880.0,0.0,0.0,0.0,0.0
2025-10,D1,994,0,,,0,0,fail,fewer_than_10_valid_days,,,,,2976.0,2976.0,0.0,0.0,0.0,0.0,0.0,2976.0,0.0,0.0,0.0,0.0
2025-10,D2,1010,0,,,0,0,fail,fewer_than_10_valid_days,,,,,2976.0,2976.0,0.0,0.0,0.0,0.0,0.0,2976.0,0.0,0.0,0.0,0.0
2025-10,D3,1026,0,,,0,0,fail,fewer_than_10_valid_days,,,,,2976.0,2976.0,0.0,0.0,0.0,0.0,0.0,2976.0,0.0,0.0,0.0,0.0
2025-11,D1,994,0,,,0,0,fail,fewer_than_10_valid_days,,,,,2880.0,2880.0,0.0,0.0,0.0,0.0,0.0,2880.0,0.0,0.0,0.0,0.0
2025-11,D2,1010,0,,,0,0,fail,fewer_than_10_valid_days,,,,,2880.0,2880.0,0.0,0.0,0.0,0.0,0.0,2880.0,0.0,0.0,0.0,0.0
2025-11,D3,1026,0,,,0,0,fail,fewer_than_10_valid_days,,,,,2880.0,2880.0,0.0,0.0,0.0,0.0,0.0,2880.0,0.0,0.0,0.0,0.0
2025-12,D1,994,0,,,0,0,fail,fewer_than_10_valid_days,,,,,2976.0,2976.0,0.0,0.0,0.0,0.0,0.0,2976.0,0.0,0.0,0.0,0.0
2025-12,D2,1010,0,,,0,0,fail,fewer_than_10_valid_days,,,,,2976.0,2976.0,0.0,0.0,0.0,0.0,0.0,2976.0,0.0,0.0,0.0,0.0
2025-12,D3,1026,0,,,0,0,fail,fewer_than_10_valid_days,,,,,2976.0,2976.0,0.0,0.0,0.0,0.0,0.0,2976.0,0.0,0.0,0.0,0.0
2026-01,D1,994,0,,,0,0,fail,fewer_than_10_valid_days,,,,,2976.0,2976.0,0.0,0.0,0.0,0.0,0.0,2976.0,0.0,0.0,0.0,0.0
2026-01,D2,1010,0,,,0,0,fail,fewer_than_10_valid_days,,,,,2976.0,2976.0,0.0,0.0,0.0,0.0,0.0,2976.0,0.0,0.0,0.0,0.0
2026-01,D3,1026,0,,,0,0,fail,fewer_than_10_valid_days,,,,,2976.0,2976.0,0.0,0.0,0.0,0.0,0.0,2976.0,0.0,0.0,0.0,0.0
2026-02,D1,994,0,,,0,0,fail,fewer_than_10_valid_days,,,,,2688.0,2688.0,0.0,0.0,0.0,0.0,1.0,2687.0,0.0,0.0,0.0,0.0
2026-02,D2,1010,0,,,0,0,fail,fewer_than_10_valid_days,,,,,2688.0,2688.0,0.0,0.0,0.0,0.0,1.0,2687.0,0.0,0.0,0.0,0.0
2026-02,D3,1026,0,,,0,0,fail,fewer_than_10_valid_days,,,,,2688.0,2688.0,0.0,0.0,0.0,0.0,1.0,2687.0,0.0,0.0,0.0,0.0
2026-03,D1,994,0,,,0,0,fail,fewer_than_10_valid_days,,,,,2972.0,2972.0,0.0,0.0,0.0,0.0,1.0,2971.0,0.0,0.0,0.0,0.0
2026-03,D2,1010,0,,,0,0,fail,fewer_than_10_valid_days,,,,,2972.0,2972.0,0.0,0.0,0.0,0.0,1.0,2971.0,0.0,0.0,0.0,0.0
2026-03,D3,1026,0,,,0,0,fail,fewer_than_10_valid_days,,,,,2972.0,2972.0,0.0,0.0,0.0,0.0,1.0,2971.0,0.0,0.0,0.0,0.0
2026-04,D1,994,0,,,0,0,fail,fewer_than_10_valid_days,,,,,2880.0,2880.0,0.0,0.0,0.0,0.0,3.0,2877.0,0.0,0.0,0.0,0.0
2026-04,D2,1010,0,,,0,0,fail,fewer_than_10_valid_days,,,,,2880.0,2880.0,0.0,0.0,0.0,0.0,3.0,2877.0,0.0,0.0,0.0,0.0
2026-04,D3,1026,0,,,0,0,fail,fewer_than_10_valid_days,,,,,2880.0,2880.0,0.0,0.0,0.0,0.0,3.0,2877.0,0.0,0.0,0.0,0.0
2026-05,D1,994,0,,,0,0,fail,fewer_than_10_valid_days,,,,,2976.0,2976.0,0.0,0.0,0.0,0.0,2.0,2974.0,0.0,0.0,0.0,0.0
2026-05,D2,1010,0,,,0,0,fail,fewer_than_10_valid_days,,,,,2976.0,2976.0,0.0,0.0,0.0,0.0,2.0,2974.0,0.0,0.0,0.0,0.0
2026-05,D3,1026,0,,,0,0,fail,fewer_than_10_valid_days,,,,,2976.0,2976.0,0.0,0.0,0.0,0.0,2.0,2974.0,0.0,0.0,0.0,0.0
2026-06,D1,994,0,,,0,0,fail,fewer_than_10_valid_days,,,,,2880.0,2880.0,0.0,0.0,0.0,0.0,2.0,2878.0,0.0,0.0,0.0,0.0
2026-06,D2,1010,0,,,0,0,fail,fewer_than_10_valid_days,,,,,2880.0,2880.0,0.0,0.0,0.0,0.0,2.0,2878.0,0.0,0.0,0.0,0.0
2026-06,D3,1026,0,,,0,0,fail,fewer_than_10_valid_days,,,,,2880.0,2880.0,0.0,0.0,0.0,0.0,2.0,2878.0,0.0,0.0,0.0,0.0
2026-07,D1,994,0,,,0,0,fail,fewer_than_10_valid_days,,,,,2976.0,2976.0,0.0,0.0,0.0,0.0,2.0,2974.0,0.0,0.0,0.0,0.0
2026-07,D2,1010,0,,,0,0,fail,fewer_than_10_valid_days,,,,,2976.0,2976.0,0.0,0.0,0.0,0.0,2.0,2974.0,0.0,0.0,0.0,0.0
2026-07,D3,1026,0,,,0,0,fail,fewer_than_10_valid_days,,,,,2976.0,2976.0,0.0,0.0,0.0,0.0,2.0,2974.0,0.0,0.0,0.0,0.0
2026-08,D1,994,0,,,0,0,fail,fewer_than_10_valid_days,,,,,2976.0,2976.0,0.0,0.0,0.0,0.0,3.0,2973.0,0.0,0.0,0.0,0.0
2026-08,D2,1010,0,,,0,0,fail,fewer_than_10_valid_days,,,,,2976.0,2976.0,0.0,0.0,0.0,0.0,3.0,2973.0,0.0,0.0,0.0,0.0
2026-08,D3,1026,0,,,0,0,fail,fewer_than_10_valid_days,,,,,2976.0,2976.0,0.0,0.0,0.0,0.0,3.0,2973.0,0.0,0.0,0.0,0.0
2026-09,D1,994,0,,,0,0,fail,fewer_than_10_valid_days,,,,,2864.0,2864.0,0.0,0.0,0.0,0.0,2.0,2862.0,0.0,0.0,0.0,0.0
2026-09,D2,1010,0,,,0,0,fail,fewer_than_10_valid_days,,,,,2864.0,2864.0,0.0,0.0,0.0,0.0,2.0,2862.0,0.0,0.0,0.0,0.0
2026-09,D3,1026,0,,,0,0,fail,fewer_than_10_valid_days,,,,,2864.0,2864.0,0.0,0.0,0.0,0.0,2.0,2862.0,0.0,0.0,0.0,0.0
