date,context_start,context_end_exclusive,D1_rows_day,D1_duplicate_extra_rows_context,D1_duplicate_rows_required,D1_service_rows_required,D1_range_rows_required,D1_approved_exclusion_rows_required,D1_constant_rows_required,D1_unresolved_constant_rows_required,D1_typical_step_seconds,D1_records,D1_window,D2_rows_day,D2_duplicate_extra_rows_context,D2_duplicate_rows_required,D2_service_rows_required,D2_range_rows_required,D2_approved_exclusion_rows_required,D2_constant_rows_required,D2_unresolved_constant_rows_required,D2_typical_step_seconds,D2_records,D2_window,D3_rows_day,D3_duplicate_extra_rows_context,D3_duplicate_rows_required,D3_service_rows_required,D3_range_rows_required,D3_approved_exclusion_rows_required,D3_constant_rows_required,D3_unresolved_constant_rows_required,D3_typical_step_seconds,D3_records,D3_window,common_records,common_window,category,blocking_reasons,decision_reasons,reason
2013-09-01,2013-09-01,2013-09-03,0,0,0,0,0,0,0,0,,False,False,0,0,0,0,0,0,0,0,,False,False,0,0,0,0,0,0,0,0,,False,False,False,False,B,D1: нет измерений суток (граница выбранного блока); D2: нет измерений суток (граница выбранного блока); D3: нет измерений суток (граница выбранного блока),,D1: нет измерений суток (граница выбранного блока); D2: нет измерений суток (граница выбранного блока); D3: нет измерений суток (граница выбранного блока)
2013-09-02,2013-09-01,2013-09-04,0,0,0,0,0,0,0,0,,False,False,0,0,0,0,0,0,0,0,,False,False,0,0,0,0,0,0,0,0,,False,False,False,False,B,D1: нет измерений суток; D2: нет измерений суток; D3: нет измерений суток,,D1: нет измерений суток; D2: нет измерений суток; D3: нет измерений суток
2013-09-03,2013-09-02,2013-09-05,0,0,0,0,0,0,0,0,,False,False,0,0,0,0,0,0,0,0,,False,False,0,0,0,0,0,0,0,0,,False,False,False,False,B,D1: нет измерений суток; D2: нет измерений суток; D3: нет измерений суток,,D1: нет измерений суток; D2: нет измерений суток; D3: нет измерений суток
2013-09-04,2013-09-03,2013-09-06,0,0,0,0,0,0,0,0,,False,False,0,0,0,0,0,0,0,0,,False,False,0,0,0,0,0,0,0,0,,False,False,False,False,B,D1: нет измерений суток; D2: нет измерений суток; D3: нет измерений суток,,D1: нет измерений суток; D2: нет измерений суток; D3: нет измерений суток
2013-09-05,2013-09-04,2013-09-07,0,0,0,0,0,0,0,0,,False,False,0,0,0,0,0,0,0,0,,False,False,0,0,0,0,0,0,0,0,,False,False,False,False,B,D1: нет измерений суток; D2: нет измерений суток; D3: нет измерений суток,,D1: нет измерений суток; D2: нет измерений суток; D3: нет измерений суток
2013-09-06,2013-09-05,2013-09-08,0,0,0,0,0,0,0,0,,False,False,0,0,0,0,0,0,0,0,,False,False,0,0,0,0,0,0,0,0,,False,False,False,False,B,D1: нет измерений суток; D2: нет измерений суток; D3: нет измерений суток,,D1: нет измерений суток; D2: нет измерений суток; D3: нет измерений суток
2013-09-07,2013-09-06,2013-09-09,0,0,0,0,0,0,0,0,,False,False,0,0,0,0,0,0,0,0,,False,False,0,0,0,0,0,0,0,0,,False,False,False,False,B,D1: нет измерений суток; D2: нет измерений суток; D3: нет измерений суток,,D1: нет измерений суток; D2: нет измерений суток; D3: нет измерений суток
2013-09-08,2013-09-07,2013-09-10,0,0,0,0,0,0,0,0,,False,False,0,0,0,0,0,0,0,0,,False,False,0,0,0,0,0,0,0,0,,False,False,False,False,B,D1: нет измерений суток; D2: нет измерений суток; D3: нет измерений суток,,D1: нет измерений суток; D2: нет измерений суток; D3: нет измерений суток
2013-09-09,2013-09-08,2013-09-11,0,0,0,0,0,0,0,0,,False,False,0,0,0,0,0,0,0,0,,False,False,0,0,0,0,0,0,0,0,,False,False,False,False,B,D1: нет измерений суток; D2: нет измерений суток; D3: нет измерений суток,,D1: нет измерений суток; D2: нет измерений суток; D3: нет измерений суток
2013-09-10,2013-09-09,2013-09-12,0,4,0,0,0,0,0,0,900.0,False,False,0,4,0,0,0,0,0,0,900.0,False,False,0,4,0,0,0,0,0,0,900.0,False,False,False,False,B,D1: нет измерений суток; D2: нет измерений суток; D3: нет измерений суток,D1: повторные метки в трёхсуточном контексте; D2: повторные метки в трёхсуточном контексте; D3: повторные метки в трёхсуточном контексте,D1: нет измерений суток; D2: нет измерений суток; D3: нет измерений суток; D1: повторные метки в трёхсуточном контексте; D2: повторные метки в трёхсуточном контексте; D3: повторные метки в трёхсуточном контексте
2013-09-11,2013-09-10,2013-09-13,49,4,8,0,1,0,69,69,900.0,False,False,49,4,8,0,1,0,69,69,900.0,False,False,49,4,8,0,1,0,69,69,900.0,False,False,False,False,B,D1: неполное покрытие суток (нарушение 0<C≤3000); D2: неполное покрытие суток (нарушение 0<C≤3000); D3: неполное покрытие суток (нарушение 0<C≤3000),D1: повторные метки в трёхсуточном контексте; D1: диагностический постоянный участок в окнах расчёта; D2: повторные метки в трёхсуточном контексте; D2: диагностический постоянный участок в окнах расчёта; D3: повторные метки в трёхсуточном контексте; D3: диагностический постоянный участок в окнах расчёта,D1: неполное покрытие суток (нарушение 0<C≤3000); D2: неполное покрытие суток (нарушение 0<C≤3000); D3: неполное покрытие суток (нарушение 0<C≤3000); D1: повторные метки в трёхсуточном контексте; D1: диагностический постоянный участок в окнах расчёта; D2: повторные метки в трёхсуточном контексте; D2: диагностический постоянный участок в окнах расчёта; D3: повторные метки в трёхсуточном контексте; D3: диагностический постоянный участок в окнах расчёта
2013-09-12,2013-09-11,2013-09-14,96,4,8,0,1,0,165,165,900.0,True,False,96,4,8,0,1,0,165,165,900.0,True,False,96,4,8,0,1,0,165,165,900.0,True,False,True,False,B,D1: неполное окружение ±12 ч (нарушение 0<C≤3000); D2: неполное окружение ±12 ч (нарушение 0<C≤3000); D3: неполное окружение ±12 ч (нарушение 0<C≤3000),D1: повторные метки в трёхсуточном контексте; D1: диагностический постоянный участок в окнах расчёта; D2: повторные метки в трёхсуточном контексте; D2: диагностический постоянный участок в окнах расчёта; D3: повторные метки в трёхсуточном контексте; D3: диагностический постоянный участок в окнах расчёта,D1: неполное окружение ±12 ч (нарушение 0<C≤3000); D2: неполное окружение ±12 ч (нарушение 0<C≤3000); D3: неполное окружение ±12 ч (нарушение 0<C≤3000); D1: повторные метки в трёхсуточном контексте; D1: диагностический постоянный участок в окнах расчёта; D2: повторные метки в трёхсуточном контексте; D2: диагностический постоянный участок в окнах расчёта; D3: повторные метки в трёхсуточном контексте; D3: диагностический постоянный участок в окнах расчёта
2013-09-13,2013-09-12,2013-09-15,96,0,0,0,0,0,191,191,900.0,True,True,96,0,0,0,0,0,191,191,900.0,True,True,96,0,0,0,0,0,191,191,900.0,True,True,True,True,C,,D1: диагностический постоянный участок в окнах расчёта; D2: диагностический постоянный участок в окнах расчёта; D3: диагностический постоянный участок в окнах расчёта,D1: диагностический постоянный участок в окнах расчёта; D2: диагностический постоянный участок в окнах расчёта; D3: диагностический постоянный участок в окнах расчёта
2013-09-14,2013-09-13,2013-09-16,96,0,0,0,0,0,191,191,900.0,True,True,96,0,0,0,0,0,191,191,900.0,True,True,96,0,0,0,0,0,191,191,900.0,True,True,True,True,C,,D1: диагностический постоянный участок в окнах расчёта; D2: диагностический постоянный участок в окнах расчёта; D3: диагностический постоянный участок в окнах расчёта,D1: диагностический постоянный участок в окнах расчёта; D2: диагностический постоянный участок в окнах расчёта; D3: диагностический постоянный участок в окнах расчёта
2013-09-15,2013-09-14,2013-09-17,96,0,0,0,0,0,191,191,900.0,True,True,96,0,0,0,0,0,191,191,900.0,True,True,96,0,0,0,0,0,191,191,900.0,True,True,True,True,C,,D1: диагностический постоянный участок в окнах расчёта; D2: диагностический постоянный участок в окнах расчёта; D3: диагностический постоянный участок в окнах расчёта,D1: диагностический постоянный участок в окнах расчёта; D2: диагностический постоянный участок в окнах расчёта; D3: диагностический постоянный участок в окнах расчёта
2013-09-16,2013-09-15,2013-09-18,96,0,0,0,0,0,191,191,900.0,True,True,96,0,0,0,0,0,191,191,900.0,True,True,96,0,0,0,0,0,191,191,900.0,True,True,True,True,C,,D1: диагностический постоянный участок в окнах расчёта; D2: диагностический постоянный участок в окнах расчёта; D3: диагностический постоянный участок в окнах расчёта,D1: диагностический постоянный участок в окнах расчёта; D2: диагностический постоянный участок в окнах расчёта; D3: диагностический постоянный участок в окнах расчёта
2013-09-17,2013-09-16,2013-09-19,96,0,0,0,0,0,191,191,900.0,True,True,96,0,0,0,0,0,191,191,900.0,True,True,96,0,0,0,0,0,191,191,900.0,True,True,True,True,C,,D1: диагностический постоянный участок в окнах расчёта; D2: диагностический постоянный участок в окнах расчёта; D3: диагностический постоянный участок в окнах расчёта,D1: диагностический постоянный участок в окнах расчёта; D2: диагностический постоянный участок в окнах расчёта; D3: диагностический постоянный участок в окнах расчёта
2013-09-18,2013-09-17,2013-09-20,96,0,0,0,0,0,191,191,900.0,True,True,96,0,0,0,0,0,191,191,900.0,True,True,96,0,0,0,0,0,191,191,900.0,True,True,True,True,C,,D1: диагностический постоянный участок в окнах расчёта; D2: диагностический постоянный участок в окнах расчёта; D3: диагностический постоянный участок в окнах расчёта,D1: диагностический постоянный участок в окнах расчёта; D2: диагностический постоянный участок в окнах расчёта; D3: диагностический постоянный участок в окнах расчёта
2013-09-19,2013-09-18,2013-09-21,96,0,0,0,1,0,97,97,900.0,False,False,96,0,0,0,1,0,97,97,900.0,False,False,96,0,0,0,1,0,97,97,900.0,False,False,False,False,B,D1: неполное покрытие суток (нарушение 0<C≤3000); D2: неполное покрытие суток (нарушение 0<C≤3000); D3: неполное покрытие суток (нарушение 0<C≤3000),D1: диагностический постоянный участок в окнах расчёта; D2: диагностический постоянный участок в окнах расчёта; D3: диагностический постоянный участок в окнах расчёта,D1: неполное покрытие суток (нарушение 0<C≤3000); D2: неполное покрытие суток (нарушение 0<C≤3000); D3: неполное покрытие суток (нарушение 0<C≤3000); D1: диагностический постоянный участок в окнах расчёта; D2: диагностический постоянный участок в окнах расчёта; D3: диагностический постоянный участок в окнах расчёта
2013-09-20,2013-09-19,2013-09-22,96,0,0,0,1,0,1,1,900.0,True,False,96,0,0,0,1,0,1,1,900.0,True,False,96,0,0,0,1,0,1,1,900.0,True,False,True,False,B,D1: неполное окружение ±12 ч (нарушение 0<C≤3000); D2: неполное окружение ±12 ч (нарушение 0<C≤3000); D3: неполное окружение ±12 ч (нарушение 0<C≤3000),D1: диагностический постоянный участок в окнах расчёта; D2: диагностический постоянный участок в окнах расчёта; D3: диагностический постоянный участок в окнах расчёта,D1: неполное окружение ±12 ч (нарушение 0<C≤3000); D2: неполное окружение ±12 ч (нарушение 0<C≤3000); D3: неполное окружение ±12 ч (нарушение 0<C≤3000); D1: диагностический постоянный участок в окнах расчёта; D2: диагностический постоянный участок в окнах расчёта; D3: диагностический постоянный участок в окнах расчёта
2013-09-21,2013-09-20,2013-09-23,96,0,0,0,0,0,0,0,900.0,True,True,96,0,0,0,0,0,0,0,900.0,True,True,96,0,0,0,0,0,0,0,900.0,True,True,True,True,A,,,Расчёт возможен по существующим правилам
2013-09-22,2013-09-21,2013-09-24,96,0,0,0,0,0,0,0,900.0,True,True,96,0,0,0,0,0,0,0,900.0,True,True,96,0,0,0,0,0,0,0,900.0,True,True,True,True,A,,,Расчёт возможен по существующим правилам
2013-09-23,2013-09-22,2013-09-25,96,0,0,0,0,0,0,0,900.0,True,True,96,0,0,0,0,0,0,0,900.0,True,True,96,0,0,0,0,0,0,0,900.0,True,True,True,True,A,,,Расчёт возможен по существующим правилам
2013-09-24,2013-09-23,2013-09-26,96,0,0,0,0,0,0,0,900.0,True,True,96,0,0,0,0,0,0,0,900.0,True,True,96,0,0,0,0,0,0,0,900.0,True,True,True,True,A,,,Расчёт возможен по существующим правилам
2013-09-25,2013-09-24,2013-09-27,96,6,6,0,0,0,0,0,900.0,True,True,96,6,6,0,0,0,0,0,900.0,True,True,96,6,6,0,0,0,0,0,900.0,True,True,True,True,C,,D1: повторные метки в трёхсуточном контексте; D2: повторные метки в трёхсуточном контексте; D3: повторные метки в трёхсуточном контексте,D1: повторные метки в трёхсуточном контексте; D2: повторные метки в трёхсуточном контексте; D3: повторные метки в трёхсуточном контексте
2013-09-26,2013-09-25,2013-09-28,99,6,12,0,0,0,0,0,900.0,False,False,99,6,12,0,0,0,0,0,900.0,False,False,99,6,12,0,0,0,0,0,900.0,False,False,False,False,B,D1: неполное покрытие суток; D2: неполное покрытие суток; D3: неполное покрытие суток,D1: повторные метки в трёхсуточном контексте; D2: повторные метки в трёхсуточном контексте; D3: повторные метки в трёхсуточном контексте,D1: неполное покрытие суток; D2: неполное покрытие суток; D3: неполное покрытие суток; D1: повторные метки в трёхсуточном контексте; D2: повторные метки в трёхсуточном контексте; D3: повторные метки в трёхсуточном контексте
2013-09-27,2013-09-26,2013-09-29,96,6,6,0,0,0,0,0,900.0,True,False,96,6,6,0,0,0,0,0,900.0,True,False,96,6,6,0,0,0,0,0,900.0,True,False,True,False,B,D1: неполное окружение ±12 ч; D2: неполное окружение ±12 ч; D3: неполное окружение ±12 ч,D1: повторные метки в трёхсуточном контексте; D2: повторные метки в трёхсуточном контексте; D3: повторные метки в трёхсуточном контексте,D1: неполное окружение ±12 ч; D2: неполное окружение ±12 ч; D3: неполное окружение ±12 ч; D1: повторные метки в трёхсуточном контексте; D2: повторные метки в трёхсуточном контексте; D3: повторные метки в трёхсуточном контексте
2013-09-28,2013-09-27,2013-09-30,96,0,0,0,0,0,0,0,900.0,True,True,96,0,0,0,0,0,0,0,900.0,True,True,96,0,0,0,0,0,0,0,900.0,True,True,True,True,A,,,Расчёт возможен по существующим правилам
2013-09-29,2013-09-28,2013-10-01,96,0,0,0,0,0,0,0,900.0,True,True,96,0,0,0,0,0,0,0,900.0,True,True,96,0,0,0,0,0,0,0,900.0,True,True,True,True,A,,,Расчёт возможен по существующим правилам
2013-09-30,2013-09-29,2013-10-01,96,0,0,0,0,0,0,0,900.0,False,False,96,0,0,0,0,0,0,0,900.0,False,False,96,0,0,0,0,0,0,0,900.0,False,False,False,False,B,D1: неполное покрытие суток (граница выбранного блока); D2: неполное покрытие суток (граница выбранного блока); D3: неполное покрытие суток (граница выбранного блока),,D1: неполное покрытие суток (граница выбранного блока); D2: неполное покрытие суток (граница выбранного блока); D3: неполное покрытие суток (граница выбранного блока)
