month,calendar_days,status,computed_days,technical_days,unresolved_context_days,D1_status,D1_valid_days,D1_median_concentration,D1_median_raw_amplitude,D1_reason,D2_status,D2_valid_days,D2_median_concentration,D2_median_raw_amplitude,D2_reason,D3_status,D3_valid_days,D3_median_concentration,D3_median_raw_amplitude,D3_reason
2013-09,20,fail,0,6,0,pass,19,332.266166,16.388645869447203,all_three_criteria_invariant_to_flagged_samples,pass,19,371.491341,9.028736539172915,all_three_criteria_invariant_to_flagged_samples,fail,19,379.939548,3.446717480817786,median_raw_amplitude_below_8
2013-10,31,fail,0,0,0,pass,31,342.1522195,17.24307340589966,all_three_criteria_invariant_to_flagged_samples,pass,31,363.906795,12.780388698747178,all_three_criteria_invariant_to_flagged_samples,fail,31,362.517035,5.3589881322625095,median_raw_amplitude_below_8
2013-11,30,fail,0,3,3,pass,30,359.8224665,15.414402569771418,all_three_criteria_invariant_to_flagged_samples,pass,30,376.0814425,12.868929734192335,all_three_criteria_invariant_to_flagged_samples,fail,30,370.99768625,5.909461651069178,median_raw_amplitude_below_8
2013-12,31,fail,0,2,1,pass,31,383.03346799999997,16.603828695401415,all_three_criteria_invariant_to_flagged_samples,pass,31,390.2089175,13.974373150484688,all_three_criteria_invariant_to_flagged_samples,fail,31,386.5367975,6.7385020806865725,median_raw_amplitude_below_8
2014-01,31,fail,0,5,4,pass,31,383.3190165,17.16027171851413,all_three_criteria_invariant_to_flagged_samples,pass,31,403.062776,14.18514975425077,all_three_criteria_invariant_to_flagged_samples,fail,31,410.32132049999996,6.584827358801099,median_raw_amplitude_below_8
2014-02,28,fail,0,1,1,pass,28,373.99078225,18.410045414173887,all_three_criteria_invariant_to_flagged_samples,pass,28,400.64681499999995,15.307842014497615,all_three_criteria_invariant_to_flagged_samples,fail,28,404.52051900000004,7.218022089428674,median_raw_amplitude_below_8
2014-03,31,pass,1,2,1,pass,31,359.173114,21.640014268948487,all_three_criteria_invariant_to_flagged_samples,pass,31,392.9857515,18.091994186119056,all_three_criteria_invariant_to_flagged_samples,pass,31,398.080257,8.637552193605542,all_three_criteria_invariant_to_flagged_samples
2014-04,30,pass,0,3,3,pass,24,349.086408,22.561773412079972,all_three_criteria_invariant_to_flagged_samples,pass,24,389.15984725,17.642503040634526,all_three_criteria_invariant_to_flagged_samples,pass,24,397.54919025000004,10.007065781694552,all_three_criteria_invariant_to_flagged_samples
2014-05,31,fail,0,0,0,fail,0,,,fewer_than_10_valid_days,fail,0,,,fewer_than_10_valid_days,fail,0,,,fewer_than_10_valid_days
2014-06,30,pass,0,0,0,pass,28,385.803616,34.260674778198094,all_three_criteria_invariant_to_flagged_samples,pass,28,426.994597,32.19641348188546,all_three_criteria_invariant_to_flagged_samples,pass,28,424.501288,17.329338935222246,all_three_criteria_invariant_to_flagged_samples
2014-07,31,pass,0,0,0,pass,14,378.71267775,34.55203047887789,all_three_criteria_invariant_to_flagged_samples,pass,14,398.2389375,27.131720919700655,all_three_criteria_invariant_to_flagged_samples,pass,14,406.90625925,14.65503260387138,all_three_criteria_invariant_to_flagged_samples
2014-08,31,pass,0,0,0,pass,31,362.807226,16.440830106709782,all_three_criteria_invariant_to_flagged_samples,pass,31,392.892326,21.279091050919558,all_three_criteria_invariant_to_flagged_samples,pass,31,391.528877,10.638428322215276,all_three_criteria_invariant_to_flagged_samples
2014-09,30,fail,0,3,3,pass,30,343.3508595,12.753037075751866,all_three_criteria_invariant_to_flagged_samples,pass,30,374.761064,10.405117929347968,all_three_criteria_invariant_to_flagged_samples,fail,30,372.35201374999997,6.293540417807391,median_raw_amplitude_below_8
2014-10,31,fail,0,3,2,pass,31,335.45007699999996,15.412319011888577,all_three_criteria_invariant_to_flagged_samples,pass,31,359.540717,8.481035230616982,all_three_criteria_invariant_to_flagged_samples,fail,31,355.6800255,3.8766467417690436,median_raw_amplitude_below_8
2014-11,30,fail,0,0,0,pass,30,350.89046575,15.868361392215325,all_three_criteria_invariant_to_flagged_samples,pass,30,359.55212125,14.144344573832225,all_three_criteria_invariant_to_flagged_samples,fail,30,351.27168,7.134611395284498,median_raw_amplitude_below_8
2014-12,31,fail,0,6,6,pass,31,377.2025905,14.621292196899907,all_three_criteria_invariant_to_flagged_samples,pass,31,376.254784,11.342095084053037,all_three_criteria_invariant_to_flagged_samples,fail,31,367.131756,4.453117396726947,median_raw_amplitude_below_8
2015-01,31,fail,0,0,0,pass,31,393.994379,16.942364049232488,all_three_criteria_invariant_to_flagged_samples,pass,31,408.14336449999996,11.394947690192208,all_three_criteria_invariant_to_flagged_samples,fail,31,411.107763,4.119449076873694,median_raw_amplitude_below_8
2015-02,28,fail,0,1,1,pass,28,180.77289674999997,32.18578542443614,all_three_criteria_invariant_to_flagged_samples,pass,28,111.180621,8.323819919028017,all_three_criteria_invariant_to_flagged_samples,fail,28,101.41028175,3.713742828001121,median_raw_amplitude_below_8
2015-03,31,pass,0,0,0,pass,31,359.09215600000005,38.91632855981177,all_three_criteria_invariant_to_flagged_samples,pass,31,336.9053745,30.999799526084242,all_three_criteria_invariant_to_flagged_samples,pass,31,304.6108325,10.325488902124334,all_three_criteria_invariant_to_flagged_samples
2015-04,30,pass,0,1,1,pass,30,382.00373249999996,32.59023688355856,all_three_criteria_invariant_to_flagged_samples,pass,30,391.66278600000004,31.118788820974125,all_three_criteria_invariant_to_flagged_samples,pass,30,385.22844875,13.79799238502472,all_three_criteria_invariant_to_flagged_samples
2015-05,31,fail,0,3,3,pass,31,289.0907125,37.521763676644994,all_three_criteria_invariant_to_flagged_samples,pass,31,232.5380215,27.05628394792682,all_three_criteria_invariant_to_flagged_samples,fail,31,168.431403,7.272890398794226,median_raw_amplitude_below_8
2015-06,30,fail,0,6,5,pass,30,113.89017125000001,30.340830145534927,all_three_criteria_invariant_to_flagged_samples,pass,30,120.63686200000001,13.459760672743993,all_three_criteria_invariant_to_flagged_samples,fail,30,99.47613100000001,7.685937120735963,median_concentration_outside_100_2000;median_raw_amplitude_below_8
2015-07,31,pass,0,2,2,pass,31,324.731612,22.79023341745334,all_three_criteria_invariant_to_flagged_samples,pass,31,294.23923349999995,22.954153308697375,all_three_criteria_invariant_to_flagged_samples,pass,31,254.169825,11.326069391708604,all_three_criteria_invariant_to_flagged_samples
2015-08,31,pass,0,4,4,pass,31,350.299581,14.358180853251417,all_three_criteria_invariant_to_flagged_samples,pass,31,354.93704,19.837635995010565,all_three_criteria_invariant_to_flagged_samples,pass,31,346.794386,10.920873077360593,all_three_criteria_invariant_to_flagged_samples
2015-09,30,pass,0,0,0,pass,30,358.5887515,8.973521262652941,all_three_criteria_invariant_to_flagged_samples,pass,30,360.5135025,14.314926197947697,all_three_criteria_invariant_to_flagged_samples,pass,30,348.7936475,8.26990739348759,all_three_criteria_invariant_to_flagged_samples
2015-10,31,fail,0,5,5,fail,31,363.2175845,6.671635805971569,median_raw_amplitude_below_8,pass,31,361.63953000000004,13.589486294669609,all_three_criteria_invariant_to_flagged_samples,pass,31,346.6795415,8.28292052212421,all_three_criteria_invariant_to_flagged_samples
2015-11,30,fail,0,1,1,pass,30,395.68504475000003,10.687314018519828,all_three_criteria_invariant_to_flagged_samples,pass,30,380.5290695,11.397903051777293,all_three_criteria_invariant_to_flagged_samples,fail,30,362.432344,5.570547321337296,median_raw_amplitude_below_8
2015-12,31,fail,0,1,0,pass,31,434.5978735,10.557249693487437,all_three_criteria_invariant_to_flagged_samples,pass,31,417.66473299999996,10.64447100780587,all_three_criteria_invariant_to_flagged_samples,fail,31,406.075104,5.935664628267445,median_raw_amplitude_below_8
2016-01,31,fail,0,2,2,pass,31,456.543668,12.551686638838124,all_three_criteria_invariant_to_flagged_samples,pass,31,444.198974,10.763422503147986,all_three_criteria_invariant_to_flagged_samples,fail,31,438.96722350000005,4.704976552468118,median_raw_amplitude_below_8
2016-02,29,fail,0,0,0,pass,29,435.883625,16.34713606664114,all_three_criteria_invariant_to_flagged_samples,pass,29,439.526348,10.696004063358679,all_three_criteria_invariant_to_flagged_samples,fail,29,447.3548765,5.681283446279197,median_raw_amplitude_below_8
2016-03,31,fail,0,0,0,fail,0,,,fewer_than_10_valid_days,fail,0,,,fewer_than_10_valid_days,fail,0,,,fewer_than_10_valid_days
2016-04,30,fail,0,0,0,fail,0,,,fewer_than_10_valid_days,fail,0,,,fewer_than_10_valid_days,fail,0,,,fewer_than_10_valid_days
2016-05,31,fail,0,0,0,fail,0,,,fewer_than_10_valid_days,fail,0,,,fewer_than_10_valid_days,fail,0,,,fewer_than_10_valid_days
2016-06,30,fail,0,0,0,fail,0,,,fewer_than_10_valid_days,fail,0,,,fewer_than_10_valid_days,fail,0,,,fewer_than_10_valid_days
2016-07,31,fail,0,0,0,fail,9,354.496161,18.121775777099906,fewer_than_10_valid_days,fail,9,401.3297905,11.732066685230986,fewer_than_10_valid_days,fail,9,396.657176,6.748387307203974,fewer_than_10_valid_days
2016-08,31,fail,0,0,0,pass,31,345.8075285,19.034378697983914,all_three_criteria_invariant_to_flagged_samples,pass,31,386.220489,12.956213018989114,all_three_criteria_invariant_to_flagged_samples,fail,31,381.524854,7.606135544024004,median_raw_amplitude_below_8
2016-09,30,fail,0,0,0,pass,30,362.123281,16.19318571171246,all_three_criteria_invariant_to_flagged_samples,pass,30,390.62493125000003,12.570803653518276,all_three_criteria_invariant_to_flagged_samples,fail,30,381.56889950000004,7.068746063808044,median_raw_amplitude_below_8
2016-10,31,fail,0,0,0,pass,27,371.3481625,16.331705054565788,all_three_criteria_invariant_to_flagged_samples,pass,27,398.41516,13.187764487729877,all_three_criteria_invariant_to_flagged_samples,fail,27,391.253002,7.918790136707218,median_raw_amplitude_below_8
2016-11,30,fail,0,0,0,fail,30,92.16315349999999,5.012992961497249,median_concentration_outside_100_2000;median_raw_amplitude_below_8,fail,30,109.7558445,3.8974214043974866,median_raw_amplitude_below_8,fail,30,101.50025600000001,2.9770286272651365,median_raw_amplitude_below_8
2016-12,31,fail,0,0,0,fail,31,103.144296,5.188154246664214,median_raw_amplitude_below_8,fail,31,125.880129,5.139166842814553,median_raw_amplitude_below_8,fail,31,115.6387115,4.602630241112478,median_raw_amplitude_below_8
2017-01,31,pass,0,0,0,pass,31,220.462584,25.603248995169892,all_three_criteria_invariant_to_flagged_samples,pass,31,193.157881,18.0453339103722,all_three_criteria_invariant_to_flagged_samples,pass,31,163.536665,10.961791143561868,all_three_criteria_invariant_to_flagged_samples
2017-02,28,pass,0,0,0,pass,28,381.91483200000005,26.344896436671846,all_three_criteria_invariant_to_flagged_samples,pass,28,347.07021525000005,24.689052986012424,all_three_criteria_invariant_to_flagged_samples,pass,28,302.18452249999996,9.663838443705359,all_three_criteria_invariant_to_flagged_samples
2017-03,31,pass,0,0,0,pass,31,400.573762,20.047425152811993,all_three_criteria_invariant_to_flagged_samples,pass,31,405.638501,25.69503334114991,all_three_criteria_invariant_to_flagged_samples,pass,31,398.0513165,13.890143160270547,all_three_criteria_invariant_to_flagged_samples
2017-04,30,pass,0,0,0,pass,30,420.3940055,13.014819882067698,all_three_criteria_invariant_to_flagged_samples,pass,30,430.74034900000004,19.20445311394726,all_three_criteria_invariant_to_flagged_samples,pass,30,422.5211465,11.483068149471864,all_three_criteria_invariant_to_flagged_samples
2017-05,31,pass,0,0,0,pass,31,329.24552,39.33339450994985,all_three_criteria_invariant_to_flagged_samples,pass,31,273.074697,30.530217135835024,all_three_criteria_invariant_to_flagged_samples,pass,31,254.997114,13.53105959894208,all_three_criteria_invariant_to_flagged_samples
2017-06,30,pass,0,0,0,pass,30,331.6912095,35.16699107102967,all_three_criteria_invariant_to_flagged_samples,pass,30,289.44786899999997,33.83665522180967,all_three_criteria_invariant_to_flagged_samples,pass,30,261.243763,17.47611236577693,all_three_criteria_invariant_to_flagged_samples
2017-07,31,pass,0,0,0,pass,31,309.5757405,31.28001665847174,all_three_criteria_invariant_to_flagged_samples,pass,31,262.396593,27.97192348306687,all_three_criteria_invariant_to_flagged_samples,pass,31,238.45904050000001,13.75204992860375,all_three_criteria_invariant_to_flagged_samples
2017-08,31,pass,0,0,0,pass,31,346.338209,28.31227527940893,all_three_criteria_invariant_to_flagged_samples,pass,31,304.6874365,29.144565226935,all_three_criteria_invariant_to_flagged_samples,pass,31,272.852462,16.382687148866573,all_three_criteria_invariant_to_flagged_samples
2017-09,30,pass,0,0,0,pass,17,451.25823,83.67654731511517,all_three_criteria_invariant_to_flagged_samples,pass,22,285.644661,25.049344186675285,all_three_criteria_invariant_to_flagged_samples,pass,22,257.283548,12.303790251535112,all_three_criteria_invariant_to_flagged_samples
2017-10,31,pass,0,0,0,pass,31,370.915906,25.583206986381203,all_three_criteria_invariant_to_flagged_samples,pass,31,334.0635205,24.35502593822936,all_three_criteria_invariant_to_flagged_samples,pass,31,319.9614395,12.212789078546859,all_three_criteria_invariant_to_flagged_samples
2017-11,30,pass,0,0,0,pass,25,418.17805,21.935180890783357,all_three_criteria_invariant_to_flagged_samples,pass,25,372.66223449999995,21.440156993476926,all_three_criteria_invariant_to_flagged_samples,pass,25,376.959518,10.168630961187162,all_three_criteria_invariant_to_flagged_samples
2017-12,31,pass,0,0,0,pass,20,458.3137275,17.133423650077795,all_three_criteria_invariant_to_flagged_samples,pass,20,390.900669,19.75115719825964,all_three_criteria_invariant_to_flagged_samples,pass,20,392.04588875,11.277239477906742,all_three_criteria_invariant_to_flagged_samples
2018-01,31,fail,0,1,1,pass,29,237.216123,24.216859722088007,all_three_criteria_invariant_to_flagged_samples,pass,29,199.454387,16.409176875402526,all_three_criteria_invariant_to_flagged_samples,fail,29,220.557674,6.958502785322876,median_raw_amplitude_below_8
2018-02,28,fail,0,3,3,pass,28,293.744151,33.533738203198865,all_three_criteria_invariant_to_flagged_samples,pass,28,229.1522185,21.023402519572052,all_three_criteria_invariant_to_flagged_samples,fail,28,223.4531675,7.25937405558207,median_raw_amplitude_below_8
2018-03,31,pass,1,3,2,pass,31,433.722393,28.633830841498266,all_three_criteria_invariant_to_flagged_samples,pass,31,376.208833,29.737823461033834,all_three_criteria_invariant_to_flagged_samples,pass,31,385.24760249999997,15.309099271580564,all_three_criteria_invariant_to_flagged_samples
2018-04,30,pass,3,9,6,pass,30,415.21529350000003,29.27488000373951,all_three_criteria_invariant_to_flagged_samples,pass,30,393.82684900000004,29.110916242687075,all_three_criteria_invariant_to_flagged_samples,pass,30,398.1508965,15.84680931096971,all_three_criteria_invariant_to_flagged_samples
2018-05,31,pass,0,5,5,pass,31,377.569151,37.784152657828,all_three_criteria_invariant_to_flagged_samples,pass,31,319.93857549999996,36.42420153748961,all_three_criteria_invariant_to_flagged_samples,pass,31,307.851049,19.5197151359352,all_three_criteria_invariant_to_flagged_samples
2018-06,30,pass,0,2,2,pass,30,403.7937285,27.64527915950206,all_three_criteria_invariant_to_flagged_samples,pass,30,366.10914149999996,26.574528438498575,all_three_criteria_invariant_to_flagged_samples,pass,30,380.146028,16.948000952534024,all_three_criteria_invariant_to_flagged_samples
2018-07,31,pass,2,3,1,pass,31,390.492686,27.651369402726484,all_three_criteria_invariant_to_flagged_samples,pass,31,357.08948150000003,25.59847196979852,all_three_criteria_invariant_to_flagged_samples,pass,31,341.095379,15.368432767297952,all_three_criteria_invariant_to_flagged_samples
2018-08,31,fail,0,11,3,pass,31,379.363759,19.05924408461016,all_three_criteria_invariant_to_flagged_samples,pass,31,376.7143965,11.516648972990987,all_three_criteria_invariant_to_flagged_samples,fail,31,368.57182,5.262964249057541,median_raw_amplitude_below_8
2018-09,30,pass,0,1,1,pass,30,333.0207745,29.50618461713253,all_three_criteria_invariant_to_flagged_samples,pass,30,248.41711775,24.952699059331373,all_three_criteria_invariant_to_flagged_samples,pass,30,233.801874,13.325434906599282,all_three_criteria_invariant_to_flagged_samples
2018-10,31,fail,0,1,1,pass,31,229.041751,24.489833604551773,all_three_criteria_invariant_to_flagged_samples,pass,31,191.3654725,13.004883629753648,all_three_criteria_invariant_to_flagged_samples,fail,31,197.593018,4.843209197184427,median_raw_amplitude_below_8
2018-11,30,fail,0,3,2,pass,23,219.4558225,18.870478304715075,all_three_criteria_invariant_to_flagged_samples,pass,23,170.399984,9.580005297628757,all_three_criteria_invariant_to_flagged_samples,fail,23,175.69314,2.3498350741925385,median_raw_amplitude_below_8
2018-12,31,fail,0,4,2,pass,31,234.43117949999998,17.90978669736556,all_three_criteria_invariant_to_flagged_samples,pass,31,172.314981,8.077767105922938,all_three_criteria_invariant_to_flagged_samples,fail,31,175.0419455,3.3801055521465013,median_raw_amplitude_below_8
2019-01,31,fail,0,0,0,pass,31,357.751584,25.533437433856015,all_three_criteria_invariant_to_flagged_samples,pass,31,271.512,18.095145580379175,all_three_criteria_invariant_to_flagged_samples,fail,31,289.8807115,6.990290300029368,median_raw_amplitude_below_8
2019-02,28,fail,0,1,1,pass,28,246.41906,22.082303044488462,all_three_criteria_invariant_to_flagged_samples,pass,28,184.01187175,11.250977070794157,all_three_criteria_invariant_to_flagged_samples,fail,28,201.17408025,3.6073939028076607,median_raw_amplitude_below_8
2019-03,31,pass,0,6,6,pass,31,451.49354900000003,29.525166829009226,all_three_criteria_invariant_to_flagged_samples,pass,31,359.1729735,26.92883569891655,all_three_criteria_invariant_to_flagged_samples,pass,31,345.04796150000004,14.054340051101944,all_three_criteria_invariant_to_flagged_samples
2019-04,30,pass,0,4,4,pass,30,450.01633949999996,23.522506542890362,all_three_criteria_invariant_to_flagged_samples,pass,30,377.9131665,24.080506243015392,all_three_criteria_invariant_to_flagged_samples,pass,30,387.56859475,12.772629435333274,all_three_criteria_invariant_to_flagged_samples
2019-05,31,pass,4,12,8,pass,31,429.2029775,37.1080789223056,all_three_criteria_invariant_to_flagged_samples,pass,31,335.50364049999996,29.7089066552763,all_three_criteria_invariant_to_flagged_samples,pass,31,330.00370350000003,13.638117475220781,all_three_criteria_invariant_to_flagged_samples
2019-06,30,pass,1,7,6,pass,30,436.808276,26.835667895224667,all_three_criteria_invariant_to_flagged_samples,pass,30,366.94405725,26.860696901281553,all_three_criteria_invariant_to_flagged_samples,pass,30,387.15112825,15.219389932857174,all_three_criteria_invariant_to_flagged_samples
2019-07,31,pass,0,1,1,pass,31,418.593852,47.492084332820916,all_three_criteria_invariant_to_flagged_samples,pass,31,321.7615475,25.57012491664981,all_three_criteria_invariant_to_flagged_samples,pass,31,333.971574,10.44776381398183,all_three_criteria_invariant_to_flagged_samples
2019-08,31,pass,2,2,0,pass,31,413.385129,38.6508211157283,all_three_criteria_invariant_to_flagged_samples,pass,31,315.526381,25.165594878224727,all_three_criteria_invariant_to_flagged_samples,pass,31,324.327639,10.810235687989676,all_three_criteria_invariant_to_flagged_samples
2019-09,30,pass,3,8,5,pass,30,446.24923075000004,24.535221212185967,all_three_criteria_invariant_to_flagged_samples,pass,30,345.46543375,22.65043528557603,all_three_criteria_invariant_to_flagged_samples,pass,30,360.0117,12.365658188966398,all_three_criteria_invariant_to_flagged_samples
2019-10,31,pass,0,2,2,pass,31,455.2525045,27.50497547619091,all_three_criteria_invariant_to_flagged_samples,pass,31,343.27854,21.074732685828653,all_three_criteria_invariant_to_flagged_samples,pass,31,350.379292,11.023618132874642,all_three_criteria_invariant_to_flagged_samples
2019-11,30,fail,0,4,3,pass,30,382.74512300000004,26.65542414136937,all_three_criteria_invariant_to_flagged_samples,pass,30,270.0412495,13.741322302837842,all_three_criteria_invariant_to_flagged_samples,fail,30,284.07820875000004,4.952648831200168,median_raw_amplitude_below_8
2019-12,31,fail,0,2,1,pass,31,492.9888645,24.38867243742682,all_three_criteria_invariant_to_flagged_samples,pass,31,342.703994,16.017452019647557,all_three_criteria_invariant_to_flagged_samples,fail,31,347.1084785,7.629882137802479,median_raw_amplitude_below_8
2020-01,31,fail,0,0,0,pass,31,428.0485075,33.61042836594044,all_three_criteria_invariant_to_flagged_samples,pass,31,298.383242,15.984971952822429,all_three_criteria_invariant_to_flagged_samples,fail,31,299.762112,6.40500698385001,median_raw_amplitude_below_8
2020-02,29,pass,4,7,3,pass,29,490.182082,40.00862422499428,all_three_criteria_invariant_to_flagged_samples,pass,29,341.187315,21.699882842170055,all_three_criteria_invariant_to_flagged_samples,pass,29,331.160428,9.065280178366468,all_three_criteria_invariant_to_flagged_samples
2020-03,31,pass,1,5,4,pass,31,520.5922290000001,27.75259828479591,all_three_criteria_invariant_to_flagged_samples,pass,31,381.831325,23.162665259506635,all_three_criteria_invariant_to_flagged_samples,pass,31,389.414698,12.926795701574122,all_three_criteria_invariant_to_flagged_samples
2020-04,30,pass,2,5,3,pass,30,507.07506725,24.78919222066365,all_three_criteria_invariant_to_flagged_samples,pass,30,382.4249135,22.976470317280878,all_three_criteria_invariant_to_flagged_samples,pass,30,392.87702724999997,12.609249970274181,all_three_criteria_invariant_to_flagged_samples
2020-05,31,pass,1,5,4,pass,31,522.583866,36.91266938897125,all_three_criteria_invariant_to_flagged_samples,pass,31,401.050234,30.06574364939359,all_three_criteria_invariant_to_flagged_samples,pass,31,413.65855550000003,15.559171918106255,all_three_criteria_invariant_to_flagged_samples
2020-06,30,pass,0,1,1,pass,30,498.889788,32.444438641589656,all_three_criteria_invariant_to_flagged_samples,pass,30,382.8845645,26.604939293052215,all_three_criteria_invariant_to_flagged_samples,pass,30,395.78397525,15.338348413661274,all_three_criteria_invariant_to_flagged_samples
2020-07,31,pass,0,1,1,pass,31,486.0292355,22.462219452958568,all_three_criteria_invariant_to_flagged_samples,pass,31,365.9214145,21.510948413731267,all_three_criteria_invariant_to_flagged_samples,pass,31,380.26093949999995,13.001391828039836,all_three_criteria_invariant_to_flagged_samples
2020-08,31,pass,0,3,3,pass,31,511.87628100000006,31.03666687523563,all_three_criteria_invariant_to_flagged_samples,pass,31,379.043099,25.781088163509693,all_three_criteria_invariant_to_flagged_samples,pass,31,397.304465,13.99022554704796,all_three_criteria_invariant_to_flagged_samples
2020-09,30,fail,0,17,0,fail,30,515.755463,2.6272959725543504e-15,median_raw_amplitude_below_8,fail,30,381.969156,1.1535299022734914e-14,median_raw_amplitude_below_8,fail,30,350.302788,4.032922540799921e-14,median_raw_amplitude_below_8
2020-10,31,fail,0,10,5,pass,31,482.128048,28.2809846092809,all_three_criteria_invariant_to_flagged_samples,pass,31,322.1675985,17.060735292497398,all_three_criteria_invariant_to_flagged_samples,fail,31,309.030704,7.226698025596496,median_raw_amplitude_below_8
2020-11,30,fail,0,4,3,pass,30,465.91898225,29.22185379377016,all_three_criteria_invariant_to_flagged_samples,pass,30,295.0741545,17.22692016349665,all_three_criteria_invariant_to_flagged_samples,fail,30,282.57305625000004,7.94426375247553,median_raw_amplitude_below_8
2020-12,31,fail,0,0,0,pass,31,445.29441199999997,37.447169711228895,all_three_criteria_invariant_to_flagged_samples,pass,31,280.78056949999996,18.034637006298926,all_three_criteria_invariant_to_flagged_samples,fail,31,276.1692825,6.147025849902552,median_raw_amplitude_below_8
2021-01,31,fail,0,2,2,pass,31,511.64101,35.150106368454445,all_three_criteria_invariant_to_flagged_samples,fail,4,355.170618,20.317881982052914,fewer_than_10_valid_days,pass,31,340.70478249999996,9.77485555432719,all_three_criteria_invariant_to_flagged_samples
2021-02,28,fail,0,0,0,pass,28,526.695629,32.91741337584364,all_three_criteria_invariant_to_flagged_samples,fail,0,,,fewer_than_10_valid_days,pass,28,361.0114615,10.688462524231042,all_three_criteria_invariant_to_flagged_samples
2021-03,31,fail,0,0,0,pass,31,506.88629149999997,35.10412050406028,all_three_criteria_invariant_to_flagged_samples,fail,0,,,fewer_than_10_valid_days,pass,31,345.875206,13.945847256101555,all_three_criteria_invariant_to_flagged_samples
2021-04,30,fail,0,0,0,pass,30,510.88867600000003,34.01648855896226,all_three_criteria_invariant_to_flagged_samples,fail,0,,,fewer_than_10_valid_days,pass,30,343.232572,14.600852940824518,all_three_criteria_invariant_to_flagged_samples
2021-05,31,fail,0,0,0,pass,31,511.55888200000004,33.35173704013039,all_three_criteria_invariant_to_flagged_samples,fail,0,,,fewer_than_10_valid_days,pass,31,343.500697,15.383361811689962,all_three_criteria_invariant_to_flagged_samples
2021-06,30,fail,0,0,0,pass,30,514.4231995,25.565705163914615,all_three_criteria_invariant_to_flagged_samples,fail,0,,,fewer_than_10_valid_days,pass,30,368.0931045,13.828365309954087,all_three_criteria_invariant_to_flagged_samples
2021-07,31,fail,0,0,0,pass,31,517.7634720000001,26.910794507044386,all_three_criteria_invariant_to_flagged_samples,fail,0,,,fewer_than_10_valid_days,pass,31,365.040553,12.522120095261888,all_three_criteria_invariant_to_flagged_samples
2021-08,31,fail,0,0,0,pass,31,518.436464,26.13656606334691,all_three_criteria_invariant_to_flagged_samples,fail,0,,,fewer_than_10_valid_days,pass,31,376.790956,13.592089232712162,all_three_criteria_invariant_to_flagged_samples
2021-09,30,fail,0,0,0,pass,30,513.1510735,29.088250264288877,all_three_criteria_invariant_to_flagged_samples,fail,0,,,fewer_than_10_valid_days,pass,27,357.855431,12.51361589960683,all_three_criteria_invariant_to_flagged_samples
2021-10,31,fail,0,0,0,pass,31,485.0771505,35.75833359872482,all_three_criteria_invariant_to_flagged_samples,fail,0,,,fewer_than_10_valid_days,fail,0,,,fewer_than_10_valid_days
2021-11,30,fail,0,0,0,pass,30,490.4556195,34.38585113892782,all_three_criteria_invariant_to_flagged_samples,fail,0,,,fewer_than_10_valid_days,fail,0,,,fewer_than_10_valid_days
2021-12,31,fail,0,0,0,pass,31,496.331867,35.383070453957416,all_three_criteria_invariant_to_flagged_samples,fail,0,,,fewer_than_10_valid_days,fail,0,,,fewer_than_10_valid_days
2022-01,31,fail,0,0,0,pass,31,511.77226699999994,40.91279157527098,all_three_criteria_invariant_to_flagged_samples,fail,0,,,fewer_than_10_valid_days,fail,0,,,fewer_than_10_valid_days
2022-02,28,fail,0,0,0,pass,28,545.6595580000001,44.14600249298841,all_three_criteria_invariant_to_flagged_samples,fail,0,,,fewer_than_10_valid_days,fail,0,,,fewer_than_10_valid_days
2022-03,31,fail,0,0,0,pass,31,552.036492,44.47120046629865,all_three_criteria_invariant_to_flagged_samples,fail,0,,,fewer_than_10_valid_days,fail,0,,,fewer_than_10_valid_days
2022-04,30,fail,0,0,0,pass,30,560.7415195000001,31.76314117867394,all_three_criteria_invariant_to_flagged_samples,fail,0,,,fewer_than_10_valid_days,fail,0,,,fewer_than_10_valid_days
2022-05,31,fail,0,0,0,pass,31,566.437316,29.952095484031677,all_three_criteria_invariant_to_flagged_samples,fail,0,,,fewer_than_10_valid_days,fail,0,,,fewer_than_10_valid_days
2022-06,30,fail,0,0,0,pass,30,572.420299,25.171553110577108,all_three_criteria_invariant_to_flagged_samples,fail,0,,,fewer_than_10_valid_days,fail,0,,,fewer_than_10_valid_days
2022-07,31,fail,0,0,0,pass,31,566.88056,42.146898762111014,all_three_criteria_invariant_to_flagged_samples,fail,0,,,fewer_than_10_valid_days,fail,0,,,fewer_than_10_valid_days
2022-08,31,fail,0,0,0,pass,31,583.732526,26.69384626443714,all_three_criteria_invariant_to_flagged_samples,fail,0,,,fewer_than_10_valid_days,fail,0,,,fewer_than_10_valid_days
2022-09,30,fail,0,0,0,pass,30,586.0906440000001,19.42914774393357,all_three_criteria_invariant_to_flagged_samples,fail,0,,,fewer_than_10_valid_days,fail,0,,,fewer_than_10_valid_days
2022-10,31,fail,0,0,0,pass,31,505.173779,44.51005296750157,all_three_criteria_invariant_to_flagged_samples,fail,0,,,fewer_than_10_valid_days,fail,0,,,fewer_than_10_valid_days
2022-11,30,fail,0,0,0,pass,30,618.0984854999999,31.99230068251908,all_three_criteria_invariant_to_flagged_samples,fail,0,,,fewer_than_10_valid_days,fail,0,,,fewer_than_10_valid_days
2022-12,31,fail,0,0,0,pass,31,645.3790585,15.996713227736329,all_three_criteria_invariant_to_flagged_samples,fail,0,,,fewer_than_10_valid_days,fail,0,,,fewer_than_10_valid_days
2023-01,31,fail,0,0,0,pass,31,649.4279225,15.965015140300135,all_three_criteria_invariant_to_flagged_samples,fail,0,,,fewer_than_10_valid_days,fail,0,,,fewer_than_10_valid_days
2023-02,28,fail,0,0,0,pass,28,512.5327785,47.40416389703093,all_three_criteria_invariant_to_flagged_samples,fail,0,,,fewer_than_10_valid_days,fail,0,,,fewer_than_10_valid_days
2023-03,31,fail,0,0,0,pass,31,632.15464,27.350789635365768,all_three_criteria_invariant_to_flagged_samples,fail,0,,,fewer_than_10_valid_days,fail,0,,,fewer_than_10_valid_days
2023-04,30,fail,0,0,0,pass,26,618.12042825,23.818582845972784,all_three_criteria_invariant_to_flagged_samples,fail,0,,,fewer_than_10_valid_days,fail,0,,,fewer_than_10_valid_days
2023-05,31,fail,0,0,0,pass,29,614.996211,27.960729645273336,all_three_criteria_invariant_to_flagged_samples,fail,0,,,fewer_than_10_valid_days,fail,0,,,fewer_than_10_valid_days
2023-06,30,fail,0,0,0,pass,17,603.1834205,28.636383747986972,all_three_criteria_invariant_to_flagged_samples,fail,0,,,fewer_than_10_valid_days,fail,0,,,fewer_than_10_valid_days
2023-07,31,fail,0,0,0,fail,0,,,fewer_than_10_valid_days,fail,0,,,fewer_than_10_valid_days,fail,0,,,fewer_than_10_valid_days
2023-08,31,fail,0,0,0,fail,0,,,fewer_than_10_valid_days,fail,0,,,fewer_than_10_valid_days,fail,0,,,fewer_than_10_valid_days
2023-09,30,fail,0,0,0,fail,0,,,fewer_than_10_valid_days,fail,0,,,fewer_than_10_valid_days,fail,0,,,fewer_than_10_valid_days
2023-10,31,fail,0,0,0,fail,0,,,fewer_than_10_valid_days,fail,0,,,fewer_than_10_valid_days,fail,0,,,fewer_than_10_valid_days
2023-11,30,fail,0,0,0,fail,0,,,fewer_than_10_valid_days,fail,0,,,fewer_than_10_valid_days,fail,0,,,fewer_than_10_valid_days
2023-12,31,fail,0,0,0,fail,0,,,fewer_than_10_valid_days,fail,0,,,fewer_than_10_valid_days,fail,0,,,fewer_than_10_valid_days
2024-01,31,fail,0,0,0,fail,0,,,fewer_than_10_valid_days,fail,0,,,fewer_than_10_valid_days,fail,0,,,fewer_than_10_valid_days
2024-02,29,fail,0,0,0,fail,0,,,fewer_than_10_valid_days,fail,0,,,fewer_than_10_valid_days,fail,0,,,fewer_than_10_valid_days
2024-03,31,fail,0,0,0,fail,0,,,fewer_than_10_valid_days,fail,0,,,fewer_than_10_valid_days,fail,0,,,fewer_than_10_valid_days
2024-04,30,fail,0,0,0,fail,0,,,fewer_than_10_valid_days,fail,0,,,fewer_than_10_valid_days,fail,0,,,fewer_than_10_valid_days
2024-05,31,fail,0,0,0,fail,0,,,fewer_than_10_valid_days,fail,0,,,fewer_than_10_valid_days,fail,0,,,fewer_than_10_valid_days
2024-06,30,fail,0,0,0,fail,0,,,fewer_than_10_valid_days,fail,0,,,fewer_than_10_valid_days,fail,0,,,fewer_than_10_valid_days
2024-07,31,fail,0,0,0,fail,0,,,fewer_than_10_valid_days,fail,0,,,fewer_than_10_valid_days,fail,0,,,fewer_than_10_valid_days
2024-08,31,fail,0,0,0,fail,0,,,fewer_than_10_valid_days,fail,0,,,fewer_than_10_valid_days,fail,0,,,fewer_than_10_valid_days
2024-09,30,fail,0,0,0,fail,0,,,fewer_than_10_valid_days,fail,0,,,fewer_than_10_valid_days,fail,0,,,fewer_than_10_valid_days
2024-10,31,fail,0,0,0,fail,0,,,fewer_than_10_valid_days,fail,0,,,fewer_than_10_valid_days,fail,0,,,fewer_than_10_valid_days
2024-11,30,fail,0,0,0,fail,0,,,fewer_than_10_valid_days,fail,0,,,fewer_than_10_valid_days,fail,0,,,fewer_than_10_valid_days
2024-12,31,fail,0,0,0,fail,0,,,fewer_than_10_valid_days,fail,0,,,fewer_than_10_valid_days,fail,0,,,fewer_than_10_valid_days
2025-01,31,fail,0,0,0,fail,0,,,fewer_than_10_valid_days,fail,0,,,fewer_than_10_valid_days,fail,0,,,fewer_than_10_valid_days
2025-02,28,fail,0,0,0,fail,0,,,fewer_than_10_valid_days,fail,0,,,fewer_than_10_valid_days,fail,0,,,fewer_than_10_valid_days
2025-03,31,fail,0,0,0,fail,0,,,fewer_than_10_valid_days,fail,0,,,fewer_than_10_valid_days,fail,0,,,fewer_than_10_valid_days
2025-04,30,fail,0,0,0,fail,0,,,fewer_than_10_valid_days,fail,0,,,fewer_than_10_valid_days,fail,0,,,fewer_than_10_valid_days
2025-05,31,fail,0,0,0,fail,0,,,fewer_than_10_valid_days,fail,0,,,fewer_than_10_valid_days,fail,0,,,fewer_than_10_valid_days
2025-06,30,fail,0,0,0,fail,0,,,fewer_than_10_valid_days,fail,0,,,fewer_than_10_valid_days,fail,0,,,fewer_than_10_valid_days
2025-07,31,fail,0,0,0,fail,0,,,fewer_than_10_valid_days,fail,0,,,fewer_than_10_valid_days,fail,0,,,fewer_than_10_valid_days
2025-08,31,fail,0,0,0,fail,0,,,fewer_than_10_valid_days,fail,0,,,fewer_than_10_valid_days,fail,0,,,fewer_than_10_valid_days
2025-09,30,fail,0,0,0,fail,0,,,fewer_than_10_valid_days,fail,0,,,fewer_than_10_valid_days,fail,0,,,fewer_than_10_valid_days
2025-10,31,fail,0,0,0,fail,0,,,fewer_than_10_valid_days,fail,0,,,fewer_than_10_valid_days,fail,0,,,fewer_than_10_valid_days
2025-11,30,fail,0,0,0,fail,0,,,fewer_than_10_valid_days,fail,0,,,fewer_than_10_valid_days,fail,0,,,fewer_than_10_valid_days
2025-12,31,fail,0,0,0,fail,0,,,fewer_than_10_valid_days,fail,0,,,fewer_than_10_valid_days,fail,0,,,fewer_than_10_valid_days
2026-01,31,fail,0,0,0,fail,0,,,fewer_than_10_valid_days,fail,0,,,fewer_than_10_valid_days,fail,0,,,fewer_than_10_valid_days
2026-02,28,fail,0,0,0,fail,0,,,fewer_than_10_valid_days,fail,0,,,fewer_than_10_valid_days,fail,0,,,fewer_than_10_valid_days
2026-03,31,fail,0,0,0,fail,0,,,fewer_than_10_valid_days,fail,0,,,fewer_than_10_valid_days,fail,0,,,fewer_than_10_valid_days
2026-04,30,fail,0,0,0,fail,0,,,fewer_than_10_valid_days,fail,0,,,fewer_than_10_valid_days,fail,0,,,fewer_than_10_valid_days
2026-05,31,fail,0,0,0,fail,0,,,fewer_than_10_valid_days,fail,0,,,fewer_than_10_valid_days,fail,0,,,fewer_than_10_valid_days
2026-06,30,fail,0,0,0,fail,0,,,fewer_than_10_valid_days,fail,0,,,fewer_than_10_valid_days,fail,0,,,fewer_than_10_valid_days
2026-07,31,fail,0,0,0,fail,0,,,fewer_than_10_valid_days,fail,0,,,fewer_than_10_valid_days,fail,0,,,fewer_than_10_valid_days
2026-08,31,fail,0,0,0,fail,0,,,fewer_than_10_valid_days,fail,0,,,fewer_than_10_valid_days,fail,0,,,fewer_than_10_valid_days
2026-09,30,fail,0,0,0,fail,0,,,fewer_than_10_valid_days,fail,0,,,fewer_than_10_valid_days,fail,0,,,fewer_than_10_valid_days
